market,segment,year,quarter,period_end_month,entity_name,market_value_t_dkk,market_total_t_dkk,market_share,source_market_share_pct,share_basis,value_unit,source_org,source_type,source_file,source_sheet,source_row
Forsikring,Skadeforsikring i alt,2025,1,3,Tryg,4629262.0,19854177.0,0.23316314697265625,23.316314697265625,Bruttopræmieindtægter,t.DKK,F&P,reported,kvartalsvise-markedsandele-1-2026.xlsx,Skadeforsikring i alt,5
Forsikring,Skadeforsikring i alt,2025,1,3,Topdanmark,3022480.0,19854177.0,0.1522339725494385,15.223397254943848,Bruttopræmieindtægter,t.DKK,F&P,reported,kvartalsvise-markedsandele-1-2026.xlsx,Skadeforsikring i alt,6
Forsikring,Skadeforsikring i alt,2025,1,3,Alm. Brand Group,3000531.0,19854177.0,0.15112845420837404,15.112845420837402,Bruttopræmieindtægter,t.DKK,F&P,reported,kvartalsvise-markedsandele-1-2026.xlsx,Skadeforsikring i alt,7
Forsikring,Skadeforsikring i alt,2025,1,3,Gjensidige Forsikring,1569709.0,19854177.0,0.07906190395355224,7.906190395355225,Bruttopræmieindtægter,t.DKK,F&P,reported,kvartalsvise-markedsandele-1-2026.xlsx,Skadeforsikring i alt,8
Forsikring,Skadeforsikring i alt,2025,1,3,If,1043731.0,19854177.0,0.0525698471069336,5.256984710693359,Bruttopræmieindtægter,t.DKK,F&P,reported,kvartalsvise-markedsandele-1-2026.xlsx,Skadeforsikring i alt,9
Forsikring,Skadeforsikring i alt,2025,1,3,LB Forsikring,990814.0,19854177.0,0.04990456581115723,4.990456581115723,Bruttopræmieindtægter,t.DKK,F&P,reported,kvartalsvise-markedsandele-1-2026.xlsx,Skadeforsikring i alt,10
Forsikring,Skadeforsikring i alt,2025,1,3,Sygeforsikringen Danmark,1010484.0,19854177.0,0.050895285606384275,5.089528560638428,Bruttopræmieindtægter,t.DKK,F&P,reported,kvartalsvise-markedsandele-1-2026.xlsx,Skadeforsikring i alt,11
Forsikring,Skadeforsikring i alt,2025,1,3,GF Forsikring A/S,942166.0,19854177.0,0.047454299926757815,4.745429992675781,Bruttopræmieindtægter,t.DKK,F&P,reported,kvartalsvise-markedsandele-1-2026.xlsx,Skadeforsikring i alt,12
Forsikring,Skadeforsikring i alt,2025,1,3,Danica,797355.0,19854177.0,0.040160570144653324,4.016057014465332,Bruttopræmieindtægter,t.DKK,F&P,reported,kvartalsvise-markedsandele-1-2026.xlsx,Skadeforsikring i alt,13
Forsikring,Skadeforsikring i alt,2025,1,3,Købstædernes Forsikring,380760.0,19854177.0,0.019177829027175904,1.9177829027175903,Bruttopræmieindtægter,t.DKK,F&P,reported,kvartalsvise-markedsandele-1-2026.xlsx,Skadeforsikring i alt,14
Forsikring,Skadeforsikring i alt,2025,1,3,PFA Pension,336817.0,19854177.0,0.01696454167366028,1.6964541673660278,Bruttopræmieindtægter,t.DKK,F&P,reported,kvartalsvise-markedsandele-1-2026.xlsx,Skadeforsikring i alt,15
Forsikring,Skadeforsikring i alt,2025,1,3,Protector Forsikring,294004.0,19854177.0,0.014808169603347777,1.4808169603347778,Bruttopræmieindtægter,t.DKK,F&P,reported,kvartalsvise-markedsandele-1-2026.xlsx,Skadeforsikring i alt,16
Forsikring,Skadeforsikring i alt,2025,1,3,"Nordea Pension, Livsforsikring A/S",214408.0,19854177.0,0.01079913854598999,1.079913854598999,Bruttopræmieindtægter,t.DKK,F&P,reported,kvartalsvise-markedsandele-1-2026.xlsx,Skadeforsikring i alt,17
Forsikring,Skadeforsikring i alt,2025,1,3,Forsia Forsikring A/S,199203.0,19854177.0,0.010033304691314698,1.0033304691314697,Bruttopræmieindtægter,t.DKK,F&P,reported,kvartalsvise-markedsandele-1-2026.xlsx,Skadeforsikring i alt,18
Forsikring,Skadeforsikring i alt,2025,1,3,Thisted Forsikring,135533.0,19854177.0,0.006826422810554504,0.6826422810554504,Bruttopræmieindtægter,t.DKK,F&P,reported,kvartalsvise-markedsandele-1-2026.xlsx,Skadeforsikring i alt,19
Forsikring,Skadeforsikring i alt,2025,1,3,Himmerland Forsikring,138915.0,19854177.0,0.006996764540672302,0.6996764540672302,Bruttopræmieindtægter,t.DKK,F&P,reported,kvartalsvise-markedsandele-1-2026.xlsx,Skadeforsikring i alt,20
Forsikring,Skadeforsikring i alt,2025,1,3,Vestjylland,126941.0,19854177.0,0.006393667459487915,0.6393667459487915,Bruttopræmieindtægter,t.DKK,F&P,reported,kvartalsvise-markedsandele-1-2026.xlsx,Skadeforsikring i alt,21
Forsikring,Skadeforsikring i alt,2025,1,3,HDI-Gerling Forsikring,125388.0,19854177.0,0.006315447092056274,0.6315447092056274,Bruttopræmieindtægter,t.DKK,F&P,reported,kvartalsvise-markedsandele-1-2026.xlsx,Skadeforsikring i alt,22
Forsikring,Skadeforsikring i alt,2025,1,3,Dansk Boligforsikring,110053.0,19854177.0,0.005543065667152405,0.5543065667152405,Bruttopræmieindtægter,t.DKK,F&P,reported,kvartalsvise-markedsandele-1-2026.xlsx,Skadeforsikring i alt,23
Forsikring,Skadeforsikring i alt,2025,1,3,Aros Forsikring,90992.0,19854177.0,0.004583015739917755,0.4583015739917755,Bruttopræmieindtægter,t.DKK,F&P,reported,kvartalsvise-markedsandele-1-2026.xlsx,Skadeforsikring i alt,24
Forsikring,Skadeforsikring i alt,2025,1,3,Lokal Forsikring,104264.0,19854177.0,0.005251489877700806,0.5251489877700806,Bruttopræmieindtægter,t.DKK,F&P,reported,kvartalsvise-markedsandele-1-2026.xlsx,Skadeforsikring i alt,25
Forsikring,Skadeforsikring i alt,2025,1,3,PensionDanmark,85823.0,19854177.0,0.004322667419910431,0.4322667419910431,Bruttopræmieindtægter,t.DKK,F&P,reported,kvartalsvise-markedsandele-1-2026.xlsx,Skadeforsikring i alt,26
Forsikring,Skadeforsikring i alt,2025,1,3,Popermo Forsikring,77071.0,19854177.0,0.003881853222846985,0.3881853222846985,Bruttopræmieindtægter,t.DKK,F&P,reported,kvartalsvise-markedsandele-1-2026.xlsx,Skadeforsikring i alt,27
Forsikring,Skadeforsikring i alt,2025,1,3,Spira Forsikring GS,50829.0,19854177.0,0.0025601163506507874,0.25601163506507874,Bruttopræmieindtægter,t.DKK,F&P,reported,kvartalsvise-markedsandele-1-2026.xlsx,Skadeforsikring i alt,28
Forsikring,Skadeforsikring i alt,2025,1,3,PenSam,49236.0,19854177.0,0.0024798813462257384,0.24798813462257385,Bruttopræmieindtægter,t.DKK,F&P,reported,kvartalsvise-markedsandele-1-2026.xlsx,Skadeforsikring i alt,29
Forsikring,Skadeforsikring i alt,2025,1,3,Bornholms Brandforsikring,43471.0,19854177.0,0.0021895141899585724,0.21895141899585724,Bruttopræmieindtægter,t.DKK,F&P,reported,kvartalsvise-markedsandele-1-2026.xlsx,Skadeforsikring i alt,30
Forsikring,Skadeforsikring i alt,2025,1,3,"AP Pension, Livsforsikringsaktieselskab",69208.0,19854177.0,0.0034858158230781557,0.34858158230781555,Bruttopræmieindtægter,t.DKK,F&P,reported,kvartalsvise-markedsandele-1-2026.xlsx,Skadeforsikring i alt,31
Forsikring,Skadeforsikring i alt,2025,1,3,Vejle Brand,42783.0,19854177.0,0.0021548615396022796,0.21548615396022797,Bruttopræmieindtægter,t.DKK,F&P,reported,kvartalsvise-markedsandele-1-2026.xlsx,Skadeforsikring i alt,32
Forsikring,Skadeforsikring i alt,2025,1,3,AXA Forsikring,61693.0,19854177.0,0.0031073060631752014,0.31073060631752014,Bruttopræmieindtægter,t.DKK,F&P,reported,kvartalsvise-markedsandele-1-2026.xlsx,Skadeforsikring i alt,33
Forsikring,Skadeforsikring i alt,2025,1,3,Storstrøm Forsikring G/S,30091.0,19854177.0,0.0015156005322933196,0.15156005322933197,Bruttopræmieindtægter,t.DKK,F&P,reported,kvartalsvise-markedsandele-1-2026.xlsx,Skadeforsikring i alt,34
Forsikring,Skadeforsikring i alt,2025,1,3,Norli Liv og Pension Livsforsikring A/S,29122.0,19854177.0,0.0014667947590351104,0.14667947590351105,Bruttopræmieindtægter,t.DKK,F&P,reported,kvartalsvise-markedsandele-1-2026.xlsx,Skadeforsikring i alt,35
Forsikring,Skadeforsikring i alt,2025,1,3,Forsikringsselskabet Nærsikring,19306.0,19854177.0,0.0009723898768424988,0.09723898768424988,Bruttopræmieindtægter,t.DKK,F&P,reported,kvartalsvise-markedsandele-1-2026.xlsx,Skadeforsikring i alt,36
Forsikring,Skadeforsikring i alt,2025,1,3,Ulykkesforsikringsforbundet for dansk Søfart,22.0,19854177.0,1.10807923192624e-06,0.000110807923192624,Bruttopræmieindtægter,t.DKK,F&P,reported,kvartalsvise-markedsandele-1-2026.xlsx,Skadeforsikring i alt,37
Forsikring,Skadeforsikring i alt,2025,1,3,Forsikringsselskabet Vendsyssel,17928.0,19854177.0,0.0009029838442802429,0.09029838442802429,Bruttopræmieindtægter,t.DKK,F&P,reported,kvartalsvise-markedsandele-1-2026.xlsx,Skadeforsikring i alt,38
Forsikring,Skadeforsikring i alt,2025,1,3,HF Forsikring,13784.0,19854177.0,0.0006942620128393174,0.06942620128393173,Bruttopræmieindtægter,t.DKK,F&P,reported,kvartalsvise-markedsandele-1-2026.xlsx,Skadeforsikring i alt,39
Forsikring,Skadeforsikring i alt,2025,2,6,Tryg,9296196.0,39782867.0,0.23367334365844727,23.367334365844727,Bruttopræmieindtægter,t.DKK,F&P,reported,kvartalsvise-markedsandele-1-2026.xlsx,Skadeforsikring i alt,5
Forsikring,Skadeforsikring i alt,2025,2,6,Topdanmark,6090236.0,39782867.0,0.15308690071105957,15.308690071105957,Bruttopræmieindtægter,t.DKK,F&P,reported,kvartalsvise-markedsandele-1-2026.xlsx,Skadeforsikring i alt,6
Forsikring,Skadeforsikring i alt,2025,2,6,Alm. Brand Group,5923310.0,39782867.0,0.14889097213745117,14.889097213745117,Bruttopræmieindtægter,t.DKK,F&P,reported,kvartalsvise-markedsandele-1-2026.xlsx,Skadeforsikring i alt,7
Forsikring,Skadeforsikring i alt,2025,2,6,Gjensidige Forsikring,3184332.0,39782867.0,0.08004280090332032,8.004280090332031,Bruttopræmieindtægter,t.DKK,F&P,reported,kvartalsvise-markedsandele-1-2026.xlsx,Skadeforsikring i alt,8
Forsikring,Skadeforsikring i alt,2025,2,6,If,2097388.0,39782867.0,0.05272088527679444,5.272088527679443,Bruttopræmieindtægter,t.DKK,F&P,reported,kvartalsvise-markedsandele-1-2026.xlsx,Skadeforsikring i alt,9
Forsikring,Skadeforsikring i alt,2025,2,6,LB Forsikring,2038855.0,39782867.0,0.05124957084655762,5.124957084655762,Bruttopræmieindtægter,t.DKK,F&P,reported,kvartalsvise-markedsandele-1-2026.xlsx,Skadeforsikring i alt,10
Forsikring,Skadeforsikring i alt,2025,2,6,Sygeforsikringen Danmark,2026206.0,39782867.0,0.05093162059783936,5.0931620597839355,Bruttopræmieindtægter,t.DKK,F&P,reported,kvartalsvise-markedsandele-1-2026.xlsx,Skadeforsikring i alt,11
Forsikring,Skadeforsikring i alt,2025,2,6,GF Forsikring A/S,1915092.0,39782867.0,0.048138608932495115,4.813860893249512,Bruttopræmieindtægter,t.DKK,F&P,reported,kvartalsvise-markedsandele-1-2026.xlsx,Skadeforsikring i alt,12
Forsikring,Skadeforsikring i alt,2025,2,6,Danica,1589460.0,39782867.0,0.03995337963104248,3.995337963104248,Bruttopræmieindtægter,t.DKK,F&P,reported,kvartalsvise-markedsandele-1-2026.xlsx,Skadeforsikring i alt,13
Forsikring,Skadeforsikring i alt,2025,2,6,Købstædernes Forsikring,770698.0,39782867.0,0.019372609853744508,1.9372609853744507,Bruttopræmieindtægter,t.DKK,F&P,reported,kvartalsvise-markedsandele-1-2026.xlsx,Skadeforsikring i alt,14
Forsikring,Skadeforsikring i alt,2025,2,6,PFA Pension,668212.0,39782867.0,0.0167964768409729,1.67964768409729,Bruttopræmieindtægter,t.DKK,F&P,reported,kvartalsvise-markedsandele-1-2026.xlsx,Skadeforsikring i alt,15
Forsikring,Skadeforsikring i alt,2025,2,6,Protector Forsikring,562071.0,39782867.0,0.01412846803665161,1.4128468036651611,Bruttopræmieindtægter,t.DKK,F&P,reported,kvartalsvise-markedsandele-1-2026.xlsx,Skadeforsikring i alt,16
Forsikring,Skadeforsikring i alt,2025,2,6,"Nordea Pension, Livsforsikring A/S",432709.0,39782867.0,0.01087676763534546,1.087676763534546,Bruttopræmieindtægter,t.DKK,F&P,reported,kvartalsvise-markedsandele-1-2026.xlsx,Skadeforsikring i alt,17
Forsikring,Skadeforsikring i alt,2025,2,6,Forsia Forsikring A/S,406414.0,39782867.0,0.01021580457687378,1.021580457687378,Bruttopræmieindtægter,t.DKK,F&P,reported,kvartalsvise-markedsandele-1-2026.xlsx,Skadeforsikring i alt,18
Forsikring,Skadeforsikring i alt,2025,2,6,Thisted Forsikring,277326.0,39782867.0,0.006970990896224976,0.6970990896224976,Bruttopræmieindtægter,t.DKK,F&P,reported,kvartalsvise-markedsandele-1-2026.xlsx,Skadeforsikring i alt,19
Forsikring,Skadeforsikring i alt,2025,2,6,Himmerland Forsikring,273139.0,39782867.0,0.0068657445907592774,0.6865744590759277,Bruttopræmieindtægter,t.DKK,F&P,reported,kvartalsvise-markedsandele-1-2026.xlsx,Skadeforsikring i alt,20
Forsikring,Skadeforsikring i alt,2025,2,6,Vestjylland,260351.0,39782867.0,0.0065442991256713864,0.6544299125671387,Bruttopræmieindtægter,t.DKK,F&P,reported,kvartalsvise-markedsandele-1-2026.xlsx,Skadeforsikring i alt,21
Forsikring,Skadeforsikring i alt,2025,2,6,HDI-Gerling Forsikring,239342.0,39782867.0,0.006016207933425903,0.6016207933425903,Bruttopræmieindtægter,t.DKK,F&P,reported,kvartalsvise-markedsandele-1-2026.xlsx,Skadeforsikring i alt,22
Forsikring,Skadeforsikring i alt,2025,2,6,Dansk Boligforsikring,221617.0,39782867.0,0.005570664405822754,0.5570664405822754,Bruttopræmieindtægter,t.DKK,F&P,reported,kvartalsvise-markedsandele-1-2026.xlsx,Skadeforsikring i alt,23
Forsikring,Skadeforsikring i alt,2025,2,6,Aros Forsikring,188931.0,39782867.0,0.004749054312705994,0.47490543127059937,Bruttopræmieindtægter,t.DKK,F&P,reported,kvartalsvise-markedsandele-1-2026.xlsx,Skadeforsikring i alt,24
Forsikring,Skadeforsikring i alt,2025,2,6,Lokal Forsikring,176974.0,39782867.0,0.004448497891426087,0.44484978914260864,Bruttopræmieindtægter,t.DKK,F&P,reported,kvartalsvise-markedsandele-1-2026.xlsx,Skadeforsikring i alt,25
Forsikring,Skadeforsikring i alt,2025,2,6,PensionDanmark,172252.0,39782867.0,0.004329803586006165,0.43298035860061646,Bruttopræmieindtægter,t.DKK,F&P,reported,kvartalsvise-markedsandele-1-2026.xlsx,Skadeforsikring i alt,26
Forsikring,Skadeforsikring i alt,2025,2,6,Popermo Forsikring,157377.0,39782867.0,0.003955898880958557,0.3955898880958557,Bruttopræmieindtægter,t.DKK,F&P,reported,kvartalsvise-markedsandele-1-2026.xlsx,Skadeforsikring i alt,27
Forsikring,Skadeforsikring i alt,2025,2,6,Spira Forsikring GS,104769.0,39782867.0,0.0026335206627845762,0.26335206627845764,Bruttopræmieindtægter,t.DKK,F&P,reported,kvartalsvise-markedsandele-1-2026.xlsx,Skadeforsikring i alt,28
Forsikring,Skadeforsikring i alt,2025,2,6,PenSam,98943.0,39782867.0,0.0024870756268501283,0.24870756268501282,Bruttopræmieindtægter,t.DKK,F&P,reported,kvartalsvise-markedsandele-1-2026.xlsx,Skadeforsikring i alt,29
Forsikring,Skadeforsikring i alt,2025,2,6,Bornholms Brandforsikring,88222.0,39782867.0,0.0022175876796245576,0.22175876796245575,Bruttopræmieindtægter,t.DKK,F&P,reported,kvartalsvise-markedsandele-1-2026.xlsx,Skadeforsikring i alt,30
Forsikring,Skadeforsikring i alt,2025,2,6,"AP Pension, Livsforsikringsaktieselskab",87688.0,39782867.0,0.0022041648626327515,0.22041648626327515,Bruttopræmieindtægter,t.DKK,F&P,reported,kvartalsvise-markedsandele-1-2026.xlsx,Skadeforsikring i alt,31
Forsikring,Skadeforsikring i alt,2025,2,6,Vejle Brand,87233.0,39782867.0,0.0021927277743816376,0.21927277743816376,Bruttopræmieindtægter,t.DKK,F&P,reported,kvartalsvise-markedsandele-1-2026.xlsx,Skadeforsikring i alt,32
Forsikring,Skadeforsikring i alt,2025,2,6,AXA Forsikring,77995.0,39782867.0,0.001960517317056656,0.1960517317056656,Bruttopræmieindtægter,t.DKK,F&P,reported,kvartalsvise-markedsandele-1-2026.xlsx,Skadeforsikring i alt,33
Forsikring,Skadeforsikring i alt,2025,2,6,Storstrøm Forsikring G/S,59989.0,39782867.0,0.0015079103410243987,0.15079103410243988,Bruttopræmieindtægter,t.DKK,F&P,reported,kvartalsvise-markedsandele-1-2026.xlsx,Skadeforsikring i alt,34
Forsikring,Skadeforsikring i alt,2025,2,6,Norli Liv og Pension Livsforsikring A/S,59021.0,39782867.0,0.001483578234910965,0.1483578234910965,Bruttopræmieindtægter,t.DKK,F&P,reported,kvartalsvise-markedsandele-1-2026.xlsx,Skadeforsikring i alt,35
Forsikring,Skadeforsikring i alt,2025,2,6,Forsikringsselskabet Nærsikring,44113.0,39782867.0,0.001108844131231308,0.1108844131231308,Bruttopræmieindtægter,t.DKK,F&P,reported,kvartalsvise-markedsandele-1-2026.xlsx,Skadeforsikring i alt,36
Forsikring,Skadeforsikring i alt,2025,2,6,Ulykkesforsikringsforbundet for dansk Søfart,41867.0,39782867.0,0.0010523876547813415,0.10523876547813416,Bruttopræmieindtægter,t.DKK,F&P,reported,kvartalsvise-markedsandele-1-2026.xlsx,Skadeforsikring i alt,37
Forsikring,Skadeforsikring i alt,2025,2,6,Forsikringsselskabet Vendsyssel,36309.0,39782867.0,0.0009126792848110199,0.09126792848110199,Bruttopræmieindtægter,t.DKK,F&P,reported,kvartalsvise-markedsandele-1-2026.xlsx,Skadeforsikring i alt,38
Forsikring,Skadeforsikring i alt,2025,2,6,HF Forsikring,28230.0,39782867.0,0.0007096019387245178,0.07096019387245178,Bruttopræmieindtægter,t.DKK,F&P,reported,kvartalsvise-markedsandele-1-2026.xlsx,Skadeforsikring i alt,39
Forsikring,Skadeforsikring i alt,2024,1,3,Tryg,4471357.0,19046514.0,0.2347598648071289,23.47598648071289,Bruttopræmieindtægter,t.DKK,F&P,reported,kvartalsvise-markedsandele-1-2026.xlsx,Skadeforsikring i alt,44
Forsikring,Skadeforsikring i alt,2024,1,3,Alm. Brand Group,3022786.0,19046514.0,0.158705472946167,15.8705472946167,Bruttopræmieindtægter,t.DKK,F&P,reported,kvartalsvise-markedsandele-1-2026.xlsx,Skadeforsikring i alt,45
Forsikring,Skadeforsikring i alt,2024,1,3,Topdanmark,2892434.0,19046514.0,0.15186159133911134,15.186159133911133,Bruttopræmieindtægter,t.DKK,F&P,reported,kvartalsvise-markedsandele-1-2026.xlsx,Skadeforsikring i alt,46
Forsikring,Skadeforsikring i alt,2024,1,3,Gjensidige Forsikring,1456781.0,19046514.0,0.07648543834686279,7.648543834686279,Bruttopræmieindtægter,t.DKK,F&P,reported,kvartalsvise-markedsandele-1-2026.xlsx,Skadeforsikring i alt,47
Forsikring,Skadeforsikring i alt,2024,1,3,If,1018982.0,19046514.0,0.05349966049194336,5.349966049194336,Bruttopræmieindtægter,t.DKK,F&P,reported,kvartalsvise-markedsandele-1-2026.xlsx,Skadeforsikring i alt,48
Forsikring,Skadeforsikring i alt,2024,1,3,Sygeforsikringen Danmark,975272.0,19046514.0,0.0512047529220581,5.1204752922058105,Bruttopræmieindtægter,t.DKK,F&P,reported,kvartalsvise-markedsandele-1-2026.xlsx,Skadeforsikring i alt,49
Forsikring,Skadeforsikring i alt,2024,1,3,LB Forsikring,902207.0,19046514.0,0.047368617057800294,4.736861705780029,Bruttopræmieindtægter,t.DKK,F&P,reported,kvartalsvise-markedsandele-1-2026.xlsx,Skadeforsikring i alt,50
Forsikring,Skadeforsikring i alt,2024,1,3,GF Forsikring A/S,829302.0,19046514.0,0.04354088306427002,4.354088306427002,Bruttopræmieindtægter,t.DKK,F&P,reported,kvartalsvise-markedsandele-1-2026.xlsx,Skadeforsikring i alt,51
Forsikring,Skadeforsikring i alt,2024,1,3,Danica,728526.0,19046514.0,0.038249833583831785,3.8249833583831787,Bruttopræmieindtægter,t.DKK,F&P,reported,kvartalsvise-markedsandele-1-2026.xlsx,Skadeforsikring i alt,52
Forsikring,Skadeforsikring i alt,2024,1,3,Købstædernes Forsikring,363194.0,19046514.0,0.01906879186630249,1.906879186630249,Bruttopræmieindtægter,t.DKK,F&P,reported,kvartalsvise-markedsandele-1-2026.xlsx,Skadeforsikring i alt,53
Forsikring,Skadeforsikring i alt,2024,1,3,PFA Pension,428196.0,19046514.0,0.02248159408569336,2.248159408569336,Bruttopræmieindtægter,t.DKK,F&P,reported,kvartalsvise-markedsandele-1-2026.xlsx,Skadeforsikring i alt,54
Forsikring,Skadeforsikring i alt,2024,1,3,Protector Forsikring,251106.0,19046514.0,0.01318382978439331,1.318382978439331,Bruttopræmieindtægter,t.DKK,F&P,reported,kvartalsvise-markedsandele-1-2026.xlsx,Skadeforsikring i alt,55
Forsikring,Skadeforsikring i alt,2024,1,3,"Nordea Pension, Livsforsikring A/S",208925.0,19046514.0,0.010969198942184448,1.0969198942184448,Bruttopræmieindtægter,t.DKK,F&P,reported,kvartalsvise-markedsandele-1-2026.xlsx,Skadeforsikring i alt,56
Forsikring,Skadeforsikring i alt,2024,1,3,Forsia Forsikring A/S,158837.0,19046514.0,0.008339426517486571,0.8339426517486572,Bruttopræmieindtægter,t.DKK,F&P,reported,kvartalsvise-markedsandele-1-2026.xlsx,Skadeforsikring i alt,57
Forsikring,Skadeforsikring i alt,2024,1,3,Himmerland Forsikring,129669.0,19046514.0,0.006808017492294312,0.6808017492294312,Bruttopræmieindtægter,t.DKK,F&P,reported,kvartalsvise-markedsandele-1-2026.xlsx,Skadeforsikring i alt,58
Forsikring,Skadeforsikring i alt,2024,1,3,Thisted Forsikring,124673.0,19046514.0,0.006545712351799011,0.6545712351799011,Bruttopræmieindtægter,t.DKK,F&P,reported,kvartalsvise-markedsandele-1-2026.xlsx,Skadeforsikring i alt,59
Forsikring,Skadeforsikring i alt,2024,1,3,Vestjylland,112009.0,19046514.0,0.005880813598632812,0.5880813598632812,Bruttopræmieindtægter,t.DKK,F&P,reported,kvartalsvise-markedsandele-1-2026.xlsx,Skadeforsikring i alt,60
Forsikring,Skadeforsikring i alt,2024,1,3,HDI-Gerling Forsikring,91418.0,19046514.0,0.004799723327159881,0.47997233271598816,Bruttopræmieindtægter,t.DKK,F&P,reported,kvartalsvise-markedsandele-1-2026.xlsx,Skadeforsikring i alt,61
Forsikring,Skadeforsikring i alt,2024,1,3,Dansk Boligforsikring,96574.0,19046514.0,0.0050704294443130495,0.5070429444313049,Bruttopræmieindtægter,t.DKK,F&P,reported,kvartalsvise-markedsandele-1-2026.xlsx,Skadeforsikring i alt,62
Forsikring,Skadeforsikring i alt,2024,1,3,Lokal Forsikring,94622.0,19046514.0,0.004967943131923676,0.49679431319236755,Bruttopræmieindtægter,t.DKK,F&P,reported,kvartalsvise-markedsandele-1-2026.xlsx,Skadeforsikring i alt,63
Forsikring,Skadeforsikring i alt,2024,1,3,PensionDanmark,81489.0,19046514.0,0.004278420805931092,0.42784208059310913,Bruttopræmieindtægter,t.DKK,F&P,reported,kvartalsvise-markedsandele-1-2026.xlsx,Skadeforsikring i alt,64
Forsikring,Skadeforsikring i alt,2024,1,3,Aros Forsikring,77192.0,19046514.0,0.004052815139293671,0.40528151392936707,Bruttopræmieindtægter,t.DKK,F&P,reported,kvartalsvise-markedsandele-1-2026.xlsx,Skadeforsikring i alt,65
Forsikring,Skadeforsikring i alt,2024,1,3,Popermo Forsikring,70692.0,19046514.0,0.003711545467376709,0.3711545467376709,Bruttopræmieindtægter,t.DKK,F&P,reported,kvartalsvise-markedsandele-1-2026.xlsx,Skadeforsikring i alt,66
Forsikring,Skadeforsikring i alt,2024,1,3,PenSam,55994.0,19046514.0,0.0029398554563522337,0.2939855456352234,Bruttopræmieindtægter,t.DKK,F&P,reported,kvartalsvise-markedsandele-1-2026.xlsx,Skadeforsikring i alt,67
Forsikring,Skadeforsikring i alt,2024,1,3,Gartnernes Forsikring,45296.0,19046514.0,0.0023781779408454896,0.23781779408454895,Bruttopræmieindtægter,t.DKK,F&P,reported,kvartalsvise-markedsandele-1-2026.xlsx,Skadeforsikring i alt,68
Forsikring,Skadeforsikring i alt,2024,1,3,ETU Forsikring,51545.0,19046514.0,0.00270626962184906,0.270626962184906,Bruttopræmieindtægter,t.DKK,F&P,reported,kvartalsvise-markedsandele-1-2026.xlsx,Skadeforsikring i alt,69
Forsikring,Skadeforsikring i alt,2024,1,3,Bornholms Brandforsikring,40984.0,19046514.0,0.002151784896850586,0.2151784896850586,Bruttopræmieindtægter,t.DKK,F&P,reported,kvartalsvise-markedsandele-1-2026.xlsx,Skadeforsikring i alt,70
Forsikring,Skadeforsikring i alt,2024,1,3,Vejle Brand,38167.0,19046514.0,0.0020038837194442747,0.2003883719444275,Bruttopræmieindtægter,t.DKK,F&P,reported,kvartalsvise-markedsandele-1-2026.xlsx,Skadeforsikring i alt,71
Forsikring,Skadeforsikring i alt,2024,1,3,"AP Pension, Livsforsikringsaktieselskab",66382.0,19046514.0,0.00348525732755661,0.348525732755661,Bruttopræmieindtægter,t.DKK,F&P,reported,kvartalsvise-markedsandele-1-2026.xlsx,Skadeforsikring i alt,72
Forsikring,Skadeforsikring i alt,2024,1,3,Norli Liv og Pension Livsforsikring A/S,29548.0,19046514.0,0.0015513600409030914,0.15513600409030914,Bruttopræmieindtægter,t.DKK,F&P,reported,kvartalsvise-markedsandele-1-2026.xlsx,Skadeforsikring i alt,74
Forsikring,Skadeforsikring i alt,2024,1,3,AXA Forsikring,62685.0,19046514.0,0.003291153311729431,0.3291153311729431,Bruttopræmieindtægter,t.DKK,F&P,reported,kvartalsvise-markedsandele-1-2026.xlsx,Skadeforsikring i alt,75
Forsikring,Skadeforsikring i alt,2024,1,3,Ulykkesforsikringsforbundet for dansk Søfart,250.0,19046514.0,1.3125761179253458e-05,0.001312576117925346,Bruttopræmieindtægter,t.DKK,F&P,reported,kvartalsvise-markedsandele-1-2026.xlsx,Skadeforsikring i alt,76
Forsikring,Skadeforsikring i alt,2024,1,3,Forsikringsselskabet Nærsikring,19204.0,19046514.0,0.0010082685202360154,0.10082685202360153,Bruttopræmieindtægter,t.DKK,F&P,reported,kvartalsvise-markedsandele-1-2026.xlsx,Skadeforsikring i alt,77
Forsikring,Skadeforsikring i alt,2024,1,3,Forsikringsselskabet Vendsyssel,16656.0,19046514.0,0.0008744907379150391,0.0874490737915039,Bruttopræmieindtægter,t.DKK,F&P,reported,kvartalsvise-markedsandele-1-2026.xlsx,Skadeforsikring i alt,78
Forsikring,Skadeforsikring i alt,2024,1,3,HF Forsikring,12614.0,19046514.0,0.0006622733920812607,0.06622733920812607,Bruttopræmieindtægter,t.DKK,F&P,reported,kvartalsvise-markedsandele-1-2026.xlsx,Skadeforsikring i alt,79
Forsikring,Skadeforsikring i alt,2024,1,3,Fiskernes Forsikring,19115.0,19046514.0,0.0010035957396030426,0.10035957396030426,Bruttopræmieindtægter,t.DKK,F&P,reported,kvartalsvise-markedsandele-1-2026.xlsx,Skadeforsikring i alt,80
Forsikring,Skadeforsikring i alt,2024,1,3,Dansk Musiker Forbund Forsikring,1831.0,19046514.0,9.613308124244213e-05,0.009613308124244213,Bruttopræmieindtægter,t.DKK,F&P,reported,kvartalsvise-markedsandele-1-2026.xlsx,Skadeforsikring i alt,81
Forsikring,Skadeforsikring i alt,2024,2,6,Tryg,9042037.0,37999659.0,0.23795047760009766,23.795047760009766,Bruttopræmieindtægter,t.DKK,F&P,reported,kvartalsvise-markedsandele-1-2026.xlsx,Skadeforsikring i alt,44
Forsikring,Skadeforsikring i alt,2024,2,6,Alm. Brand Group,6007522.0,37999659.0,0.15809410095214843,15.809410095214844,Bruttopræmieindtægter,t.DKK,F&P,reported,kvartalsvise-markedsandele-1-2026.xlsx,Skadeforsikring i alt,45
Forsikring,Skadeforsikring i alt,2024,2,6,Topdanmark,5785973.0,37999659.0,0.15226381301879882,15.226381301879883,Bruttopræmieindtægter,t.DKK,F&P,reported,kvartalsvise-markedsandele-1-2026.xlsx,Skadeforsikring i alt,46
Forsikring,Skadeforsikring i alt,2024,2,6,Gjensidige Forsikring,2926557.0,37999659.0,0.07701534748077393,7.701534748077393,Bruttopræmieindtægter,t.DKK,F&P,reported,kvartalsvise-markedsandele-1-2026.xlsx,Skadeforsikring i alt,47
Forsikring,Skadeforsikring i alt,2024,2,6,If,2045031.0,37999659.0,0.0538170862197876,5.38170862197876,Bruttopræmieindtægter,t.DKK,F&P,reported,kvartalsvise-markedsandele-1-2026.xlsx,Skadeforsikring i alt,48
Forsikring,Skadeforsikring i alt,2024,2,6,Sygeforsikringen Danmark,1955454.0,37999659.0,0.0514597749710083,5.14597749710083,Bruttopræmieindtægter,t.DKK,F&P,reported,kvartalsvise-markedsandele-1-2026.xlsx,Skadeforsikring i alt,49
Forsikring,Skadeforsikring i alt,2024,2,6,LB Forsikring,1778953.0,37999659.0,0.04681497097015381,4.681497097015381,Bruttopræmieindtægter,t.DKK,F&P,reported,kvartalsvise-markedsandele-1-2026.xlsx,Skadeforsikring i alt,50
Forsikring,Skadeforsikring i alt,2024,2,6,GF Forsikring A/S,1681788.0,37999659.0,0.04425797462463379,4.425797462463379,Bruttopræmieindtægter,t.DKK,F&P,reported,kvartalsvise-markedsandele-1-2026.xlsx,Skadeforsikring i alt,51
Forsikring,Skadeforsikring i alt,2024,2,6,Danica,1408305.0,37999659.0,0.03706099033355713,3.706099033355713,Bruttopræmieindtægter,t.DKK,F&P,reported,kvartalsvise-markedsandele-1-2026.xlsx,Skadeforsikring i alt,52
Forsikring,Skadeforsikring i alt,2024,2,6,Købstædernes Forsikring,728653.0,37999659.0,0.01917525053024292,1.917525053024292,Bruttopræmieindtægter,t.DKK,F&P,reported,kvartalsvise-markedsandele-1-2026.xlsx,Skadeforsikring i alt,53
Forsikring,Skadeforsikring i alt,2024,2,6,PFA Pension,683740.0,37999659.0,0.017993319034576415,1.7993319034576416,Bruttopræmieindtægter,t.DKK,F&P,reported,kvartalsvise-markedsandele-1-2026.xlsx,Skadeforsikring i alt,54
Forsikring,Skadeforsikring i alt,2024,2,6,Protector Forsikring,505259.0,37999659.0,0.013296408653259277,1.3296408653259277,Bruttopræmieindtægter,t.DKK,F&P,reported,kvartalsvise-markedsandele-1-2026.xlsx,Skadeforsikring i alt,55
Forsikring,Skadeforsikring i alt,2024,2,6,"Nordea Pension, Livsforsikring A/S",419333.0,37999659.0,0.011035177707672119,1.103517770767212,Bruttopræmieindtægter,t.DKK,F&P,reported,kvartalsvise-markedsandele-1-2026.xlsx,Skadeforsikring i alt,56
Forsikring,Skadeforsikring i alt,2024,2,6,Forsia Forsikring A/S,320119.0,37999659.0,0.008424259424209594,0.8424259424209595,Bruttopræmieindtægter,t.DKK,F&P,reported,kvartalsvise-markedsandele-1-2026.xlsx,Skadeforsikring i alt,57
Forsikring,Skadeforsikring i alt,2024,2,6,Himmerland Forsikring,252319.0,37999659.0,0.006640033125877381,0.664003312587738,Bruttopræmieindtægter,t.DKK,F&P,reported,kvartalsvise-markedsandele-1-2026.xlsx,Skadeforsikring i alt,58
Forsikring,Skadeforsikring i alt,2024,2,6,Thisted Forsikring,252011.0,37999659.0,0.006631927490234375,0.6631927490234375,Bruttopræmieindtægter,t.DKK,F&P,reported,kvartalsvise-markedsandele-1-2026.xlsx,Skadeforsikring i alt,59
Forsikring,Skadeforsikring i alt,2024,2,6,Vestjylland,228185.0,37999659.0,0.006004922389984131,0.6004922389984131,Bruttopræmieindtægter,t.DKK,F&P,reported,kvartalsvise-markedsandele-1-2026.xlsx,Skadeforsikring i alt,60
Forsikring,Skadeforsikring i alt,2024,2,6,HDI-Gerling Forsikring,197977.0,37999659.0,0.005209967494010925,0.5209967494010925,Bruttopræmieindtægter,t.DKK,F&P,reported,kvartalsvise-markedsandele-1-2026.xlsx,Skadeforsikring i alt,61
Forsikring,Skadeforsikring i alt,2024,2,6,Dansk Boligforsikring,191820.0,37999659.0,0.005047940015792847,0.5047940015792847,Bruttopræmieindtægter,t.DKK,F&P,reported,kvartalsvise-markedsandele-1-2026.xlsx,Skadeforsikring i alt,62
Forsikring,Skadeforsikring i alt,2024,2,6,Lokal Forsikring,189774.0,37999659.0,0.004994097352027893,0.4994097352027893,Bruttopræmieindtægter,t.DKK,F&P,reported,kvartalsvise-markedsandele-1-2026.xlsx,Skadeforsikring i alt,63
Forsikring,Skadeforsikring i alt,2024,2,6,PensionDanmark,163994.0,37999659.0,0.0043156701326370235,0.4315670132637024,Bruttopræmieindtægter,t.DKK,F&P,reported,kvartalsvise-markedsandele-1-2026.xlsx,Skadeforsikring i alt,64
Forsikring,Skadeforsikring i alt,2024,2,6,Aros Forsikring,157600.0,37999659.0,0.004147405624389648,0.41474056243896484,Bruttopræmieindtægter,t.DKK,F&P,reported,kvartalsvise-markedsandele-1-2026.xlsx,Skadeforsikring i alt,65
Forsikring,Skadeforsikring i alt,2024,2,6,Popermo Forsikring,143977.0,37999659.0,0.003788902461528778,0.3788902461528778,Bruttopræmieindtægter,t.DKK,F&P,reported,kvartalsvise-markedsandele-1-2026.xlsx,Skadeforsikring i alt,66
Forsikring,Skadeforsikring i alt,2024,2,6,PenSam,113267.0,37999659.0,0.002980737090110779,0.2980737090110779,Bruttopræmieindtægter,t.DKK,F&P,reported,kvartalsvise-markedsandele-1-2026.xlsx,Skadeforsikring i alt,67
Forsikring,Skadeforsikring i alt,2024,2,6,Gartnernes Forsikring,91874.0,37999659.0,0.0024177584052085875,0.24177584052085876,Bruttopræmieindtægter,t.DKK,F&P,reported,kvartalsvise-markedsandele-1-2026.xlsx,Skadeforsikring i alt,68
Forsikring,Skadeforsikring i alt,2024,2,6,ETU Forsikring,102197.0,37999659.0,0.0026894187927246093,0.26894187927246094,Bruttopræmieindtægter,t.DKK,F&P,reported,kvartalsvise-markedsandele-1-2026.xlsx,Skadeforsikring i alt,69
Forsikring,Skadeforsikring i alt,2024,2,6,Bornholms Brandforsikring,83160.0,37999659.0,0.002188440561294556,0.21884405612945557,Bruttopræmieindtægter,t.DKK,F&P,reported,kvartalsvise-markedsandele-1-2026.xlsx,Skadeforsikring i alt,70
Forsikring,Skadeforsikring i alt,2024,2,6,Vejle Brand,77308.0,37999659.0,0.0020344392955303193,0.20344392955303192,Bruttopræmieindtægter,t.DKK,F&P,reported,kvartalsvise-markedsandele-1-2026.xlsx,Skadeforsikring i alt,71
Forsikring,Skadeforsikring i alt,2024,2,6,"AP Pension, Livsforsikringsaktieselskab",94147.0,37999659.0,0.002477574795484543,0.24775747954845428,Bruttopræmieindtægter,t.DKK,F&P,reported,kvartalsvise-markedsandele-1-2026.xlsx,Skadeforsikring i alt,72
Forsikring,Skadeforsikring i alt,2024,2,6,Storstrøm Forsikring G/S,59619.0,37999659.0,0.001568935066461563,0.1568935066461563,Bruttopræmieindtægter,t.DKK,F&P,reported,kvartalsvise-markedsandele-1-2026.xlsx,Skadeforsikring i alt,73
Forsikring,Skadeforsikring i alt,2024,2,6,Norli Liv og Pension Livsforsikring A/S,57798.0,37999659.0,0.0015210136771202087,0.15210136771202087,Bruttopræmieindtægter,t.DKK,F&P,reported,kvartalsvise-markedsandele-1-2026.xlsx,Skadeforsikring i alt,74
Forsikring,Skadeforsikring i alt,2024,2,6,AXA Forsikring,79288.0,37999659.0,0.002086544930934906,0.2086544930934906,Bruttopræmieindtægter,t.DKK,F&P,reported,kvartalsvise-markedsandele-1-2026.xlsx,Skadeforsikring i alt,75
Forsikring,Skadeforsikring i alt,2024,2,6,Ulykkesforsikringsforbundet for dansk Søfart,41028.0,37999659.0,0.0010796938836574554,0.10796938836574554,Bruttopræmieindtægter,t.DKK,F&P,reported,kvartalsvise-markedsandele-1-2026.xlsx,Skadeforsikring i alt,76
Forsikring,Skadeforsikring i alt,2024,2,6,Forsikringsselskabet Nærsikring,41479.0,37999659.0,0.0010915624350309372,0.10915624350309372,Bruttopræmieindtægter,t.DKK,F&P,reported,kvartalsvise-markedsandele-1-2026.xlsx,Skadeforsikring i alt,77
Forsikring,Skadeforsikring i alt,2024,2,6,Forsikringsselskabet Vendsyssel,33727.0,37999659.0,0.0008875605463981628,0.08875605463981628,Bruttopræmieindtægter,t.DKK,F&P,reported,kvartalsvise-markedsandele-1-2026.xlsx,Skadeforsikring i alt,78
Forsikring,Skadeforsikring i alt,2024,2,6,HF Forsikring,25580.0,37999659.0,0.0006731639057397842,0.06731639057397842,Bruttopræmieindtægter,t.DKK,F&P,reported,kvartalsvise-markedsandele-1-2026.xlsx,Skadeforsikring i alt,79
Forsikring,Skadeforsikring i alt,2024,2,6,Fiskernes Forsikring,29020.0,37999659.0,0.0007636910676956177,0.07636910676956177,Bruttopræmieindtægter,t.DKK,F&P,reported,kvartalsvise-markedsandele-1-2026.xlsx,Skadeforsikring i alt,80
Forsikring,Skadeforsikring i alt,2024,2,6,Dansk Musiker Forbund Forsikring,3642.0,37999659.0,9.584296494722367e-05,0.009584296494722366,Bruttopræmieindtægter,t.DKK,F&P,reported,kvartalsvise-markedsandele-1-2026.xlsx,Skadeforsikring i alt,81
Forsikring,Skadeforsikring i alt,2024,2,6,Norli Pension,144.0,37999659.0,3.7895076093263926e-06,0.00037895076093263924,Bruttopræmieindtægter,t.DKK,F&P,reported,kvartalsvise-markedsandele-1-2026.xlsx,Skadeforsikring i alt,82
Forsikring,Skadeforsikring i alt,2024,3,9,Tryg,13651102.0,57094823.0,0.23909526824951172,23.909526824951172,Bruttopræmieindtægter,t.DKK,F&P,reported,kvartalsvise-markedsandele-1-2026.xlsx,Skadeforsikring i alt,44
Forsikring,Skadeforsikring i alt,2024,3,9,Alm. Brand Group,9084996.0,57094823.0,0.15912117958068847,15.912117958068848,Bruttopræmieindtægter,t.DKK,F&P,reported,kvartalsvise-markedsandele-1-2026.xlsx,Skadeforsikring i alt,45
Forsikring,Skadeforsikring i alt,2024,3,9,Topdanmark,8725572.0,57094823.0,0.15282597541809081,15.282597541809082,Bruttopræmieindtægter,t.DKK,F&P,reported,kvartalsvise-markedsandele-1-2026.xlsx,Skadeforsikring i alt,46
Forsikring,Skadeforsikring i alt,2024,3,9,Gjensidige Forsikring,4468994.0,57094823.0,0.07827319145202637,7.827319145202637,Bruttopræmieindtægter,t.DKK,F&P,reported,kvartalsvise-markedsandele-1-2026.xlsx,Skadeforsikring i alt,47
Forsikring,Skadeforsikring i alt,2024,3,9,If,3091301.0,57094823.0,0.05414328098297119,5.414328098297119,Bruttopræmieindtægter,t.DKK,F&P,reported,kvartalsvise-markedsandele-1-2026.xlsx,Skadeforsikring i alt,48
Forsikring,Skadeforsikring i alt,2024,3,9,Sygeforsikringen Danmark,2939490.0,57094823.0,0.05148435115814209,5.148435115814209,Bruttopræmieindtægter,t.DKK,F&P,reported,kvartalsvise-markedsandele-1-2026.xlsx,Skadeforsikring i alt,49
Forsikring,Skadeforsikring i alt,2024,3,9,LB Forsikring,2662357.0,57094823.0,0.046630444526672366,4.663044452667236,Bruttopræmieindtægter,t.DKK,F&P,reported,kvartalsvise-markedsandele-1-2026.xlsx,Skadeforsikring i alt,50
Forsikring,Skadeforsikring i alt,2024,3,9,GF Forsikring A/S,2555318.0,57094823.0,0.044755687713623045,4.475568771362305,Bruttopræmieindtægter,t.DKK,F&P,reported,kvartalsvise-markedsandele-1-2026.xlsx,Skadeforsikring i alt,51
Forsikring,Skadeforsikring i alt,2024,3,9,Danica,1868795.0,57094823.0,0.03273142576217651,3.2731425762176514,Bruttopræmieindtægter,t.DKK,F&P,reported,kvartalsvise-markedsandele-1-2026.xlsx,Skadeforsikring i alt,52
Forsikring,Skadeforsikring i alt,2024,3,9,Købstædernes Forsikring,1104088.0,57094823.0,0.0193377947807312,1.9337794780731201,Bruttopræmieindtægter,t.DKK,F&P,reported,kvartalsvise-markedsandele-1-2026.xlsx,Skadeforsikring i alt,53
Forsikring,Skadeforsikring i alt,2024,3,9,PFA Pension,1023288.0,57094823.0,0.017922605276107787,1.7922605276107788,Bruttopræmieindtægter,t.DKK,F&P,reported,kvartalsvise-markedsandele-1-2026.xlsx,Skadeforsikring i alt,54
Forsikring,Skadeforsikring i alt,2024,3,9,Protector Forsikring,755763.0,57094823.0,0.013236979246139527,1.3236979246139526,Bruttopræmieindtægter,t.DKK,F&P,reported,kvartalsvise-markedsandele-1-2026.xlsx,Skadeforsikring i alt,55
Forsikring,Skadeforsikring i alt,2024,3,9,"Nordea Pension, Livsforsikring A/S",643943.0,57094823.0,0.011278482675552369,1.1278482675552368,Bruttopræmieindtægter,t.DKK,F&P,reported,kvartalsvise-markedsandele-1-2026.xlsx,Skadeforsikring i alt,56
Forsikring,Skadeforsikring i alt,2024,3,9,Forsia Forsikring A/S,486205.0,57094823.0,0.008515745401382446,0.8515745401382446,Bruttopræmieindtægter,t.DKK,F&P,reported,kvartalsvise-markedsandele-1-2026.xlsx,Skadeforsikring i alt,57
Forsikring,Skadeforsikring i alt,2024,3,9,Himmerland Forsikring,389201.0,57094823.0,0.006816747784614563,0.6816747784614563,Bruttopræmieindtægter,t.DKK,F&P,reported,kvartalsvise-markedsandele-1-2026.xlsx,Skadeforsikring i alt,58
Forsikring,Skadeforsikring i alt,2024,3,9,Thisted Forsikring,384406.0,57094823.0,0.0067327642440795895,0.673276424407959,Bruttopræmieindtægter,t.DKK,F&P,reported,kvartalsvise-markedsandele-1-2026.xlsx,Skadeforsikring i alt,59
Forsikring,Skadeforsikring i alt,2024,3,9,Vestjylland,349567.0,57094823.0,0.006122568845748902,0.6122568845748901,Bruttopræmieindtægter,t.DKK,F&P,reported,kvartalsvise-markedsandele-1-2026.xlsx,Skadeforsikring i alt,60
Forsikring,Skadeforsikring i alt,2024,3,9,HDI-Gerling Forsikring,303707.0,57094823.0,0.00531934380531311,0.531934380531311,Bruttopræmieindtægter,t.DKK,F&P,reported,kvartalsvise-markedsandele-1-2026.xlsx,Skadeforsikring i alt,61
Forsikring,Skadeforsikring i alt,2024,3,9,Dansk Boligforsikring,296791.0,57094823.0,0.005198212265968323,0.5198212265968323,Bruttopræmieindtægter,t.DKK,F&P,reported,kvartalsvise-markedsandele-1-2026.xlsx,Skadeforsikring i alt,62
Forsikring,Skadeforsikring i alt,2024,3,9,Lokal Forsikring,287549.0,57094823.0,0.005036340951919556,0.5036340951919556,Bruttopræmieindtægter,t.DKK,F&P,reported,kvartalsvise-markedsandele-1-2026.xlsx,Skadeforsikring i alt,63
Forsikring,Skadeforsikring i alt,2024,3,9,PensionDanmark,247689.0,57094823.0,0.004338203966617584,0.4338203966617584,Bruttopræmieindtægter,t.DKK,F&P,reported,kvartalsvise-markedsandele-1-2026.xlsx,Skadeforsikring i alt,64
Forsikring,Skadeforsikring i alt,2024,3,9,Aros Forsikring,242841.0,57094823.0,0.004253292679786682,0.4253292679786682,Bruttopræmieindtægter,t.DKK,F&P,reported,kvartalsvise-markedsandele-1-2026.xlsx,Skadeforsikring i alt,65
Forsikring,Skadeforsikring i alt,2024,3,9,Popermo Forsikring,218849.0,57094823.0,0.0038330796360969543,0.38330796360969543,Bruttopræmieindtægter,t.DKK,F&P,reported,kvartalsvise-markedsandele-1-2026.xlsx,Skadeforsikring i alt,66
Forsikring,Skadeforsikring i alt,2024,3,9,PenSam,164712.0,57094823.0,0.0028848850727081297,0.288488507270813,Bruttopræmieindtægter,t.DKK,F&P,reported,kvartalsvise-markedsandele-1-2026.xlsx,Skadeforsikring i alt,67
Forsikring,Skadeforsikring i alt,2024,3,9,Gartnernes Forsikring,140247.0,57094823.0,0.0024563872814178465,0.24563872814178467,Bruttopræmieindtægter,t.DKK,F&P,reported,kvartalsvise-markedsandele-1-2026.xlsx,Skadeforsikring i alt,68
Forsikring,Skadeforsikring i alt,2024,3,9,ETU Forsikring,152999.0,57094823.0,0.0026797351241111757,0.26797351241111755,Bruttopræmieindtægter,t.DKK,F&P,reported,kvartalsvise-markedsandele-1-2026.xlsx,Skadeforsikring i alt,69
Forsikring,Skadeforsikring i alt,2024,3,9,Bornholms Brandforsikring,125254.0,57094823.0,0.0021937890350818634,0.21937890350818634,Bruttopræmieindtægter,t.DKK,F&P,reported,kvartalsvise-markedsandele-1-2026.xlsx,Skadeforsikring i alt,70
Forsikring,Skadeforsikring i alt,2024,3,9,Vejle Brand,117998.0,57094823.0,0.0020667022466659547,0.20667022466659546,Bruttopræmieindtægter,t.DKK,F&P,reported,kvartalsvise-markedsandele-1-2026.xlsx,Skadeforsikring i alt,71
Forsikring,Skadeforsikring i alt,2024,3,9,"AP Pension, Livsforsikringsaktieselskab",105064.0,57094823.0,0.0018401667475700378,0.18401667475700378,Bruttopræmieindtægter,t.DKK,F&P,reported,kvartalsvise-markedsandele-1-2026.xlsx,Skadeforsikring i alt,72
Forsikring,Skadeforsikring i alt,2024,3,9,Storstrøm Forsikring G/S,89497.0,57094823.0,0.0015675151348114014,0.15675151348114014,Bruttopræmieindtægter,t.DKK,F&P,reported,kvartalsvise-markedsandele-1-2026.xlsx,Skadeforsikring i alt,73
Forsikring,Skadeforsikring i alt,2024,3,9,Norli Liv og Pension Livsforsikring A/S,85237.0,57094823.0,0.0014929023385047912,0.14929023385047913,Bruttopræmieindtægter,t.DKK,F&P,reported,kvartalsvise-markedsandele-1-2026.xlsx,Skadeforsikring i alt,74
Forsikring,Skadeforsikring i alt,2024,3,9,AXA Forsikring,98864.0,57094823.0,0.0017315755784511567,0.17315755784511566,Bruttopræmieindtægter,t.DKK,F&P,reported,kvartalsvise-markedsandele-1-2026.xlsx,Skadeforsikring i alt,75
Forsikring,Skadeforsikring i alt,2024,3,9,Ulykkesforsikringsforbundet for dansk Søfart,43588.0,57094823.0,0.0007634317129850388,0.07634317129850388,Bruttopræmieindtægter,t.DKK,F&P,reported,kvartalsvise-markedsandele-1-2026.xlsx,Skadeforsikring i alt,76
Forsikring,Skadeforsikring i alt,2024,3,9,Forsikringsselskabet Nærsikring,62649.0,57094823.0,0.0010972798615694046,0.10972798615694046,Bruttopræmieindtægter,t.DKK,F&P,reported,kvartalsvise-markedsandele-1-2026.xlsx,Skadeforsikring i alt,77
Forsikring,Skadeforsikring i alt,2024,3,9,Forsikringsselskabet Vendsyssel,51772.0,57094823.0,0.0009067722409963608,0.09067722409963608,Bruttopræmieindtægter,t.DKK,F&P,reported,kvartalsvise-markedsandele-1-2026.xlsx,Skadeforsikring i alt,78
Forsikring,Skadeforsikring i alt,2024,3,9,HF Forsikring,38931.0,57094823.0,0.0006818656623363495,0.06818656623363495,Bruttopræmieindtægter,t.DKK,F&P,reported,kvartalsvise-markedsandele-1-2026.xlsx,Skadeforsikring i alt,79
Forsikring,Skadeforsikring i alt,2024,3,9,Fiskernes Forsikring,30508.0,57094823.0,0.0005343391373753548,0.05343391373753548,Bruttopræmieindtægter,t.DKK,F&P,reported,kvartalsvise-markedsandele-1-2026.xlsx,Skadeforsikring i alt,80
Forsikring,Skadeforsikring i alt,2024,3,9,Dansk Musiker Forbund Forsikring,5476.0,57094823.0,9.591061621904374e-05,0.009591061621904373,Bruttopræmieindtægter,t.DKK,F&P,reported,kvartalsvise-markedsandele-1-2026.xlsx,Skadeforsikring i alt,81
Forsikring,Skadeforsikring i alt,2024,3,9,Norli Pension,215.0,57094823.0,3.7656654603779316e-06,0.00037656654603779316,Bruttopræmieindtægter,t.DKK,F&P,reported,kvartalsvise-markedsandele-1-2026.xlsx,Skadeforsikring i alt,82
Forsikring,Skadeforsikring i alt,2024,4,12,Tryg,18207240.0,75895673.0,0.23989826202392578,23.989826202392578,Bruttopræmieindtægter,t.DKK,F&P,reported,kvartalsvise-markedsandele-1-2026.xlsx,Skadeforsikring i alt,44
Forsikring,Skadeforsikring i alt,2024,4,12,Alm. Brand Group,12149842.0,75895673.0,0.16008609771728516,16.008609771728516,Bruttopræmieindtægter,t.DKK,F&P,reported,kvartalsvise-markedsandele-1-2026.xlsx,Skadeforsikring i alt,45
Forsikring,Skadeforsikring i alt,2024,4,12,Topdanmark,11762016.0,75895673.0,0.15497611045837403,15.497611045837402,Bruttopræmieindtægter,t.DKK,F&P,reported,kvartalsvise-markedsandele-1-2026.xlsx,Skadeforsikring i alt,46
Forsikring,Skadeforsikring i alt,2024,4,12,Gjensidige Forsikring,6009149.0,75895673.0,0.07917644023895264,7.917644023895264,Bruttopræmieindtægter,t.DKK,F&P,reported,kvartalsvise-markedsandele-1-2026.xlsx,Skadeforsikring i alt,47
Forsikring,Skadeforsikring i alt,2024,4,12,If,4155591.0,75895673.0,0.054753990173339845,5.475399017333984,Bruttopræmieindtægter,t.DKK,F&P,reported,kvartalsvise-markedsandele-1-2026.xlsx,Skadeforsikring i alt,48
Forsikring,Skadeforsikring i alt,2024,4,12,Sygeforsikringen Danmark,3912114.0,75895673.0,0.051545944213867184,5.154594421386719,Bruttopræmieindtægter,t.DKK,F&P,reported,kvartalsvise-markedsandele-1-2026.xlsx,Skadeforsikring i alt,49
Forsikring,Skadeforsikring i alt,2024,4,12,LB Forsikring,3637100.0,75895673.0,0.04792236328125,4.792236328125,Bruttopræmieindtægter,t.DKK,F&P,reported,kvartalsvise-markedsandele-1-2026.xlsx,Skadeforsikring i alt,50
Forsikring,Skadeforsikring i alt,2024,4,12,GF Forsikring A/S,3445343.0,75895673.0,0.04539577484130859,4.539577484130859,Bruttopræmieindtægter,t.DKK,F&P,reported,kvartalsvise-markedsandele-1-2026.xlsx,Skadeforsikring i alt,51
Forsikring,Skadeforsikring i alt,2024,4,12,Danica,2119912.0,75895673.0,0.027931921482086182,2.793192148208618,Bruttopræmieindtægter,t.DKK,F&P,reported,kvartalsvise-markedsandele-1-2026.xlsx,Skadeforsikring i alt,52
Forsikring,Skadeforsikring i alt,2024,4,12,Købstædernes Forsikring,1485629.0,75895673.0,0.019574620723724366,1.9574620723724365,Bruttopræmieindtægter,t.DKK,F&P,reported,kvartalsvise-markedsandele-1-2026.xlsx,Skadeforsikring i alt,53
Forsikring,Skadeforsikring i alt,2024,4,12,PFA Pension,1105098.0,75895673.0,0.014560750722885131,1.4560750722885132,Bruttopræmieindtægter,t.DKK,F&P,reported,kvartalsvise-markedsandele-1-2026.xlsx,Skadeforsikring i alt,54
Forsikring,Skadeforsikring i alt,2024,4,12,Protector Forsikring,1011704.0,75895673.0,0.013330193758010865,1.3330193758010864,Bruttopræmieindtægter,t.DKK,F&P,reported,kvartalsvise-markedsandele-1-2026.xlsx,Skadeforsikring i alt,55
Forsikring,Skadeforsikring i alt,2024,4,12,"Nordea Pension, Livsforsikring A/S",841444.0,75895673.0,0.011086851358413696,1.1086851358413696,Bruttopræmieindtægter,t.DKK,F&P,reported,kvartalsvise-markedsandele-1-2026.xlsx,Skadeforsikring i alt,56
Forsikring,Skadeforsikring i alt,2024,4,12,Forsia Forsikring A/S,672489.0,75895673.0,0.008860703110694885,0.8860703110694885,Bruttopræmieindtægter,t.DKK,F&P,reported,kvartalsvise-markedsandele-1-2026.xlsx,Skadeforsikring i alt,57
Forsikring,Skadeforsikring i alt,2024,4,12,Himmerland Forsikring,527710.0,75895673.0,0.006953097581863403,0.6953097581863403,Bruttopræmieindtægter,t.DKK,F&P,reported,kvartalsvise-markedsandele-1-2026.xlsx,Skadeforsikring i alt,58
Forsikring,Skadeforsikring i alt,2024,4,12,Thisted Forsikring,517653.0,75895673.0,0.006820586323738098,0.6820586323738098,Bruttopræmieindtægter,t.DKK,F&P,reported,kvartalsvise-markedsandele-1-2026.xlsx,Skadeforsikring i alt,59
Forsikring,Skadeforsikring i alt,2024,4,12,Vestjylland,475202.0,75895673.0,0.006261252760887146,0.6261252760887146,Bruttopræmieindtægter,t.DKK,F&P,reported,kvartalsvise-markedsandele-1-2026.xlsx,Skadeforsikring i alt,60
Forsikring,Skadeforsikring i alt,2024,4,12,HDI-Gerling Forsikring,406808.0,75895673.0,0.005360094904899597,0.5360094904899597,Bruttopræmieindtægter,t.DKK,F&P,reported,kvartalsvise-markedsandele-1-2026.xlsx,Skadeforsikring i alt,61
Forsikring,Skadeforsikring i alt,2024,4,12,Dansk Boligforsikring,401991.0,75895673.0,0.005296626091003418,0.5296626091003418,Bruttopræmieindtægter,t.DKK,F&P,reported,kvartalsvise-markedsandele-1-2026.xlsx,Skadeforsikring i alt,62
Forsikring,Skadeforsikring i alt,2024,4,12,Lokal Forsikring,386824.0,75895673.0,0.00509678602218628,0.5096786022186279,Bruttopræmieindtægter,t.DKK,F&P,reported,kvartalsvise-markedsandele-1-2026.xlsx,Skadeforsikring i alt,63
Forsikring,Skadeforsikring i alt,2024,4,12,PensionDanmark,332654.0,75895673.0,0.004383043050765991,0.4383043050765991,Bruttopræmieindtægter,t.DKK,F&P,reported,kvartalsvise-markedsandele-1-2026.xlsx,Skadeforsikring i alt,64
Forsikring,Skadeforsikring i alt,2024,4,12,Aros Forsikring,331469.0,75895673.0,0.0043674296140670775,0.43674296140670776,Bruttopræmieindtægter,t.DKK,F&P,reported,kvartalsvise-markedsandele-1-2026.xlsx,Skadeforsikring i alt,65
Forsikring,Skadeforsikring i alt,2024,4,12,Popermo Forsikring,293882.0,75895673.0,0.003872183859348297,0.3872183859348297,Bruttopræmieindtægter,t.DKK,F&P,reported,kvartalsvise-markedsandele-1-2026.xlsx,Skadeforsikring i alt,66
Forsikring,Skadeforsikring i alt,2024,4,12,PenSam,215429.0,75895673.0,0.002838488519191742,0.2838488519191742,Bruttopræmieindtægter,t.DKK,F&P,reported,kvartalsvise-markedsandele-1-2026.xlsx,Skadeforsikring i alt,67
Forsikring,Skadeforsikring i alt,2024,4,12,Gartnernes Forsikring,190169.0,75895673.0,0.0025056633353233338,0.2505663335323334,Bruttopræmieindtægter,t.DKK,F&P,reported,kvartalsvise-markedsandele-1-2026.xlsx,Skadeforsikring i alt,68
Forsikring,Skadeforsikring i alt,2024,4,12,ETU Forsikring,176880.0,75895673.0,0.0023305676877498627,0.23305676877498627,Bruttopræmieindtægter,t.DKK,F&P,reported,kvartalsvise-markedsandele-1-2026.xlsx,Skadeforsikring i alt,69
Forsikring,Skadeforsikring i alt,2024,4,12,Bornholms Brandforsikring,169885.0,75895673.0,0.002238401621580124,0.2238401621580124,Bruttopræmieindtægter,t.DKK,F&P,reported,kvartalsvise-markedsandele-1-2026.xlsx,Skadeforsikring i alt,70
Forsikring,Skadeforsikring i alt,2024,4,12,Vejle Brand,161955.0,75895673.0,0.0021339161694049836,0.21339161694049835,Bruttopræmieindtægter,t.DKK,F&P,reported,kvartalsvise-markedsandele-1-2026.xlsx,Skadeforsikring i alt,71
Forsikring,Skadeforsikring i alt,2024,4,12,"AP Pension, Livsforsikringsaktieselskab",121191.0,75895673.0,0.0015968103706836701,0.159681037068367,Bruttopræmieindtægter,t.DKK,F&P,reported,kvartalsvise-markedsandele-1-2026.xlsx,Skadeforsikring i alt,72
Forsikring,Skadeforsikring i alt,2024,4,12,Storstrøm Forsikring G/S,119217.0,75895673.0,0.0015708009898662567,0.15708009898662567,Bruttopræmieindtægter,t.DKK,F&P,reported,kvartalsvise-markedsandele-1-2026.xlsx,Skadeforsikring i alt,73
Forsikring,Skadeforsikring i alt,2024,4,12,Norli Liv og Pension Livsforsikring A/S,114222.0,75895673.0,0.0015049870312213898,0.15049870312213898,Bruttopræmieindtægter,t.DKK,F&P,reported,kvartalsvise-markedsandele-1-2026.xlsx,Skadeforsikring i alt,74
Forsikring,Skadeforsikring i alt,2024,4,12,AXA Forsikring,109679.0,75895673.0,0.0014451284706592559,0.1445128470659256,Bruttopræmieindtægter,t.DKK,F&P,reported,kvartalsvise-markedsandele-1-2026.xlsx,Skadeforsikring i alt,75
Forsikring,Skadeforsikring i alt,2024,4,12,Ulykkesforsikringsforbundet for dansk Søfart,84668.0,75895673.0,0.0011155840009450912,0.11155840009450912,Bruttopræmieindtægter,t.DKK,F&P,reported,kvartalsvise-markedsandele-1-2026.xlsx,Skadeforsikring i alt,76
Forsikring,Skadeforsikring i alt,2024,4,12,Forsikringsselskabet Nærsikring,84144.0,75895673.0,0.0011086798459291457,0.11086798459291458,Bruttopræmieindtægter,t.DKK,F&P,reported,kvartalsvise-markedsandele-1-2026.xlsx,Skadeforsikring i alt,77
Forsikring,Skadeforsikring i alt,2024,4,12,Forsikringsselskabet Vendsyssel,69522.0,75895673.0,0.0009160206466913224,0.09160206466913223,Bruttopræmieindtægter,t.DKK,F&P,reported,kvartalsvise-markedsandele-1-2026.xlsx,Skadeforsikring i alt,78
Forsikring,Skadeforsikring i alt,2024,4,12,HF Forsikring,52544.0,75895673.0,0.0006923188269138337,0.06923188269138336,Bruttopræmieindtægter,t.DKK,F&P,reported,kvartalsvise-markedsandele-1-2026.xlsx,Skadeforsikring i alt,79
Forsikring,Skadeforsikring i alt,2024,4,12,Fiskernes Forsikring,29762.0,75895673.0,0.00039214357733726503,0.0392143577337265,Bruttopræmieindtægter,t.DKK,F&P,reported,kvartalsvise-markedsandele-1-2026.xlsx,Skadeforsikring i alt,80
Forsikring,Skadeforsikring i alt,2024,4,12,Dansk Musiker Forbund Forsikring,7257.0,75895673.0,9.561809711158275e-05,0.009561809711158276,Bruttopræmieindtægter,t.DKK,F&P,reported,kvartalsvise-markedsandele-1-2026.xlsx,Skadeforsikring i alt,81
Forsikring,Skadeforsikring i alt,2024,4,12,Norli Pension,285.0,75895673.0,3.7551549030467868e-06,0.0003755154903046787,Bruttopræmieindtægter,t.DKK,F&P,reported,kvartalsvise-markedsandele-1-2026.xlsx,Skadeforsikring i alt,82
Forsikring,Skadeforsikring i alt,2023,1,3,Tryg,4273282.0,17651835.0,0.24208711624145507,24.208711624145508,Bruttopræmieindtægter,t.DKK,F&P,reported,kvartalsvise-markedsandele-1-2026.xlsx,Skadeforsikring i alt,87
Forsikring,Skadeforsikring i alt,2023,1,3,Topdanmark,2517601.0,17651835.0,0.14262544631958007,14.262544631958008,Bruttopræmieindtægter,t.DKK,F&P,reported,kvartalsvise-markedsandele-1-2026.xlsx,Skadeforsikring i alt,88
Forsikring,Skadeforsikring i alt,2023,1,3,Alm. Brand Forsikring,1459104.0,17651835.0,0.08266017913818359,8.26601791381836,Bruttopræmieindtægter,t.DKK,F&P,reported,kvartalsvise-markedsandele-1-2026.xlsx,Skadeforsikring i alt,89
Forsikring,Skadeforsikring i alt,2023,1,3,Codan,1375117.0,17651835.0,0.07790220737457275,7.790220737457275,Bruttopræmieindtægter,t.DKK,F&P,reported,kvartalsvise-markedsandele-1-2026.xlsx,Skadeforsikring i alt,90
Forsikring,Skadeforsikring i alt,2023,1,3,Gjensidige Forsikring,1252354.0,17651835.0,0.07094751834869385,7.094751834869385,Bruttopræmieindtægter,t.DKK,F&P,reported,kvartalsvise-markedsandele-1-2026.xlsx,Skadeforsikring i alt,91
Forsikring,Skadeforsikring i alt,2023,1,3,If,958518.0,17651835.0,0.05430131912231445,5.430131912231445,Bruttopræmieindtægter,t.DKK,F&P,reported,kvartalsvise-markedsandele-1-2026.xlsx,Skadeforsikring i alt,92
Forsikring,Skadeforsikring i alt,2023,1,3,Sygeforsikringen Danmark,917483.0,17651835.0,0.05197663307189941,5.197663307189941,Bruttopræmieindtægter,t.DKK,F&P,reported,kvartalsvise-markedsandele-1-2026.xlsx,Skadeforsikring i alt,93
Forsikring,Skadeforsikring i alt,2023,1,3,LB Forsikring,858033.0,17651835.0,0.048608713150024414,4.860871315002441,Bruttopræmieindtægter,t.DKK,F&P,reported,kvartalsvise-markedsandele-1-2026.xlsx,Skadeforsikring i alt,94
Forsikring,Skadeforsikring i alt,2023,1,3,GF Forsikring A/S,757032.0,17651835.0,0.04288687229156494,4.288687229156494,Bruttopræmieindtægter,t.DKK,F&P,reported,kvartalsvise-markedsandele-1-2026.xlsx,Skadeforsikring i alt,95
Forsikring,Skadeforsikring i alt,2023,1,3,PFA Pension,555632.0,17651835.0,0.03147729158401489,3.1477291584014893,Bruttopræmieindtægter,t.DKK,F&P,reported,kvartalsvise-markedsandele-1-2026.xlsx,Skadeforsikring i alt,96
Forsikring,Skadeforsikring i alt,2023,1,3,Købstædernes Forsikring,379890.0,17651835.0,0.02152127504348755,2.152127504348755,Bruttopræmieindtægter,t.DKK,F&P,reported,kvartalsvise-markedsandele-1-2026.xlsx,Skadeforsikring i alt,97
Forsikring,Skadeforsikring i alt,2023,1,3,Danica Pension,415989.0,17651835.0,0.02356632947921753,2.356632947921753,Bruttopræmieindtægter,t.DKK,F&P,reported,kvartalsvise-markedsandele-1-2026.xlsx,Skadeforsikring i alt,98
Forsikring,Skadeforsikring i alt,2023,1,3,Protector Forsikring,211474.0,17651835.0,0.011980283260345458,1.198028326034546,Bruttopræmieindtægter,t.DKK,F&P,reported,kvartalsvise-markedsandele-1-2026.xlsx,Skadeforsikring i alt,99
Forsikring,Skadeforsikring i alt,2023,1,3,Forsia Forsikring A/S,198672.0,17651835.0,0.011255033016204834,1.1255033016204834,Bruttopræmieindtægter,t.DKK,F&P,reported,kvartalsvise-markedsandele-1-2026.xlsx,Skadeforsikring i alt,100
Forsikring,Skadeforsikring i alt,2023,1,3,"Nordea Pension, Livsforsikring A/S",184354.0,17651835.0,0.010443899631500244,1.0443899631500244,Bruttopræmieindtægter,t.DKK,F&P,reported,kvartalsvise-markedsandele-1-2026.xlsx,Skadeforsikring i alt,101
Forsikring,Skadeforsikring i alt,2023,1,3,Himmerland Forsikring,126062.0,17651835.0,0.007141579985618591,0.7141579985618591,Bruttopræmieindtægter,t.DKK,F&P,reported,kvartalsvise-markedsandele-1-2026.xlsx,Skadeforsikring i alt,102
Forsikring,Skadeforsikring i alt,2023,1,3,Thisted Forsikring,116070.0,17651835.0,0.006575520038604736,0.6575520038604736,Bruttopræmieindtægter,t.DKK,F&P,reported,kvartalsvise-markedsandele-1-2026.xlsx,Skadeforsikring i alt,103
Forsikring,Skadeforsikring i alt,2023,1,3,Vestjylland,99390.0,17651835.0,0.005630576014518738,0.5630576014518738,Bruttopræmieindtægter,t.DKK,F&P,reported,kvartalsvise-markedsandele-1-2026.xlsx,Skadeforsikring i alt,104
Forsikring,Skadeforsikring i alt,2023,1,3,Lokal Forsikring,90230.0,17651835.0,0.0051116496324539185,0.5111649632453918,Bruttopræmieindtægter,t.DKK,F&P,reported,kvartalsvise-markedsandele-1-2026.xlsx,Skadeforsikring i alt,105
Forsikring,Skadeforsikring i alt,2023,1,3,Dansk Boligforsikring,88513.0,17651835.0,0.005014379024505616,0.5014379024505615,Bruttopræmieindtægter,t.DKK,F&P,reported,kvartalsvise-markedsandele-1-2026.xlsx,Skadeforsikring i alt,106
Forsikring,Skadeforsikring i alt,2023,1,3,PenSam,86048.0,17651835.0,0.004874733686447144,0.48747336864471436,Bruttopræmieindtægter,t.DKK,F&P,reported,kvartalsvise-markedsandele-1-2026.xlsx,Skadeforsikring i alt,107
Forsikring,Skadeforsikring i alt,2023,1,3,HDI-Gerling Forsikring,68092.0,17651835.0,0.003857502341270447,0.3857502341270447,Bruttopræmieindtægter,t.DKK,F&P,reported,kvartalsvise-markedsandele-1-2026.xlsx,Skadeforsikring i alt,108
Forsikring,Skadeforsikring i alt,2023,1,3,PensionDanmark,76666.0,17651835.0,0.0043432310223579405,0.43432310223579407,Bruttopræmieindtægter,t.DKK,F&P,reported,kvartalsvise-markedsandele-1-2026.xlsx,Skadeforsikring i alt,109
Forsikring,Skadeforsikring i alt,2023,1,3,Aros Forsikring,69231.0,17651835.0,0.003922028243541717,0.39220282435417175,Bruttopræmieindtægter,t.DKK,F&P,reported,kvartalsvise-markedsandele-1-2026.xlsx,Skadeforsikring i alt,110
Forsikring,Skadeforsikring i alt,2023,1,3,Popermo Forsikring,66509.0,17651835.0,0.003767823278903961,0.3767823278903961,Bruttopræmieindtægter,t.DKK,F&P,reported,kvartalsvise-markedsandele-1-2026.xlsx,Skadeforsikring i alt,111
Forsikring,Skadeforsikring i alt,2023,1,3,ETU Forsikring,49739.0,17651835.0,0.0028177806735038757,0.2817780673503876,Bruttopræmieindtægter,t.DKK,F&P,reported,kvartalsvise-markedsandele-1-2026.xlsx,Skadeforsikring i alt,112
Forsikring,Skadeforsikring i alt,2023,1,3,Gartnernes Forsikring,42233.0,17651835.0,0.0023925556242465973,0.23925556242465973,Bruttopræmieindtægter,t.DKK,F&P,reported,kvartalsvise-markedsandele-1-2026.xlsx,Skadeforsikring i alt,113
Forsikring,Skadeforsikring i alt,2023,1,3,Bornholms Brandforsikring,38729.0,17651835.0,0.00219404935836792,0.219404935836792,Bruttopræmieindtægter,t.DKK,F&P,reported,kvartalsvise-markedsandele-1-2026.xlsx,Skadeforsikring i alt,114
Forsikring,Skadeforsikring i alt,2023,1,3,Vejle Brand,33763.0,17651835.0,0.0019127188622951507,0.19127188622951508,Bruttopræmieindtægter,t.DKK,F&P,reported,kvartalsvise-markedsandele-1-2026.xlsx,Skadeforsikring i alt,115
Forsikring,Skadeforsikring i alt,2023,1,3,Storstrøm Forsikring G/S,36074.0,17651835.0,0.0020436401665210723,0.20436401665210724,Bruttopræmieindtægter,t.DKK,F&P,reported,kvartalsvise-markedsandele-1-2026.xlsx,Skadeforsikring i alt,116
Forsikring,Skadeforsikring i alt,2023,1,3,Norli Liv og Pension Livsforsikring A/S,31082.0,17651835.0,0.0017608366906642914,0.17608366906642914,Bruttopræmieindtægter,t.DKK,F&P,reported,kvartalsvise-markedsandele-1-2026.xlsx,Skadeforsikring i alt,117
Forsikring,Skadeforsikring i alt,2023,1,3,"AP Pension, Livsforsikringsaktieselskab",70569.0,17651835.0,0.0039978277683258056,0.39978277683258057,Bruttopræmieindtægter,t.DKK,F&P,reported,kvartalsvise-markedsandele-1-2026.xlsx,Skadeforsikring i alt,118
Forsikring,Skadeforsikring i alt,2023,1,3,AXA Forsikring,50461.0,17651835.0,0.002858682870864868,0.2858682870864868,Bruttopræmieindtægter,t.DKK,F&P,reported,kvartalsvise-markedsandele-1-2026.xlsx,Skadeforsikring i alt,119
Forsikring,Skadeforsikring i alt,2023,1,3,Forsikringsselskabet Nærsikring,19247.0,17651835.0,0.0010903681814670562,0.10903681814670563,Bruttopræmieindtægter,t.DKK,F&P,reported,kvartalsvise-markedsandele-1-2026.xlsx,Skadeforsikring i alt,120
Forsikring,Skadeforsikring i alt,2023,1,3,Forsikringsselskabet Vendsyssel,16158.0,17651835.0,0.000915372222661972,0.0915372222661972,Bruttopræmieindtægter,t.DKK,F&P,reported,kvartalsvise-markedsandele-1-2026.xlsx,Skadeforsikring i alt,122
Forsikring,Skadeforsikring i alt,2023,1,3,Domus Forsikring,31318.0,17651835.0,0.0017742063105106354,0.17742063105106354,Bruttopræmieindtægter,t.DKK,F&P,reported,kvartalsvise-markedsandele-1-2026.xlsx,Skadeforsikring i alt,123
Forsikring,Skadeforsikring i alt,2023,1,3,HF Forsikring,11978.0,17651835.0,0.0006785696744918823,0.06785696744918823,Bruttopræmieindtægter,t.DKK,F&P,reported,kvartalsvise-markedsandele-1-2026.xlsx,Skadeforsikring i alt,124
Forsikring,Skadeforsikring i alt,2023,1,3,Fiskernes Forsikring,17230.0,17651835.0,0.00097610242664814,0.097610242664814,Bruttopræmieindtægter,t.DKK,F&P,reported,kvartalsvise-markedsandele-1-2026.xlsx,Skadeforsikring i alt,125
Forsikring,Skadeforsikring i alt,2023,1,3,Dansk Musiker Forbund Forsikring,1831.0,17651835.0,0.00010372858494520187,0.010372858494520187,Bruttopræmieindtægter,t.DKK,F&P,reported,kvartalsvise-markedsandele-1-2026.xlsx,Skadeforsikring i alt,126
Forsikring,Skadeforsikring i alt,2023,1,3,Norli Pension,77.0,17651835.0,4.362152540124953e-06,0.0004362152540124953,Bruttopræmieindtægter,t.DKK,F&P,reported,kvartalsvise-markedsandele-1-2026.xlsx,Skadeforsikring i alt,127
Forsikring,Skadeforsikring i alt,2023,2,6,Tryg,8624931.0,35173796.0,0.24520898818969727,24.520898818969727,Bruttopræmieindtægter,t.DKK,F&P,reported,kvartalsvise-markedsandele-1-2026.xlsx,Skadeforsikring i alt,87
Forsikring,Skadeforsikring i alt,2023,2,6,Topdanmark,5065611.0,35173796.0,0.14401660919189452,14.401660919189453,Bruttopræmieindtægter,t.DKK,F&P,reported,kvartalsvise-markedsandele-1-2026.xlsx,Skadeforsikring i alt,88
Forsikring,Skadeforsikring i alt,2023,2,6,Alm. Brand Forsikring,2929346.0,35173796.0,0.08328205108642578,8.328205108642578,Bruttopræmieindtægter,t.DKK,F&P,reported,kvartalsvise-markedsandele-1-2026.xlsx,Skadeforsikring i alt,89
Forsikring,Skadeforsikring i alt,2023,2,6,Codan,2785540.0,35173796.0,0.07919361114501954,7.919361114501953,Bruttopræmieindtægter,t.DKK,F&P,reported,kvartalsvise-markedsandele-1-2026.xlsx,Skadeforsikring i alt,90
Forsikring,Skadeforsikring i alt,2023,2,6,Gjensidige Forsikring,2513408.0,35173796.0,0.07145683288574219,7.145683288574219,Bruttopræmieindtægter,t.DKK,F&P,reported,kvartalsvise-markedsandele-1-2026.xlsx,Skadeforsikring i alt,91
Forsikring,Skadeforsikring i alt,2023,2,6,If,1913726.0,35173796.0,0.054407720565795896,5.44077205657959,Bruttopræmieindtægter,t.DKK,F&P,reported,kvartalsvise-markedsandele-1-2026.xlsx,Skadeforsikring i alt,92
Forsikring,Skadeforsikring i alt,2023,2,6,Sygeforsikringen Danmark,1841611.0,35173796.0,0.05235746860504151,5.23574686050415,Bruttopræmieindtægter,t.DKK,F&P,reported,kvartalsvise-markedsandele-1-2026.xlsx,Skadeforsikring i alt,93
Forsikring,Skadeforsikring i alt,2023,2,6,LB Forsikring,1729748.0,35173796.0,0.049177179336547854,4.917717933654785,Bruttopræmieindtægter,t.DKK,F&P,reported,kvartalsvise-markedsandele-1-2026.xlsx,Skadeforsikring i alt,94
Forsikring,Skadeforsikring i alt,2023,2,6,GF Forsikring A/S,1522144.0,35173796.0,0.043274941444396975,4.327494144439697,Bruttopræmieindtægter,t.DKK,F&P,reported,kvartalsvise-markedsandele-1-2026.xlsx,Skadeforsikring i alt,95
Forsikring,Skadeforsikring i alt,2023,2,6,PFA Pension,1073663.0,35173796.0,0.030524513721466064,3.0524513721466064,Bruttopræmieindtægter,t.DKK,F&P,reported,kvartalsvise-markedsandele-1-2026.xlsx,Skadeforsikring i alt,96
Forsikring,Skadeforsikring i alt,2023,2,6,Købstædernes Forsikring,765908.0,35173796.0,0.021774959564208985,2.1774959564208984,Bruttopræmieindtægter,t.DKK,F&P,reported,kvartalsvise-markedsandele-1-2026.xlsx,Skadeforsikring i alt,97
Forsikring,Skadeforsikring i alt,2023,2,6,Danica Pension,573022.0,35173796.0,0.01629116177558899,1.629116177558899,Bruttopræmieindtægter,t.DKK,F&P,reported,kvartalsvise-markedsandele-1-2026.xlsx,Skadeforsikring i alt,98
Forsikring,Skadeforsikring i alt,2023,2,6,Protector Forsikring,424686.0,35173796.0,0.012073931694030761,1.2073931694030762,Bruttopræmieindtægter,t.DKK,F&P,reported,kvartalsvise-markedsandele-1-2026.xlsx,Skadeforsikring i alt,99
Forsikring,Skadeforsikring i alt,2023,2,6,Forsia Forsikring A/S,402118.0,35173796.0,0.011432317495346069,1.143231749534607,Bruttopræmieindtægter,t.DKK,F&P,reported,kvartalsvise-markedsandele-1-2026.xlsx,Skadeforsikring i alt,100
Forsikring,Skadeforsikring i alt,2023,2,6,"Nordea Pension, Livsforsikring A/S",371611.0,35173796.0,0.010564996004104614,1.0564996004104614,Bruttopræmieindtægter,t.DKK,F&P,reported,kvartalsvise-markedsandele-1-2026.xlsx,Skadeforsikring i alt,101
Forsikring,Skadeforsikring i alt,2023,2,6,Himmerland Forsikring,254488.0,35173796.0,0.007235158681869507,0.7235158681869507,Bruttopræmieindtægter,t.DKK,F&P,reported,kvartalsvise-markedsandele-1-2026.xlsx,Skadeforsikring i alt,102
Forsikring,Skadeforsikring i alt,2023,2,6,Thisted Forsikring,235295.0,35173796.0,0.006689496636390686,0.6689496636390686,Bruttopræmieindtægter,t.DKK,F&P,reported,kvartalsvise-markedsandele-1-2026.xlsx,Skadeforsikring i alt,103
Forsikring,Skadeforsikring i alt,2023,2,6,Vestjylland,202357.0,35173796.0,0.005753061175346375,0.5753061175346375,Bruttopræmieindtægter,t.DKK,F&P,reported,kvartalsvise-markedsandele-1-2026.xlsx,Skadeforsikring i alt,104
Forsikring,Skadeforsikring i alt,2023,2,6,Lokal Forsikring,181808.0,35173796.0,0.005168848037719727,0.5168848037719727,Bruttopræmieindtægter,t.DKK,F&P,reported,kvartalsvise-markedsandele-1-2026.xlsx,Skadeforsikring i alt,105
Forsikring,Skadeforsikring i alt,2023,2,6,Dansk Boligforsikring,175077.0,35173796.0,0.004977483749389649,0.49774837493896484,Bruttopræmieindtægter,t.DKK,F&P,reported,kvartalsvise-markedsandele-1-2026.xlsx,Skadeforsikring i alt,106
Forsikring,Skadeforsikring i alt,2023,2,6,PenSam,175558.0,35173796.0,0.004991158843040466,0.49911588430404663,Bruttopræmieindtægter,t.DKK,F&P,reported,kvartalsvise-markedsandele-1-2026.xlsx,Skadeforsikring i alt,107
Forsikring,Skadeforsikring i alt,2023,2,6,HDI-Gerling Forsikring,141066.0,35173796.0,0.004010542333126068,0.4010542333126068,Bruttopræmieindtægter,t.DKK,F&P,reported,kvartalsvise-markedsandele-1-2026.xlsx,Skadeforsikring i alt,108
Forsikring,Skadeforsikring i alt,2023,2,6,PensionDanmark,154414.0,35173796.0,0.004390029311180115,0.4390029311180115,Bruttopræmieindtægter,t.DKK,F&P,reported,kvartalsvise-markedsandele-1-2026.xlsx,Skadeforsikring i alt,109
Forsikring,Skadeforsikring i alt,2023,2,6,Aros Forsikring,140747.0,35173796.0,0.004001473188400269,0.40014731884002686,Bruttopræmieindtægter,t.DKK,F&P,reported,kvartalsvise-markedsandele-1-2026.xlsx,Skadeforsikring i alt,110
Forsikring,Skadeforsikring i alt,2023,2,6,Popermo Forsikring,135299.0,35173796.0,0.003846585154533386,0.3846585154533386,Bruttopræmieindtægter,t.DKK,F&P,reported,kvartalsvise-markedsandele-1-2026.xlsx,Skadeforsikring i alt,111
Forsikring,Skadeforsikring i alt,2023,2,6,ETU Forsikring,103081.0,35173796.0,0.002930619120597839,0.29306191205978394,Bruttopræmieindtægter,t.DKK,F&P,reported,kvartalsvise-markedsandele-1-2026.xlsx,Skadeforsikring i alt,112
Forsikring,Skadeforsikring i alt,2023,2,6,Gartnernes Forsikring,84688.0,35173796.0,0.0024077014625072477,0.2407701462507248,Bruttopræmieindtægter,t.DKK,F&P,reported,kvartalsvise-markedsandele-1-2026.xlsx,Skadeforsikring i alt,113
Forsikring,Skadeforsikring i alt,2023,2,6,Bornholms Brandforsikring,78616.0,35173796.0,0.002235073000192642,0.22350730001926422,Bruttopræmieindtægter,t.DKK,F&P,reported,kvartalsvise-markedsandele-1-2026.xlsx,Skadeforsikring i alt,114
Forsikring,Skadeforsikring i alt,2023,2,6,Vejle Brand,68496.0,35173796.0,0.0019473586976528168,0.19473586976528168,Bruttopræmieindtægter,t.DKK,F&P,reported,kvartalsvise-markedsandele-1-2026.xlsx,Skadeforsikring i alt,115
Forsikring,Skadeforsikring i alt,2023,2,6,Storstrøm Forsikring G/S,66190.0,35173796.0,0.001881798654794693,0.1881798654794693,Bruttopræmieindtægter,t.DKK,F&P,reported,kvartalsvise-markedsandele-1-2026.xlsx,Skadeforsikring i alt,116
Forsikring,Skadeforsikring i alt,2023,2,6,Norli Liv og Pension Livsforsikring A/S,61054.0,35173796.0,0.0017357808351516723,0.17357808351516724,Bruttopræmieindtægter,t.DKK,F&P,reported,kvartalsvise-markedsandele-1-2026.xlsx,Skadeforsikring i alt,117
Forsikring,Skadeforsikring i alt,2023,2,6,"AP Pension, Livsforsikringsaktieselskab",86502.0,35173796.0,0.0024592739343643187,0.24592739343643188,Bruttopræmieindtægter,t.DKK,F&P,reported,kvartalsvise-markedsandele-1-2026.xlsx,Skadeforsikring i alt,118
Forsikring,Skadeforsikring i alt,2023,2,6,AXA Forsikring,63117.0,35173796.0,0.0017944324016571046,0.17944324016571045,Bruttopræmieindtægter,t.DKK,F&P,reported,kvartalsvise-markedsandele-1-2026.xlsx,Skadeforsikring i alt,119
Forsikring,Skadeforsikring i alt,2023,2,6,Forsikringsselskabet Nærsikring,40559.0,35173796.0,0.0011531027406454085,0.11531027406454086,Bruttopræmieindtægter,t.DKK,F&P,reported,kvartalsvise-markedsandele-1-2026.xlsx,Skadeforsikring i alt,120
Forsikring,Skadeforsikring i alt,2023,2,6,Ulykkesforsikringsforbundet for dansk Søfart,37740.0,35173796.0,0.0010729578137397766,0.10729578137397766,Bruttopræmieindtægter,t.DKK,F&P,reported,kvartalsvise-markedsandele-1-2026.xlsx,Skadeforsikring i alt,121
Forsikring,Skadeforsikring i alt,2023,2,6,Forsikringsselskabet Vendsyssel,32603.0,35173796.0,0.0009269116073846817,0.09269116073846817,Bruttopræmieindtægter,t.DKK,F&P,reported,kvartalsvise-markedsandele-1-2026.xlsx,Skadeforsikring i alt,122
Forsikring,Skadeforsikring i alt,2023,2,6,Domus Forsikring,61951.0,35173796.0,0.0017612826824188231,0.17612826824188232,Bruttopræmieindtægter,t.DKK,F&P,reported,kvartalsvise-markedsandele-1-2026.xlsx,Skadeforsikring i alt,123
Forsikring,Skadeforsikring i alt,2023,2,6,HF Forsikring,24260.0,35173796.0,0.0006897179782390595,0.06897179782390594,Bruttopræmieindtægter,t.DKK,F&P,reported,kvartalsvise-markedsandele-1-2026.xlsx,Skadeforsikring i alt,124
Forsikring,Skadeforsikring i alt,2023,2,6,Fiskernes Forsikring,27961.0,35173796.0,0.0007949383556842804,0.07949383556842804,Bruttopræmieindtægter,t.DKK,F&P,reported,kvartalsvise-markedsandele-1-2026.xlsx,Skadeforsikring i alt,125
Forsikring,Skadeforsikring i alt,2023,2,6,Dansk Musiker Forbund Forsikring,3647.0,35173796.0,0.00010368513874709607,0.010368513874709606,Bruttopræmieindtægter,t.DKK,F&P,reported,kvartalsvise-markedsandele-1-2026.xlsx,Skadeforsikring i alt,126
Forsikring,Skadeforsikring i alt,2023,2,6,Norli Pension,149.0,35173796.0,4.236107924953103e-06,0.0004236107924953103,Bruttopræmieindtægter,t.DKK,F&P,reported,kvartalsvise-markedsandele-1-2026.xlsx,Skadeforsikring i alt,127
Forsikring,Skadeforsikring i alt,2023,3,9,Tryg,12962181.0,53097174.0,0.24412185668945313,24.412185668945312,Bruttopræmieindtægter,t.DKK,F&P,reported,kvartalsvise-markedsandele-1-2026.xlsx,Skadeforsikring i alt,87
Forsikring,Skadeforsikring i alt,2023,3,9,Topdanmark,7642585.0,53097174.0,0.1439358139038086,14.39358139038086,Bruttopræmieindtægter,t.DKK,F&P,reported,kvartalsvise-markedsandele-1-2026.xlsx,Skadeforsikring i alt,88
Forsikring,Skadeforsikring i alt,2023,3,9,Alm. Brand Forsikring,4443427.0,53097174.0,0.08368480682373047,8.368480682373047,Bruttopræmieindtægter,t.DKK,F&P,reported,kvartalsvise-markedsandele-1-2026.xlsx,Skadeforsikring i alt,89
Forsikring,Skadeforsikring i alt,2023,3,9,Codan,4259761.0,53097174.0,0.08022575378417969,8.022575378417969,Bruttopræmieindtægter,t.DKK,F&P,reported,kvartalsvise-markedsandele-1-2026.xlsx,Skadeforsikring i alt,90
Forsikring,Skadeforsikring i alt,2023,3,9,Gjensidige Forsikring,3830666.0,53097174.0,0.07214444160461425,7.214444160461426,Bruttopræmieindtægter,t.DKK,F&P,reported,kvartalsvise-markedsandele-1-2026.xlsx,Skadeforsikring i alt,91
Forsikring,Skadeforsikring i alt,2023,3,9,If,2894264.0,53097174.0,0.05450881004333496,5.450881004333496,Bruttopræmieindtægter,t.DKK,F&P,reported,kvartalsvise-markedsandele-1-2026.xlsx,Skadeforsikring i alt,92
Forsikring,Skadeforsikring i alt,2023,3,9,Sygeforsikringen Danmark,2767850.0,53097174.0,0.05212800979614258,5.212800979614258,Bruttopræmieindtægter,t.DKK,F&P,reported,kvartalsvise-markedsandele-1-2026.xlsx,Skadeforsikring i alt,93
Forsikring,Skadeforsikring i alt,2023,3,9,LB Forsikring,2624743.0,53097174.0,0.04943281650543213,4.943281650543213,Bruttopræmieindtægter,t.DKK,F&P,reported,kvartalsvise-markedsandele-1-2026.xlsx,Skadeforsikring i alt,94
Forsikring,Skadeforsikring i alt,2023,3,9,GF Forsikring A/S,2298543.0,53097174.0,0.04328936576843262,4.328936576843262,Bruttopræmieindtægter,t.DKK,F&P,reported,kvartalsvise-markedsandele-1-2026.xlsx,Skadeforsikring i alt,95
Forsikring,Skadeforsikring i alt,2023,3,9,PFA Pension,1530176.0,53097174.0,0.02881840705871582,2.881840705871582,Bruttopræmieindtægter,t.DKK,F&P,reported,kvartalsvise-markedsandele-1-2026.xlsx,Skadeforsikring i alt,96
Forsikring,Skadeforsikring i alt,2023,3,9,Købstædernes Forsikring,1155196.0,53097174.0,0.021756260395050048,2.175626039505005,Bruttopræmieindtægter,t.DKK,F&P,reported,kvartalsvise-markedsandele-1-2026.xlsx,Skadeforsikring i alt,97
Forsikring,Skadeforsikring i alt,2023,3,9,Danica Pension,998607.0,53097174.0,0.01880715847015381,1.8807158470153809,Bruttopræmieindtægter,t.DKK,F&P,reported,kvartalsvise-markedsandele-1-2026.xlsx,Skadeforsikring i alt,98
Forsikring,Skadeforsikring i alt,2023,3,9,Protector Forsikring,641272.0,53097174.0,0.012077327966690064,1.2077327966690063,Bruttopræmieindtægter,t.DKK,F&P,reported,kvartalsvise-markedsandele-1-2026.xlsx,Skadeforsikring i alt,99
Forsikring,Skadeforsikring i alt,2023,3,9,Forsia Forsikring A/S,590881.0,53097174.0,0.011128294467926025,1.1128294467926025,Bruttopræmieindtægter,t.DKK,F&P,reported,kvartalsvise-markedsandele-1-2026.xlsx,Skadeforsikring i alt,100
Forsikring,Skadeforsikring i alt,2023,3,9,"Nordea Pension, Livsforsikring A/S",556127.0,53097174.0,0.010473757982254028,1.0473757982254028,Bruttopræmieindtægter,t.DKK,F&P,reported,kvartalsvise-markedsandele-1-2026.xlsx,Skadeforsikring i alt,101
Forsikring,Skadeforsikring i alt,2023,3,9,Himmerland Forsikring,385274.0,53097174.0,0.007256016731262207,0.7256016731262207,Bruttopræmieindtægter,t.DKK,F&P,reported,kvartalsvise-markedsandele-1-2026.xlsx,Skadeforsikring i alt,102
Forsikring,Skadeforsikring i alt,2023,3,9,Thisted Forsikring,358572.0,53097174.0,0.006753127574920654,0.6753127574920654,Bruttopræmieindtægter,t.DKK,F&P,reported,kvartalsvise-markedsandele-1-2026.xlsx,Skadeforsikring i alt,103
Forsikring,Skadeforsikring i alt,2023,3,9,Vestjylland,309190.0,53097174.0,0.005823096632957459,0.5823096632957458,Bruttopræmieindtægter,t.DKK,F&P,reported,kvartalsvise-markedsandele-1-2026.xlsx,Skadeforsikring i alt,104
Forsikring,Skadeforsikring i alt,2023,3,9,Lokal Forsikring,274815.0,53097174.0,0.00517569899559021,0.517569899559021,Bruttopræmieindtægter,t.DKK,F&P,reported,kvartalsvise-markedsandele-1-2026.xlsx,Skadeforsikring i alt,105
Forsikring,Skadeforsikring i alt,2023,3,9,Dansk Boligforsikring,267354.0,53097174.0,0.00503518283367157,0.503518283367157,Bruttopræmieindtægter,t.DKK,F&P,reported,kvartalsvise-markedsandele-1-2026.xlsx,Skadeforsikring i alt,106
Forsikring,Skadeforsikring i alt,2023,3,9,PenSam,266337.0,53097174.0,0.0050160294771194455,0.5016029477119446,Bruttopræmieindtægter,t.DKK,F&P,reported,kvartalsvise-markedsandele-1-2026.xlsx,Skadeforsikring i alt,107
Forsikring,Skadeforsikring i alt,2023,3,9,HDI-Gerling Forsikring,224899.0,53097174.0,0.004235611259937286,0.42356112599372864,Bruttopræmieindtægter,t.DKK,F&P,reported,kvartalsvise-markedsandele-1-2026.xlsx,Skadeforsikring i alt,108
Forsikring,Skadeforsikring i alt,2023,3,9,PensionDanmark,233299.0,53097174.0,0.004393811821937561,0.4393811821937561,Bruttopræmieindtægter,t.DKK,F&P,reported,kvartalsvise-markedsandele-1-2026.xlsx,Skadeforsikring i alt,109
Forsikring,Skadeforsikring i alt,2023,3,9,Aros Forsikring,215093.0,53097174.0,0.004050931036472321,0.40509310364723206,Bruttopræmieindtægter,t.DKK,F&P,reported,kvartalsvise-markedsandele-1-2026.xlsx,Skadeforsikring i alt,110
Forsikring,Skadeforsikring i alt,2023,3,9,Popermo Forsikring,205300.0,53097174.0,0.003866495788097382,0.38664957880973816,Bruttopræmieindtægter,t.DKK,F&P,reported,kvartalsvise-markedsandele-1-2026.xlsx,Skadeforsikring i alt,111
Forsikring,Skadeforsikring i alt,2023,3,9,ETU Forsikring,159674.0,53097174.0,0.0030072033405303955,0.30072033405303955,Bruttopræmieindtægter,t.DKK,F&P,reported,kvartalsvise-markedsandele-1-2026.xlsx,Skadeforsikring i alt,112
Forsikring,Skadeforsikring i alt,2023,3,9,Gartnernes Forsikring,128722.0,53097174.0,0.0024242720007896425,0.24242720007896423,Bruttopræmieindtægter,t.DKK,F&P,reported,kvartalsvise-markedsandele-1-2026.xlsx,Skadeforsikring i alt,113
Forsikring,Skadeforsikring i alt,2023,3,9,Bornholms Brandforsikring,119542.0,53097174.0,0.002251381576061249,0.22513815760612488,Bruttopræmieindtægter,t.DKK,F&P,reported,kvartalsvise-markedsandele-1-2026.xlsx,Skadeforsikring i alt,114
Forsikring,Skadeforsikring i alt,2023,3,9,Vejle Brand,105512.0,53097174.0,0.0019871489703655243,0.19871489703655243,Bruttopræmieindtægter,t.DKK,F&P,reported,kvartalsvise-markedsandele-1-2026.xlsx,Skadeforsikring i alt,115
Forsikring,Skadeforsikring i alt,2023,3,9,Storstrøm Forsikring G/S,92348.0,53097174.0,0.001739226132631302,0.1739226132631302,Bruttopræmieindtægter,t.DKK,F&P,reported,kvartalsvise-markedsandele-1-2026.xlsx,Skadeforsikring i alt,116
Forsikring,Skadeforsikring i alt,2023,3,9,Norli Liv og Pension Livsforsikring A/S,89241.0,53097174.0,0.0016807109117507935,0.16807109117507935,Bruttopræmieindtægter,t.DKK,F&P,reported,kvartalsvise-markedsandele-1-2026.xlsx,Skadeforsikring i alt,117
Forsikring,Skadeforsikring i alt,2023,3,9,"AP Pension, Livsforsikringsaktieselskab",99425.0,53097174.0,0.00187251016497612,0.187251016497612,Bruttopræmieindtægter,t.DKK,F&P,reported,kvartalsvise-markedsandele-1-2026.xlsx,Skadeforsikring i alt,118
Forsikring,Skadeforsikring i alt,2023,3,9,AXA Forsikring,79415.0,53097174.0,0.0014956539869308472,0.14956539869308472,Bruttopræmieindtægter,t.DKK,F&P,reported,kvartalsvise-markedsandele-1-2026.xlsx,Skadeforsikring i alt,119
Forsikring,Skadeforsikring i alt,2023,3,9,Forsikringsselskabet Nærsikring,60770.0,53097174.0,0.0011445052921772003,0.11445052921772003,Bruttopræmieindtægter,t.DKK,F&P,reported,kvartalsvise-markedsandele-1-2026.xlsx,Skadeforsikring i alt,120
Forsikring,Skadeforsikring i alt,2023,3,9,Ulykkesforsikringsforbundet for dansk Søfart,42684.0,53097174.0,0.0008038845658302307,0.08038845658302307,Bruttopræmieindtægter,t.DKK,F&P,reported,kvartalsvise-markedsandele-1-2026.xlsx,Skadeforsikring i alt,121
Forsikring,Skadeforsikring i alt,2023,3,9,Forsikringsselskabet Vendsyssel,49456.0,53097174.0,0.0009314242750406265,0.09314242750406265,Bruttopræmieindtægter,t.DKK,F&P,reported,kvartalsvise-markedsandele-1-2026.xlsx,Skadeforsikring i alt,122
Forsikring,Skadeforsikring i alt,2023,3,9,Domus Forsikring,61591.0,53097174.0,0.0011599675565958022,0.11599675565958023,Bruttopræmieindtægter,t.DKK,F&P,reported,kvartalsvise-markedsandele-1-2026.xlsx,Skadeforsikring i alt,123
Forsikring,Skadeforsikring i alt,2023,3,9,HF Forsikring,36884.0,53097174.0,0.0006946508586406708,0.06946508586406708,Bruttopræmieindtægter,t.DKK,F&P,reported,kvartalsvise-markedsandele-1-2026.xlsx,Skadeforsikring i alt,124
Forsikring,Skadeforsikring i alt,2023,3,9,Fiskernes Forsikring,29775.0,53097174.0,0.0005607642978429794,0.05607642978429794,Bruttopræmieindtægter,t.DKK,F&P,reported,kvartalsvise-markedsandele-1-2026.xlsx,Skadeforsikring i alt,125
Forsikring,Skadeforsikring i alt,2023,3,9,Dansk Musiker Forbund Forsikring,5501.0,53097174.0,0.00010360249318182469,0.010360249318182468,Bruttopræmieindtægter,t.DKK,F&P,reported,kvartalsvise-markedsandele-1-2026.xlsx,Skadeforsikring i alt,126
Forsikring,Skadeforsikring i alt,2023,3,9,Norli Pension,222.0,53097174.0,4.181013209745288e-06,0.0004181013209745288,Bruttopræmieindtægter,t.DKK,F&P,reported,kvartalsvise-markedsandele-1-2026.xlsx,Skadeforsikring i alt,127
Forsikring,Skadeforsikring i alt,2023,4,12,Tryg,17376444.0,71063814.0,0.24451887130737304,24.451887130737305,Bruttopræmieindtægter,t.DKK,F&P,reported,kvartalsvise-markedsandele-1-2026.xlsx,Skadeforsikring i alt,87
Forsikring,Skadeforsikring i alt,2023,4,12,Topdanmark,10256666.0,71063814.0,0.14433035850524903,14.433035850524902,Bruttopræmieindtægter,t.DKK,F&P,reported,kvartalsvise-markedsandele-1-2026.xlsx,Skadeforsikring i alt,88
Forsikring,Skadeforsikring i alt,2023,4,12,Alm. Brand Forsikring,5975819.0,71063814.0,0.08409088134765624,8.409088134765625,Bruttopræmieindtægter,t.DKK,F&P,reported,kvartalsvise-markedsandele-1-2026.xlsx,Skadeforsikring i alt,89
Forsikring,Skadeforsikring i alt,2023,4,12,Codan,5721228.0,71063814.0,0.08050831794738769,8.05083179473877,Bruttopræmieindtægter,t.DKK,F&P,reported,kvartalsvise-markedsandele-1-2026.xlsx,Skadeforsikring i alt,90
Forsikring,Skadeforsikring i alt,2023,4,12,Gjensidige Forsikring,5222430.0,71063814.0,0.07348929882049561,7.3489298820495605,Bruttopræmieindtægter,t.DKK,F&P,reported,kvartalsvise-markedsandele-1-2026.xlsx,Skadeforsikring i alt,91
Forsikring,Skadeforsikring i alt,2023,4,12,If,3875576.0,71063814.0,0.0545365571975708,5.45365571975708,Bruttopræmieindtægter,t.DKK,F&P,reported,kvartalsvise-markedsandele-1-2026.xlsx,Skadeforsikring i alt,92
Forsikring,Skadeforsikring i alt,2023,4,12,Sygeforsikringen Danmark,3700679.0,71063814.0,0.052075433731079104,5.20754337310791,Bruttopræmieindtægter,t.DKK,F&P,reported,kvartalsvise-markedsandele-1-2026.xlsx,Skadeforsikring i alt,93
Forsikring,Skadeforsikring i alt,2023,4,12,LB Forsikring,3557530.0,71063814.0,0.05006105899810791,5.006105899810791,Bruttopræmieindtægter,t.DKK,F&P,reported,kvartalsvise-markedsandele-1-2026.xlsx,Skadeforsikring i alt,94
Forsikring,Skadeforsikring i alt,2023,4,12,GF Forsikring A/S,3083414.0,71063814.0,0.04338936805725098,4.338936805725098,Bruttopræmieindtægter,t.DKK,F&P,reported,kvartalsvise-markedsandele-1-2026.xlsx,Skadeforsikring i alt,95
Forsikring,Skadeforsikring i alt,2023,4,12,PFA Pension,1746696.0,71063814.0,0.02457926034927368,2.457926034927368,Bruttopræmieindtægter,t.DKK,F&P,reported,kvartalsvise-markedsandele-1-2026.xlsx,Skadeforsikring i alt,96
Forsikring,Skadeforsikring i alt,2023,4,12,Købstædernes Forsikring,1544104.0,71063814.0,0.021728413105010988,2.1728413105010986,Bruttopræmieindtægter,t.DKK,F&P,reported,kvartalsvise-markedsandele-1-2026.xlsx,Skadeforsikring i alt,97
Forsikring,Skadeforsikring i alt,2023,4,12,Danica Pension,1459690.0,71063814.0,0.020540552139282228,2.0540552139282227,Bruttopræmieindtægter,t.DKK,F&P,reported,kvartalsvise-markedsandele-1-2026.xlsx,Skadeforsikring i alt,98
Forsikring,Skadeforsikring i alt,2023,4,12,Protector Forsikring,863381.0,71063814.0,0.012149375677108765,1.2149375677108765,Bruttopræmieindtægter,t.DKK,F&P,reported,kvartalsvise-markedsandele-1-2026.xlsx,Skadeforsikring i alt,99
Forsikring,Skadeforsikring i alt,2023,4,12,Forsia Forsikring A/S,744015.0,71063814.0,0.01046967387199402,1.0469673871994019,Bruttopræmieindtægter,t.DKK,F&P,reported,kvartalsvise-markedsandele-1-2026.xlsx,Skadeforsikring i alt,100
Forsikring,Skadeforsikring i alt,2023,4,12,"Nordea Pension, Livsforsikring A/S",715448.0,71063814.0,0.010067683458328248,1.0067683458328247,Bruttopræmieindtægter,t.DKK,F&P,reported,kvartalsvise-markedsandele-1-2026.xlsx,Skadeforsikring i alt,101
Forsikring,Skadeforsikring i alt,2023,4,12,Himmerland Forsikring,518486.0,71063814.0,0.007296062111854553,0.7296062111854553,Bruttopræmieindtægter,t.DKK,F&P,reported,kvartalsvise-markedsandele-1-2026.xlsx,Skadeforsikring i alt,102
Forsikring,Skadeforsikring i alt,2023,4,12,Thisted Forsikring,482614.0,71063814.0,0.006791276335716248,0.6791276335716248,Bruttopræmieindtægter,t.DKK,F&P,reported,kvartalsvise-markedsandele-1-2026.xlsx,Skadeforsikring i alt,103
Forsikring,Skadeforsikring i alt,2023,4,12,Vestjylland,419023.0,71063814.0,0.005896432399749756,0.5896432399749756,Bruttopræmieindtægter,t.DKK,F&P,reported,kvartalsvise-markedsandele-1-2026.xlsx,Skadeforsikring i alt,104
Forsikring,Skadeforsikring i alt,2023,4,12,Lokal Forsikring,367897.0,71063814.0,0.005176994800567627,0.5176994800567627,Bruttopræmieindtægter,t.DKK,F&P,reported,kvartalsvise-markedsandele-1-2026.xlsx,Skadeforsikring i alt,105
Forsikring,Skadeforsikring i alt,2023,4,12,Dansk Boligforsikring,365703.0,71063814.0,0.00514612078666687,0.514612078666687,Bruttopræmieindtægter,t.DKK,F&P,reported,kvartalsvise-markedsandele-1-2026.xlsx,Skadeforsikring i alt,106
Forsikring,Skadeforsikring i alt,2023,4,12,PenSam,355382.0,71063814.0,0.005000885128974914,0.5000885128974915,Bruttopræmieindtægter,t.DKK,F&P,reported,kvartalsvise-markedsandele-1-2026.xlsx,Skadeforsikring i alt,107
Forsikring,Skadeforsikring i alt,2023,4,12,HDI-Gerling Forsikring,317068.0,71063814.0,0.0044617360830307,0.44617360830307007,Bruttopræmieindtægter,t.DKK,F&P,reported,kvartalsvise-markedsandele-1-2026.xlsx,Skadeforsikring i alt,108
Forsikring,Skadeforsikring i alt,2023,4,12,PensionDanmark,313446.0,71063814.0,0.00441076785326004,0.44107678532600403,Bruttopræmieindtægter,t.DKK,F&P,reported,kvartalsvise-markedsandele-1-2026.xlsx,Skadeforsikring i alt,109
Forsikring,Skadeforsikring i alt,2023,4,12,Aros Forsikring,291041.0,71063814.0,0.004095487892627716,0.4095487892627716,Bruttopræmieindtægter,t.DKK,F&P,reported,kvartalsvise-markedsandele-1-2026.xlsx,Skadeforsikring i alt,110
Forsikring,Skadeforsikring i alt,2023,4,12,Popermo Forsikring,273552.0,71063814.0,0.00384938508272171,0.384938508272171,Bruttopræmieindtægter,t.DKK,F&P,reported,kvartalsvise-markedsandele-1-2026.xlsx,Skadeforsikring i alt,111
Forsikring,Skadeforsikring i alt,2023,4,12,ETU Forsikring,216620.0,71063814.0,0.003048246204853058,0.3048246204853058,Bruttopræmieindtægter,t.DKK,F&P,reported,kvartalsvise-markedsandele-1-2026.xlsx,Skadeforsikring i alt,112
Forsikring,Skadeforsikring i alt,2023,4,12,Gartnernes Forsikring,172812.0,71063814.0,0.002431786060333252,0.2431786060333252,Bruttopræmieindtægter,t.DKK,F&P,reported,kvartalsvise-markedsandele-1-2026.xlsx,Skadeforsikring i alt,113
Forsikring,Skadeforsikring i alt,2023,4,12,Bornholms Brandforsikring,160871.0,71063814.0,0.0022637540102005004,0.22637540102005005,Bruttopræmieindtægter,t.DKK,F&P,reported,kvartalsvise-markedsandele-1-2026.xlsx,Skadeforsikring i alt,114
Forsikring,Skadeforsikring i alt,2023,4,12,Vejle Brand,142171.0,71063814.0,0.0020006102323532103,0.20006102323532104,Bruttopræmieindtægter,t.DKK,F&P,reported,kvartalsvise-markedsandele-1-2026.xlsx,Skadeforsikring i alt,115
Forsikring,Skadeforsikring i alt,2023,4,12,Storstrøm Forsikring G/S,122562.0,71063814.0,0.0017246751487255097,0.17246751487255096,Bruttopræmieindtægter,t.DKK,F&P,reported,kvartalsvise-markedsandele-1-2026.xlsx,Skadeforsikring i alt,116
Forsikring,Skadeforsikring i alt,2023,4,12,Norli Liv og Pension Livsforsikring A/S,121634.0,71063814.0,0.0017116165161132812,0.17116165161132812,Bruttopræmieindtægter,t.DKK,F&P,reported,kvartalsvise-markedsandele-1-2026.xlsx,Skadeforsikring i alt,117
Forsikring,Skadeforsikring i alt,2023,4,12,"AP Pension, Livsforsikringsaktieselskab",109441.0,71063814.0,0.001540038287639618,0.1540038287639618,Bruttopræmieindtægter,t.DKK,F&P,reported,kvartalsvise-markedsandele-1-2026.xlsx,Skadeforsikring i alt,118
Forsikring,Skadeforsikring i alt,2023,4,12,AXA Forsikring,93721.0,71063814.0,0.0013188287615776063,0.13188287615776062,Bruttopræmieindtægter,t.DKK,F&P,reported,kvartalsvise-markedsandele-1-2026.xlsx,Skadeforsikring i alt,119
Forsikring,Skadeforsikring i alt,2023,4,12,Forsikringsselskabet Nærsikring,81979.0,71063814.0,0.0011535969376564026,0.11535969376564026,Bruttopræmieindtægter,t.DKK,F&P,reported,kvartalsvise-markedsandele-1-2026.xlsx,Skadeforsikring i alt,120
Forsikring,Skadeforsikring i alt,2023,4,12,Ulykkesforsikringsforbundet for dansk Søfart,80772.0,71063814.0,0.0011366122215986253,0.11366122215986252,Bruttopræmieindtægter,t.DKK,F&P,reported,kvartalsvise-markedsandele-1-2026.xlsx,Skadeforsikring i alt,121
Forsikring,Skadeforsikring i alt,2023,4,12,Forsikringsselskabet Vendsyssel,66373.0,71063814.0,0.0009339915215969086,0.09339915215969086,Bruttopræmieindtægter,t.DKK,F&P,reported,kvartalsvise-markedsandele-1-2026.xlsx,Skadeforsikring i alt,122
Forsikring,Skadeforsikring i alt,2023,4,12,Domus Forsikring,61591.0,71063814.0,0.0008666998893022538,0.08666998893022537,Bruttopræmieindtægter,t.DKK,F&P,reported,kvartalsvise-markedsandele-1-2026.xlsx,Skadeforsikring i alt,123
Forsikring,Skadeforsikring i alt,2023,4,12,HF Forsikring,49537.0,71063814.0,0.0006970776617527008,0.06970776617527008,Bruttopræmieindtægter,t.DKK,F&P,reported,kvartalsvise-markedsandele-1-2026.xlsx,Skadeforsikring i alt,124
Forsikring,Skadeforsikring i alt,2023,4,12,Fiskernes Forsikring,28776.0,71063814.0,0.00040493182837963103,0.040493182837963104,Bruttopræmieindtægter,t.DKK,F&P,reported,kvartalsvise-markedsandele-1-2026.xlsx,Skadeforsikring i alt,125
Forsikring,Skadeforsikring i alt,2023,4,12,Dansk Musiker Forbund Forsikring,7329.0,71063814.0,0.00010313265025615692,0.010313265025615692,Bruttopræmieindtægter,t.DKK,F&P,reported,kvartalsvise-markedsandele-1-2026.xlsx,Skadeforsikring i alt,126
Forsikring,Skadeforsikring i alt,2023,4,12,Norli Pension,293.0,71063814.0,4.12305467762053e-06,0.000412305467762053,Bruttopræmieindtægter,t.DKK,F&P,reported,kvartalsvise-markedsandele-1-2026.xlsx,Skadeforsikring i alt,127
Forsikring,Skadeforsikring i alt,2022,1,3,Tryg,3801032.0,16489104.0,0.23051780700683594,23.051780700683594,Bruttopræmieindtægter,t.DKK,F&P,reported,kvartalsvise-markedsandele-1-2026.xlsx,Skadeforsikring i alt,132
Forsikring,Skadeforsikring i alt,2022,1,3,Topdanmark,2610069.0,16489104.0,0.15829052925109863,15.829052925109863,Bruttopræmieindtægter,t.DKK,F&P,reported,kvartalsvise-markedsandele-1-2026.xlsx,Skadeforsikring i alt,133
Forsikring,Skadeforsikring i alt,2022,1,3,Alm. Brand Group,1414357.0,16489104.0,0.0857752513885498,8.57752513885498,Bruttopræmieindtægter,t.DKK,F&P,reported,kvartalsvise-markedsandele-1-2026.xlsx,Skadeforsikring i alt,134
Forsikring,Skadeforsikring i alt,2022,1,3,Codan,1306910.0,16489104.0,0.0792590045928955,7.925900459289551,Bruttopræmieindtægter,t.DKK,F&P,reported,kvartalsvise-markedsandele-1-2026.xlsx,Skadeforsikring i alt,135
Forsikring,Skadeforsikring i alt,2022,1,3,Gjensidige Forsikring,1115050.0,16489104.0,0.06762344360351563,6.7623443603515625,Bruttopræmieindtægter,t.DKK,F&P,reported,kvartalsvise-markedsandele-1-2026.xlsx,Skadeforsikring i alt,136
Forsikring,Skadeforsikring i alt,2022,1,3,If,926436.0,16489104.0,0.05618474006652832,5.618474006652832,Bruttopræmieindtægter,t.DKK,F&P,reported,kvartalsvise-markedsandele-1-2026.xlsx,Skadeforsikring i alt,137
Forsikring,Skadeforsikring i alt,2022,1,3,Sygeforsikringen Danmark,887564.0,16489104.0,0.05382730484008789,5.382730484008789,Bruttopræmieindtægter,t.DKK,F&P,reported,kvartalsvise-markedsandele-1-2026.xlsx,Skadeforsikring i alt,138
Forsikring,Skadeforsikring i alt,2022,1,3,LB Forsikring,731436.0,16489104.0,0.044358749389648434,4.435874938964844,Bruttopræmieindtægter,t.DKK,F&P,reported,kvartalsvise-markedsandele-1-2026.xlsx,Skadeforsikring i alt,139
Forsikring,Skadeforsikring i alt,2022,1,3,GF Forsikring A/S,693119.0,16489104.0,0.042034969329833985,4.203496932983398,Bruttopræmieindtægter,t.DKK,F&P,reported,kvartalsvise-markedsandele-1-2026.xlsx,Skadeforsikring i alt,140
Forsikring,Skadeforsikring i alt,2022,1,3,PFA Pension,571364.0,16489104.0,0.03465100288391113,3.4651002883911133,Bruttopræmieindtægter,t.DKK,F&P,reported,kvartalsvise-markedsandele-1-2026.xlsx,Skadeforsikring i alt,141
Forsikring,Skadeforsikring i alt,2022,1,3,Danica Pension,377099.0,16489104.0,0.022869586944580078,2.286958694458008,Bruttopræmieindtægter,t.DKK,F&P,reported,kvartalsvise-markedsandele-1-2026.xlsx,Skadeforsikring i alt,142
Forsikring,Skadeforsikring i alt,2022,1,3,Købstædernes Forsikring,357013.0,16489104.0,0.02165144920349121,2.165144920349121,Bruttopræmieindtægter,t.DKK,F&P,reported,kvartalsvise-markedsandele-1-2026.xlsx,Skadeforsikring i alt,143
Forsikring,Skadeforsikring i alt,2022,1,3,Sønderjysk Forsikring,186621.0,16489104.0,0.011317837238311767,1.1317837238311768,Bruttopræmieindtægter,t.DKK,F&P,reported,kvartalsvise-markedsandele-1-2026.xlsx,Skadeforsikring i alt,144
Forsikring,Skadeforsikring i alt,2022,1,3,Protector Forsikring,184792.0,16489104.0,0.011206915378570556,1.1206915378570557,Bruttopræmieindtægter,t.DKK,F&P,reported,kvartalsvise-markedsandele-1-2026.xlsx,Skadeforsikring i alt,145
Forsikring,Skadeforsikring i alt,2022,1,3,Himmerland Forsikring,124615.0,16489104.0,0.007557414770126343,0.7557414770126343,Bruttopræmieindtægter,t.DKK,F&P,reported,kvartalsvise-markedsandele-1-2026.xlsx,Skadeforsikring i alt,146
Forsikring,Skadeforsikring i alt,2022,1,3,Thisted Forsikring,112140.0,16489104.0,0.006800854802131653,0.6800854802131653,Bruttopræmieindtægter,t.DKK,F&P,reported,kvartalsvise-markedsandele-1-2026.xlsx,Skadeforsikring i alt,147
Forsikring,Skadeforsikring i alt,2022,1,3,Dansk Boligforsikring,97329.0,16489104.0,0.005902625322341919,0.5902625322341919,Bruttopræmieindtægter,t.DKK,F&P,reported,kvartalsvise-markedsandele-1-2026.xlsx,Skadeforsikring i alt,148
Forsikring,Skadeforsikring i alt,2022,1,3,Vestjylland,91943.0,16489104.0,0.005575985312461853,0.5575985312461853,Bruttopræmieindtægter,t.DKK,F&P,reported,kvartalsvise-markedsandele-1-2026.xlsx,Skadeforsikring i alt,149
Forsikring,Skadeforsikring i alt,2022,1,3,Lokal Forsikring,85410.0,16489104.0,0.005179784297943115,0.5179784297943115,Bruttopræmieindtægter,t.DKK,F&P,reported,kvartalsvise-markedsandele-1-2026.xlsx,Skadeforsikring i alt,150
Forsikring,Skadeforsikring i alt,2022,1,3,PenSam,74801.0,16489104.0,0.004536389708518982,0.4536389708518982,Bruttopræmieindtægter,t.DKK,F&P,reported,kvartalsvise-markedsandele-1-2026.xlsx,Skadeforsikring i alt,151
Forsikring,Skadeforsikring i alt,2022,1,3,PensionDanmark,71617.0,16489104.0,0.004343292415142059,0.43432924151420593,Bruttopræmieindtægter,t.DKK,F&P,reported,kvartalsvise-markedsandele-1-2026.xlsx,Skadeforsikring i alt,152
Forsikring,Skadeforsikring i alt,2022,1,3,Aros Forsikring,62696.0,16489104.0,0.0038022685050964357,0.38022685050964355,Bruttopræmieindtægter,t.DKK,F&P,reported,kvartalsvise-markedsandele-1-2026.xlsx,Skadeforsikring i alt,153
Forsikring,Skadeforsikring i alt,2022,1,3,Popermo Forsikring,62314.0,16489104.0,0.0037791016697883606,0.37791016697883606,Bruttopræmieindtægter,t.DKK,F&P,reported,kvartalsvise-markedsandele-1-2026.xlsx,Skadeforsikring i alt,154
Forsikring,Skadeforsikring i alt,2022,1,3,ETU Forsikring,53800.0,16489104.0,0.003262760639190674,0.3262760639190674,Bruttopræmieindtægter,t.DKK,F&P,reported,kvartalsvise-markedsandele-1-2026.xlsx,Skadeforsikring i alt,155
Forsikring,Skadeforsikring i alt,2022,1,3,HDI-Gerling Forsikring,45999.0,16489104.0,0.002789660394191742,0.2789660394191742,Bruttopræmieindtægter,t.DKK,F&P,reported,kvartalsvise-markedsandele-1-2026.xlsx,Skadeforsikring i alt,156
Forsikring,Skadeforsikring i alt,2022,1,3,Gartnernes Forsikring,39880.0,16489104.0,0.0024185667932033537,0.2418566793203354,Bruttopræmieindtægter,t.DKK,F&P,reported,kvartalsvise-markedsandele-1-2026.xlsx,Skadeforsikring i alt,157
Forsikring,Skadeforsikring i alt,2022,1,3,Bornholms Brandforsikring,36563.0,16489104.0,0.0022174036502838135,0.22174036502838135,Bruttopræmieindtægter,t.DKK,F&P,reported,kvartalsvise-markedsandele-1-2026.xlsx,Skadeforsikring i alt,158
Forsikring,Skadeforsikring i alt,2022,1,3,Domus Forsikring,38820.0,16489104.0,0.0023542819917201996,0.23542819917201996,Bruttopræmieindtægter,t.DKK,F&P,reported,kvartalsvise-markedsandele-1-2026.xlsx,Skadeforsikring i alt,159
Forsikring,Skadeforsikring i alt,2022,1,3,Vejle Brand,31264.0,16489104.0,0.001896039992570877,0.1896039992570877,Bruttopræmieindtægter,t.DKK,F&P,reported,kvartalsvise-markedsandele-1-2026.xlsx,Skadeforsikring i alt,160
Forsikring,Skadeforsikring i alt,2022,1,3,Storstrøms Forsikring,34392.0,16489104.0,0.002085741013288498,0.2085741013288498,Bruttopræmieindtægter,t.DKK,F&P,reported,kvartalsvise-markedsandele-1-2026.xlsx,Skadeforsikring i alt,161
Forsikring,Skadeforsikring i alt,2022,1,3,Forsikringsselskabet Nærsikring,18969.0,16489104.0,0.0011503960192203522,0.11503960192203522,Bruttopræmieindtægter,t.DKK,F&P,reported,kvartalsvise-markedsandele-1-2026.xlsx,Skadeforsikring i alt,163
Forsikring,Skadeforsikring i alt,2022,1,3,AXA Forsikring,41442.0,16489104.0,0.0025132960081100464,0.25132960081100464,Bruttopræmieindtægter,t.DKK,F&P,reported,kvartalsvise-markedsandele-1-2026.xlsx,Skadeforsikring i alt,164
Forsikring,Skadeforsikring i alt,2022,1,3,"AP Pension, Livsforsikringsaktieselskab",89603.0,16489104.0,0.005434073209762573,0.5434073209762573,Bruttopræmieindtægter,t.DKK,F&P,reported,kvartalsvise-markedsandele-1-2026.xlsx,Skadeforsikring i alt,165
Forsikring,Skadeforsikring i alt,2022,1,3,Forsikringsselskabet Vendsyssel,15611.0,16489104.0,0.0009467463940382003,0.09467463940382004,Bruttopræmieindtægter,t.DKK,F&P,reported,kvartalsvise-markedsandele-1-2026.xlsx,Skadeforsikring i alt,167
Forsikring,Skadeforsikring i alt,2022,1,3,HF Forsikring,11619.0,16489104.0,0.0007046471536159515,0.07046471536159515,Bruttopræmieindtægter,t.DKK,F&P,reported,kvartalsvise-markedsandele-1-2026.xlsx,Skadeforsikring i alt,169
Forsikring,Skadeforsikring i alt,2022,1,3,Fiskernes Forsikring,18272.0,16489104.0,0.0011081256717443465,0.11081256717443466,Bruttopræmieindtægter,t.DKK,F&P,reported,kvartalsvise-markedsandele-1-2026.xlsx,Skadeforsikring i alt,170
Forsikring,Skadeforsikring i alt,2022,1,3,Dansk Musiker Forbund Forsikring,1760.0,16489104.0,0.00010673714801669121,0.01067371480166912,Bruttopræmieindtægter,t.DKK,F&P,reported,kvartalsvise-markedsandele-1-2026.xlsx,Skadeforsikring i alt,171
Forsikring,Skadeforsikring i alt,2022,1,3,Norli Pension,77.0,16489104.0,4.669750342145562e-06,0.0004669750342145562,Bruttopræmieindtægter,t.DKK,F&P,reported,kvartalsvise-markedsandele-1-2026.xlsx,Skadeforsikring i alt,172
Forsikring,Skadeforsikring i alt,2022,1,3,"NEM Forsikring, dansk filial af Gjensdige Forsikring ASA",65306.0,16489104.0,0.003960554897785187,0.3960554897785187,Bruttopræmieindtægter,t.DKK,F&P,reported,kvartalsvise-markedsandele-1-2026.xlsx,Skadeforsikring i alt,173
Forsikring,Skadeforsikring i alt,2022,2,6,Tryg,7700902.0,33571206.0,0.22939006805419923,22.939006805419922,Bruttopræmieindtægter,t.DKK,F&P,reported,kvartalsvise-markedsandele-1-2026.xlsx,Skadeforsikring i alt,132
Forsikring,Skadeforsikring i alt,2022,2,6,Topdanmark,5251831.0,33571206.0,0.15643855094909667,15.643855094909668,Bruttopræmieindtægter,t.DKK,F&P,reported,kvartalsvise-markedsandele-1-2026.xlsx,Skadeforsikring i alt,133
Forsikring,Skadeforsikring i alt,2022,2,6,Alm. Brand Group,2831531.0,33571206.0,0.0843440341949463,8.434403419494629,Bruttopræmieindtægter,t.DKK,F&P,reported,kvartalsvise-markedsandele-1-2026.xlsx,Skadeforsikring i alt,134
Forsikring,Skadeforsikring i alt,2022,2,6,Codan,2722792.0,33571206.0,0.0811049747467041,8.11049747467041,Bruttopræmieindtægter,t.DKK,F&P,reported,kvartalsvise-markedsandele-1-2026.xlsx,Skadeforsikring i alt,135
Forsikring,Skadeforsikring i alt,2022,2,6,Gjensidige Forsikring,2318541.0,33571206.0,0.06906337738037109,6.906337738037109,Bruttopræmieindtægter,t.DKK,F&P,reported,kvartalsvise-markedsandele-1-2026.xlsx,Skadeforsikring i alt,136
Forsikring,Skadeforsikring i alt,2022,2,6,If,1879340.0,33571206.0,0.05598070621490479,5.5980706214904785,Bruttopræmieindtægter,t.DKK,F&P,reported,kvartalsvise-markedsandele-1-2026.xlsx,Skadeforsikring i alt,137
Forsikring,Skadeforsikring i alt,2022,2,6,Sygeforsikringen Danmark,1778894.0,33571206.0,0.052988681793212894,5.298868179321289,Bruttopræmieindtægter,t.DKK,F&P,reported,kvartalsvise-markedsandele-1-2026.xlsx,Skadeforsikring i alt,138
Forsikring,Skadeforsikring i alt,2022,2,6,LB Forsikring,1453208.0,33571206.0,0.04328732967376709,4.328732967376709,Bruttopræmieindtægter,t.DKK,F&P,reported,kvartalsvise-markedsandele-1-2026.xlsx,Skadeforsikring i alt,139
Forsikring,Skadeforsikring i alt,2022,2,6,GF Forsikring A/S,1405553.0,33571206.0,0.0418678092956543,4.18678092956543,Bruttopræmieindtægter,t.DKK,F&P,reported,kvartalsvise-markedsandele-1-2026.xlsx,Skadeforsikring i alt,140
Forsikring,Skadeforsikring i alt,2022,2,6,PFA Pension,1370835.0,33571206.0,0.04083364963531494,4.083364963531494,Bruttopræmieindtægter,t.DKK,F&P,reported,kvartalsvise-markedsandele-1-2026.xlsx,Skadeforsikring i alt,141
Forsikring,Skadeforsikring i alt,2022,2,6,Danica Pension,843549.0,33571206.0,0.025127155780792235,2.5127155780792236,Bruttopræmieindtægter,t.DKK,F&P,reported,kvartalsvise-markedsandele-1-2026.xlsx,Skadeforsikring i alt,142
Forsikring,Skadeforsikring i alt,2022,2,6,Købstædernes Forsikring,720901.0,33571206.0,0.0214737868309021,2.14737868309021,Bruttopræmieindtægter,t.DKK,F&P,reported,kvartalsvise-markedsandele-1-2026.xlsx,Skadeforsikring i alt,143
Forsikring,Skadeforsikring i alt,2022,2,6,Sønderjysk Forsikring,381343.0,33571206.0,0.011359227895736694,1.1359227895736694,Bruttopræmieindtægter,t.DKK,F&P,reported,kvartalsvise-markedsandele-1-2026.xlsx,Skadeforsikring i alt,144
Forsikring,Skadeforsikring i alt,2022,2,6,Protector Forsikring,370018.0,33571206.0,0.011021884679794312,1.1021884679794312,Bruttopræmieindtægter,t.DKK,F&P,reported,kvartalsvise-markedsandele-1-2026.xlsx,Skadeforsikring i alt,145
Forsikring,Skadeforsikring i alt,2022,2,6,Himmerland Forsikring,251643.0,33571206.0,0.007495798468589783,0.7495798468589783,Bruttopræmieindtægter,t.DKK,F&P,reported,kvartalsvise-markedsandele-1-2026.xlsx,Skadeforsikring i alt,146
Forsikring,Skadeforsikring i alt,2022,2,6,Thisted Forsikring,226318.0,33571206.0,0.006741431355476379,0.6741431355476379,Bruttopræmieindtægter,t.DKK,F&P,reported,kvartalsvise-markedsandele-1-2026.xlsx,Skadeforsikring i alt,147
Forsikring,Skadeforsikring i alt,2022,2,6,Dansk Boligforsikring,200500.0,33571206.0,0.005972379446029663,0.5972379446029663,Bruttopræmieindtægter,t.DKK,F&P,reported,kvartalsvise-markedsandele-1-2026.xlsx,Skadeforsikring i alt,148
Forsikring,Skadeforsikring i alt,2022,2,6,Vestjylland,186474.0,33571206.0,0.0055545812845230105,0.555458128452301,Bruttopræmieindtægter,t.DKK,F&P,reported,kvartalsvise-markedsandele-1-2026.xlsx,Skadeforsikring i alt,149
Forsikring,Skadeforsikring i alt,2022,2,6,Lokal Forsikring,172147.0,33571206.0,0.005127816796302796,0.5127816796302795,Bruttopræmieindtægter,t.DKK,F&P,reported,kvartalsvise-markedsandele-1-2026.xlsx,Skadeforsikring i alt,150
Forsikring,Skadeforsikring i alt,2022,2,6,PenSam,151740.0,33571206.0,0.004519944489002228,0.4519944489002228,Bruttopræmieindtægter,t.DKK,F&P,reported,kvartalsvise-markedsandele-1-2026.xlsx,Skadeforsikring i alt,151
Forsikring,Skadeforsikring i alt,2022,2,6,PensionDanmark,145018.0,33571206.0,0.0043197134137153625,0.43197134137153625,Bruttopræmieindtægter,t.DKK,F&P,reported,kvartalsvise-markedsandele-1-2026.xlsx,Skadeforsikring i alt,152
Forsikring,Skadeforsikring i alt,2022,2,6,Aros Forsikring,128004.0,33571206.0,0.00381291002035141,0.381291002035141,Bruttopræmieindtægter,t.DKK,F&P,reported,kvartalsvise-markedsandele-1-2026.xlsx,Skadeforsikring i alt,153
Forsikring,Skadeforsikring i alt,2022,2,6,Popermo Forsikring,126568.0,33571206.0,0.0037701353430747986,0.37701353430747986,Bruttopræmieindtægter,t.DKK,F&P,reported,kvartalsvise-markedsandele-1-2026.xlsx,Skadeforsikring i alt,154
Forsikring,Skadeforsikring i alt,2022,2,6,ETU Forsikring,108096.0,33571206.0,0.003219901919364929,0.3219901919364929,Bruttopræmieindtægter,t.DKK,F&P,reported,kvartalsvise-markedsandele-1-2026.xlsx,Skadeforsikring i alt,155
Forsikring,Skadeforsikring i alt,2022,2,6,HDI-Gerling Forsikring,96275.0,33571206.0,0.002867784798145294,0.2867784798145294,Bruttopræmieindtægter,t.DKK,F&P,reported,kvartalsvise-markedsandele-1-2026.xlsx,Skadeforsikring i alt,156
Forsikring,Skadeforsikring i alt,2022,2,6,Gartnernes Forsikring,81082.0,33571206.0,0.002415224313735962,0.2415224313735962,Bruttopræmieindtægter,t.DKK,F&P,reported,kvartalsvise-markedsandele-1-2026.xlsx,Skadeforsikring i alt,157
Forsikring,Skadeforsikring i alt,2022,2,6,Bornholms Brandforsikring,74116.0,33571206.0,0.0022077251970767974,0.22077251970767975,Bruttopræmieindtægter,t.DKK,F&P,reported,kvartalsvise-markedsandele-1-2026.xlsx,Skadeforsikring i alt,158
Forsikring,Skadeforsikring i alt,2022,2,6,Domus Forsikring,73429.0,33571206.0,0.0021872611343860624,0.21872611343860626,Bruttopræmieindtægter,t.DKK,F&P,reported,kvartalsvise-markedsandele-1-2026.xlsx,Skadeforsikring i alt,159
Forsikring,Skadeforsikring i alt,2022,2,6,Vejle Brand,63300.0,33571206.0,0.0018855443596839906,0.18855443596839905,Bruttopræmieindtægter,t.DKK,F&P,reported,kvartalsvise-markedsandele-1-2026.xlsx,Skadeforsikring i alt,160
Forsikring,Skadeforsikring i alt,2022,2,6,Storstrøms Forsikring,65571.0,33571206.0,0.0019531916081905365,0.19531916081905365,Bruttopræmieindtægter,t.DKK,F&P,reported,kvartalsvise-markedsandele-1-2026.xlsx,Skadeforsikring i alt,161
Forsikring,Skadeforsikring i alt,2022,2,6,Norli Liv og Pension Livsforsikring A/S,59927.0,33571206.0,0.0017850713431835175,0.17850713431835175,Bruttopræmieindtægter,t.DKK,F&P,reported,kvartalsvise-markedsandele-1-2026.xlsx,Skadeforsikring i alt,162
Forsikring,Skadeforsikring i alt,2022,2,6,Forsikringsselskabet Nærsikring,42616.0,33571206.0,0.0012694211304187775,0.12694211304187775,Bruttopræmieindtægter,t.DKK,F&P,reported,kvartalsvise-markedsandele-1-2026.xlsx,Skadeforsikring i alt,163
Forsikring,Skadeforsikring i alt,2022,2,6,AXA Forsikring,60199.0,33571206.0,0.0017931735515594482,0.17931735515594482,Bruttopræmieindtægter,t.DKK,F&P,reported,kvartalsvise-markedsandele-1-2026.xlsx,Skadeforsikring i alt,164
Forsikring,Skadeforsikring i alt,2022,2,6,"AP Pension, Livsforsikringsaktieselskab",104516.0,33571206.0,0.003113262951374054,0.3113262951374054,Bruttopræmieindtægter,t.DKK,F&P,reported,kvartalsvise-markedsandele-1-2026.xlsx,Skadeforsikring i alt,165
Forsikring,Skadeforsikring i alt,2022,2,6,Ulykkesforsikringsforbundet for dansk Søfart,35749.0,33571206.0,0.0010648708045482636,0.10648708045482635,Bruttopræmieindtægter,t.DKK,F&P,reported,kvartalsvise-markedsandele-1-2026.xlsx,Skadeforsikring i alt,166
Forsikring,Skadeforsikring i alt,2022,2,6,Forsikringsselskabet Vendsyssel,31492.0,33571206.0,0.0009380657225847244,0.09380657225847244,Bruttopræmieindtægter,t.DKK,F&P,reported,kvartalsvise-markedsandele-1-2026.xlsx,Skadeforsikring i alt,167
Forsikring,Skadeforsikring i alt,2022,2,6,HF Forsikring,23496.0,33571206.0,0.0006998854130506515,0.06998854130506516,Bruttopræmieindtægter,t.DKK,F&P,reported,kvartalsvise-markedsandele-1-2026.xlsx,Skadeforsikring i alt,169
Forsikring,Skadeforsikring i alt,2022,2,6,Fiskernes Forsikring,30008.0,33571206.0,0.0008938612043857575,0.08938612043857574,Bruttopræmieindtægter,t.DKK,F&P,reported,kvartalsvise-markedsandele-1-2026.xlsx,Skadeforsikring i alt,170
Forsikring,Skadeforsikring i alt,2022,2,6,Dansk Musiker Forbund Forsikring,3534.0,33571206.0,0.00010526877827942372,0.010526877827942371,Bruttopræmieindtægter,t.DKK,F&P,reported,kvartalsvise-markedsandele-1-2026.xlsx,Skadeforsikring i alt,171
Forsikring,Skadeforsikring i alt,2022,2,6,Norli Pension,150.0,33571206.0,4.468114348128438e-06,0.0004468114348128438,Bruttopræmieindtægter,t.DKK,F&P,reported,kvartalsvise-markedsandele-1-2026.xlsx,Skadeforsikring i alt,172
Forsikring,Skadeforsikring i alt,2022,3,9,Tryg,11661753.0,50708059.0,0.2299782943725586,22.99782943725586,Bruttopræmieindtægter,t.DKK,F&P,reported,kvartalsvise-markedsandele-1-2026.xlsx,Skadeforsikring i alt,132
Forsikring,Skadeforsikring i alt,2022,3,9,Topdanmark,7913793.0,50708059.0,0.1560657787322998,15.60657787322998,Bruttopræmieindtægter,t.DKK,F&P,reported,kvartalsvise-markedsandele-1-2026.xlsx,Skadeforsikring i alt,133
Forsikring,Skadeforsikring i alt,2022,3,9,Alm. Brand Group,4277059.0,50708059.0,0.08434673309326172,8.434673309326172,Bruttopræmieindtægter,t.DKK,F&P,reported,kvartalsvise-markedsandele-1-2026.xlsx,Skadeforsikring i alt,134
Forsikring,Skadeforsikring i alt,2022,3,9,Codan,4127522.0,50708059.0,0.08139775276184082,8.139775276184082,Bruttopræmieindtægter,t.DKK,F&P,reported,kvartalsvise-markedsandele-1-2026.xlsx,Skadeforsikring i alt,135
Forsikring,Skadeforsikring i alt,2022,3,9,Gjensidige Forsikring,3491100.0,50708059.0,0.06884704113006591,6.884704113006592,Bruttopræmieindtægter,t.DKK,F&P,reported,kvartalsvise-markedsandele-1-2026.xlsx,Skadeforsikring i alt,136
Forsikring,Skadeforsikring i alt,2022,3,9,If,2838523.0,50708059.0,0.05597774982452393,5.597774982452393,Bruttopræmieindtægter,t.DKK,F&P,reported,kvartalsvise-markedsandele-1-2026.xlsx,Skadeforsikring i alt,137
Forsikring,Skadeforsikring i alt,2022,3,9,Sygeforsikringen Danmark,2673623.0,50708059.0,0.05272580146789551,5.272580146789551,Bruttopræmieindtægter,t.DKK,F&P,reported,kvartalsvise-markedsandele-1-2026.xlsx,Skadeforsikring i alt,138
Forsikring,Skadeforsikring i alt,2022,3,9,LB Forsikring,2291326.0,50708059.0,0.04518662452697754,4.518662452697754,Bruttopræmieindtægter,t.DKK,F&P,reported,kvartalsvise-markedsandele-1-2026.xlsx,Skadeforsikring i alt,139
Forsikring,Skadeforsikring i alt,2022,3,9,GF Forsikring A/S,2125711.0,50708059.0,0.04192057609558106,4.1920576095581055,Bruttopræmieindtægter,t.DKK,F&P,reported,kvartalsvise-markedsandele-1-2026.xlsx,Skadeforsikring i alt,140
Forsikring,Skadeforsikring i alt,2022,3,9,PFA Pension,1951727.0,50708059.0,0.03848948240280151,3.8489482402801514,Bruttopræmieindtægter,t.DKK,F&P,reported,kvartalsvise-markedsandele-1-2026.xlsx,Skadeforsikring i alt,141
Forsikring,Skadeforsikring i alt,2022,3,9,Danica Pension,1381350.0,50708059.0,0.027241232395172118,2.724123239517212,Bruttopræmieindtægter,t.DKK,F&P,reported,kvartalsvise-markedsandele-1-2026.xlsx,Skadeforsikring i alt,142
Forsikring,Skadeforsikring i alt,2022,3,9,Købstædernes Forsikring,1090220.0,50708059.0,0.021499934196472167,2.149993419647217,Bruttopræmieindtægter,t.DKK,F&P,reported,kvartalsvise-markedsandele-1-2026.xlsx,Skadeforsikring i alt,143
Forsikring,Skadeforsikring i alt,2022,3,9,Sønderjysk Forsikring,579753.0,50708059.0,0.011433153152465821,1.143315315246582,Bruttopræmieindtægter,t.DKK,F&P,reported,kvartalsvise-markedsandele-1-2026.xlsx,Skadeforsikring i alt,144
Forsikring,Skadeforsikring i alt,2022,3,9,Protector Forsikring,558565.0,50708059.0,0.011015310287475585,1.1015310287475586,Bruttopræmieindtægter,t.DKK,F&P,reported,kvartalsvise-markedsandele-1-2026.xlsx,Skadeforsikring i alt,145
Forsikring,Skadeforsikring i alt,2022,3,9,Himmerland Forsikring,380798.0,50708059.0,0.007509614825248718,0.7509614825248718,Bruttopræmieindtægter,t.DKK,F&P,reported,kvartalsvise-markedsandele-1-2026.xlsx,Skadeforsikring i alt,146
Forsikring,Skadeforsikring i alt,2022,3,9,Thisted Forsikring,344384.0,50708059.0,0.0067915040254592895,0.679150402545929,Bruttopræmieindtægter,t.DKK,F&P,reported,kvartalsvise-markedsandele-1-2026.xlsx,Skadeforsikring i alt,147
Forsikring,Skadeforsikring i alt,2022,3,9,Dansk Boligforsikring,312305.0,50708059.0,0.006158882975578308,0.6158882975578308,Bruttopræmieindtægter,t.DKK,F&P,reported,kvartalsvise-markedsandele-1-2026.xlsx,Skadeforsikring i alt,148
Forsikring,Skadeforsikring i alt,2022,3,9,Vestjylland,283392.0,50708059.0,0.0055886971950531005,0.5588697195053101,Bruttopræmieindtægter,t.DKK,F&P,reported,kvartalsvise-markedsandele-1-2026.xlsx,Skadeforsikring i alt,149
Forsikring,Skadeforsikring i alt,2022,3,9,Lokal Forsikring,260268.0,50708059.0,0.0051326751708984375,0.5132675170898438,Bruttopræmieindtægter,t.DKK,F&P,reported,kvartalsvise-markedsandele-1-2026.xlsx,Skadeforsikring i alt,150
Forsikring,Skadeforsikring i alt,2022,3,9,PenSam,229554.0,50708059.0,0.004526972770690918,0.4526972770690918,Bruttopræmieindtægter,t.DKK,F&P,reported,kvartalsvise-markedsandele-1-2026.xlsx,Skadeforsikring i alt,151
Forsikring,Skadeforsikring i alt,2022,3,9,PensionDanmark,221364.0,50708059.0,0.004365459978580475,0.4365459978580475,Bruttopræmieindtægter,t.DKK,F&P,reported,kvartalsvise-markedsandele-1-2026.xlsx,Skadeforsikring i alt,152
Forsikring,Skadeforsikring i alt,2022,3,9,Aros Forsikring,195871.0,50708059.0,0.003862719237804413,0.3862719237804413,Bruttopræmieindtægter,t.DKK,F&P,reported,kvartalsvise-markedsandele-1-2026.xlsx,Skadeforsikring i alt,153
Forsikring,Skadeforsikring i alt,2022,3,9,Popermo Forsikring,191703.0,50708059.0,0.0037805232405662536,0.37805232405662537,Bruttopræmieindtægter,t.DKK,F&P,reported,kvartalsvise-markedsandele-1-2026.xlsx,Skadeforsikring i alt,154
Forsikring,Skadeforsikring i alt,2022,3,9,ETU Forsikring,163288.0,50708059.0,0.0032201588153839113,0.3220158815383911,Bruttopræmieindtægter,t.DKK,F&P,reported,kvartalsvise-markedsandele-1-2026.xlsx,Skadeforsikring i alt,155
Forsikring,Skadeforsikring i alt,2022,3,9,HDI-Gerling Forsikring,151943.0,50708059.0,0.002996427118778229,0.2996427118778229,Bruttopræmieindtægter,t.DKK,F&P,reported,kvartalsvise-markedsandele-1-2026.xlsx,Skadeforsikring i alt,156
Forsikring,Skadeforsikring i alt,2022,3,9,Gartnernes Forsikring,122619.0,50708059.0,0.0024181362986564637,0.24181362986564636,Bruttopræmieindtægter,t.DKK,F&P,reported,kvartalsvise-markedsandele-1-2026.xlsx,Skadeforsikring i alt,157
Forsikring,Skadeforsikring i alt,2022,3,9,Bornholms Brandforsikring,112705.0,50708059.0,0.0022226250171661376,0.22226250171661377,Bruttopræmieindtægter,t.DKK,F&P,reported,kvartalsvise-markedsandele-1-2026.xlsx,Skadeforsikring i alt,158
Forsikring,Skadeforsikring i alt,2022,3,9,Domus Forsikring,107207.0,50708059.0,0.0021142004430294036,0.21142004430294037,Bruttopræmieindtægter,t.DKK,F&P,reported,kvartalsvise-markedsandele-1-2026.xlsx,Skadeforsikring i alt,159
Forsikring,Skadeforsikring i alt,2022,3,9,Vejle Brand,95763.0,50708059.0,0.0018885163962841034,0.18885163962841034,Bruttopræmieindtægter,t.DKK,F&P,reported,kvartalsvise-markedsandele-1-2026.xlsx,Skadeforsikring i alt,160
Forsikring,Skadeforsikring i alt,2022,3,9,Storstrøms Forsikring,95076.0,50708059.0,0.0018749682605266572,0.1874968260526657,Bruttopræmieindtægter,t.DKK,F&P,reported,kvartalsvise-markedsandele-1-2026.xlsx,Skadeforsikring i alt,161
Forsikring,Skadeforsikring i alt,2022,3,9,Norli Liv og Pension Livsforsikring A/S,88472.0,50708059.0,0.0017447325587272645,0.17447325587272644,Bruttopræmieindtægter,t.DKK,F&P,reported,kvartalsvise-markedsandele-1-2026.xlsx,Skadeforsikring i alt,162
Forsikring,Skadeforsikring i alt,2022,3,9,Forsikringsselskabet Nærsikring,65471.0,50708059.0,0.0012911359965801239,0.1291135996580124,Bruttopræmieindtægter,t.DKK,F&P,reported,kvartalsvise-markedsandele-1-2026.xlsx,Skadeforsikring i alt,163
Forsikring,Skadeforsikring i alt,2022,3,9,AXA Forsikring,73102.0,50708059.0,0.0014416249096393585,0.14416249096393585,Bruttopræmieindtægter,t.DKK,F&P,reported,kvartalsvise-markedsandele-1-2026.xlsx,Skadeforsikring i alt,164
Forsikring,Skadeforsikring i alt,2022,3,9,"AP Pension, Livsforsikringsaktieselskab",95318.0,50708059.0,0.0018797406554222106,0.18797406554222107,Bruttopræmieindtægter,t.DKK,F&P,reported,kvartalsvise-markedsandele-1-2026.xlsx,Skadeforsikring i alt,165
Forsikring,Skadeforsikring i alt,2022,3,9,Ulykkesforsikringsforbundet for dansk Søfart,34699.0,50708059.0,0.0006842896342277527,0.06842896342277527,Bruttopræmieindtægter,t.DKK,F&P,reported,kvartalsvise-markedsandele-1-2026.xlsx,Skadeforsikring i alt,166
Forsikring,Skadeforsikring i alt,2022,3,9,Forsikringsselskabet Vendsyssel,47592.0,50708059.0,0.0009385490417480469,0.09385490417480469,Bruttopræmieindtægter,t.DKK,F&P,reported,kvartalsvise-markedsandele-1-2026.xlsx,Skadeforsikring i alt,167
Forsikring,Skadeforsikring i alt,2022,3,9,HF Forsikring,35601.0,50708059.0,0.0007020777463912964,0.07020777463912964,Bruttopræmieindtægter,t.DKK,F&P,reported,kvartalsvise-markedsandele-1-2026.xlsx,Skadeforsikring i alt,169
Forsikring,Skadeforsikring i alt,2022,3,9,Fiskernes Forsikring,31957.0,50708059.0,0.0006302154064178467,0.06302154064178467,Bruttopræmieindtægter,t.DKK,F&P,reported,kvartalsvise-markedsandele-1-2026.xlsx,Skadeforsikring i alt,170
Forsikring,Skadeforsikring i alt,2022,3,9,Dansk Musiker Forbund Forsikring,5358.0,50708059.0,0.00010566367767751216,0.010566367767751217,Bruttopræmieindtægter,t.DKK,F&P,reported,kvartalsvise-markedsandele-1-2026.xlsx,Skadeforsikring i alt,171
Forsikring,Skadeforsikring i alt,2022,3,9,Norli Pension,224.0,50708059.0,4.417443706188351e-06,0.0004417443706188351,Bruttopræmieindtægter,t.DKK,F&P,reported,kvartalsvise-markedsandele-1-2026.xlsx,Skadeforsikring i alt,172
Forsikring,Skadeforsikring i alt,2022,4,12,Tryg,15611834.0,68092569.0,0.229273681640625,22.9273681640625,Bruttopræmieindtægter,t.DKK,F&P,reported,kvartalsvise-markedsandele-1-2026.xlsx,Skadeforsikring i alt,132
Forsikring,Skadeforsikring i alt,2022,4,12,Topdanmark,10530905.0,68092569.0,0.15465571403503417,15.465571403503418,Bruttopræmieindtægter,t.DKK,F&P,reported,kvartalsvise-markedsandele-1-2026.xlsx,Skadeforsikring i alt,133
Forsikring,Skadeforsikring i alt,2022,4,12,Alm. Brand Group,5722783.0,68092569.0,0.08404416084289551,8.40441608428955,Bruttopræmieindtægter,t.DKK,F&P,reported,kvartalsvise-markedsandele-1-2026.xlsx,Skadeforsikring i alt,134
Forsikring,Skadeforsikring i alt,2022,4,12,Codan,5580986.0,68092569.0,0.08196174621582031,8.196174621582031,Bruttopræmieindtægter,t.DKK,F&P,reported,kvartalsvise-markedsandele-1-2026.xlsx,Skadeforsikring i alt,135
Forsikring,Skadeforsikring i alt,2022,4,12,Gjensidige Forsikring,4728079.0,68092569.0,0.06943604946136475,6.943604946136475,Bruttopræmieindtægter,t.DKK,F&P,reported,kvartalsvise-markedsandele-1-2026.xlsx,Skadeforsikring i alt,136
Forsikring,Skadeforsikring i alt,2022,4,12,If,3802247.0,68092569.0,0.05583938121795654,5.583938121795654,Bruttopræmieindtægter,t.DKK,F&P,reported,kvartalsvise-markedsandele-1-2026.xlsx,Skadeforsikring i alt,137
Forsikring,Skadeforsikring i alt,2022,4,12,Sygeforsikringen Danmark,3572982.0,68092569.0,0.05247242450714111,5.247242450714111,Bruttopræmieindtægter,t.DKK,F&P,reported,kvartalsvise-markedsandele-1-2026.xlsx,Skadeforsikring i alt,138
Forsikring,Skadeforsikring i alt,2022,4,12,LB Forsikring,3145387.0,68092569.0,0.046192808151245116,4.619280815124512,Bruttopræmieindtægter,t.DKK,F&P,reported,kvartalsvise-markedsandele-1-2026.xlsx,Skadeforsikring i alt,139
Forsikring,Skadeforsikring i alt,2022,4,12,GF Forsikring A/S,2848807.0,68092569.0,0.04183726787567139,4.183726787567139,Bruttopræmieindtægter,t.DKK,F&P,reported,kvartalsvise-markedsandele-1-2026.xlsx,Skadeforsikring i alt,140
Forsikring,Skadeforsikring i alt,2022,4,12,PFA Pension,2589625.0,68092569.0,0.03803094863891601,3.8030948638916016,Bruttopræmieindtægter,t.DKK,F&P,reported,kvartalsvise-markedsandele-1-2026.xlsx,Skadeforsikring i alt,141
Forsikring,Skadeforsikring i alt,2022,4,12,Danica Pension,1944480.0,68092569.0,0.028556420803070068,2.855642080307007,Bruttopræmieindtægter,t.DKK,F&P,reported,kvartalsvise-markedsandele-1-2026.xlsx,Skadeforsikring i alt,142
Forsikring,Skadeforsikring i alt,2022,4,12,Købstædernes Forsikring,1460805.0,68092569.0,0.02145322322845459,2.145322322845459,Bruttopræmieindtægter,t.DKK,F&P,reported,kvartalsvise-markedsandele-1-2026.xlsx,Skadeforsikring i alt,143
Forsikring,Skadeforsikring i alt,2022,4,12,Sønderjysk Forsikring,782459.0,68092569.0,0.011491106748580933,1.1491106748580933,Bruttopræmieindtægter,t.DKK,F&P,reported,kvartalsvise-markedsandele-1-2026.xlsx,Skadeforsikring i alt,144
Forsikring,Skadeforsikring i alt,2022,4,12,Protector Forsikring,744052.0,68092569.0,0.010927066802978516,1.0927066802978516,Bruttopræmieindtægter,t.DKK,F&P,reported,kvartalsvise-markedsandele-1-2026.xlsx,Skadeforsikring i alt,145
Forsikring,Skadeforsikring i alt,2022,4,12,Himmerland Forsikring,508795.0,68092569.0,0.007472107410430908,0.7472107410430908,Bruttopræmieindtægter,t.DKK,F&P,reported,kvartalsvise-markedsandele-1-2026.xlsx,Skadeforsikring i alt,146
Forsikring,Skadeforsikring i alt,2022,4,12,Thisted Forsikring,462185.0,68092569.0,0.006787598133087158,0.6787598133087158,Bruttopræmieindtægter,t.DKK,F&P,reported,kvartalsvise-markedsandele-1-2026.xlsx,Skadeforsikring i alt,147
Forsikring,Skadeforsikring i alt,2022,4,12,Dansk Boligforsikring,409603.0,68092569.0,0.006015384793281555,0.6015384793281555,Bruttopræmieindtægter,t.DKK,F&P,reported,kvartalsvise-markedsandele-1-2026.xlsx,Skadeforsikring i alt,148
Forsikring,Skadeforsikring i alt,2022,4,12,Vestjylland,382540.0,68092569.0,0.005617940425872802,0.5617940425872803,Bruttopræmieindtægter,t.DKK,F&P,reported,kvartalsvise-markedsandele-1-2026.xlsx,Skadeforsikring i alt,149
Forsikring,Skadeforsikring i alt,2022,4,12,Lokal Forsikring,348513.0,68092569.0,0.005118224024772644,0.5118224024772644,Bruttopræmieindtægter,t.DKK,F&P,reported,kvartalsvise-markedsandele-1-2026.xlsx,Skadeforsikring i alt,150
Forsikring,Skadeforsikring i alt,2022,4,12,PenSam,316450.0,68092569.0,0.004647350013256073,0.4647350013256073,Bruttopræmieindtægter,t.DKK,F&P,reported,kvartalsvise-markedsandele-1-2026.xlsx,Skadeforsikring i alt,151
Forsikring,Skadeforsikring i alt,2022,4,12,PensionDanmark,297740.0,68092569.0,0.00437257707118988,0.43725770711898804,Bruttopræmieindtægter,t.DKK,F&P,reported,kvartalsvise-markedsandele-1-2026.xlsx,Skadeforsikring i alt,152
Forsikring,Skadeforsikring i alt,2022,4,12,Aros Forsikring,264836.0,68092569.0,0.0038893523812294005,0.38893523812294006,Bruttopræmieindtægter,t.DKK,F&P,reported,kvartalsvise-markedsandele-1-2026.xlsx,Skadeforsikring i alt,153
Forsikring,Skadeforsikring i alt,2022,4,12,Popermo Forsikring,254564.0,68092569.0,0.0037384989857673647,0.37384989857673645,Bruttopræmieindtægter,t.DKK,F&P,reported,kvartalsvise-markedsandele-1-2026.xlsx,Skadeforsikring i alt,154
Forsikring,Skadeforsikring i alt,2022,4,12,ETU Forsikring,219493.0,68092569.0,0.003223450183868408,0.3223450183868408,Bruttopræmieindtægter,t.DKK,F&P,reported,kvartalsvise-markedsandele-1-2026.xlsx,Skadeforsikring i alt,155
Forsikring,Skadeforsikring i alt,2022,4,12,HDI-Gerling Forsikring,207296.0,68092569.0,0.0030443263053894043,0.30443263053894043,Bruttopræmieindtægter,t.DKK,F&P,reported,kvartalsvise-markedsandele-1-2026.xlsx,Skadeforsikring i alt,156
Forsikring,Skadeforsikring i alt,2022,4,12,Gartnernes Forsikring,161519.0,68092569.0,0.0023720502853393556,0.23720502853393555,Bruttopræmieindtægter,t.DKK,F&P,reported,kvartalsvise-markedsandele-1-2026.xlsx,Skadeforsikring i alt,157
Forsikring,Skadeforsikring i alt,2022,4,12,Bornholms Brandforsikring,151920.0,68092569.0,0.0022310805320739746,0.22310805320739746,Bruttopræmieindtægter,t.DKK,F&P,reported,kvartalsvise-markedsandele-1-2026.xlsx,Skadeforsikring i alt,158
Forsikring,Skadeforsikring i alt,2022,4,12,Domus Forsikring,142335.0,68092569.0,0.002090316265821457,0.2090316265821457,Bruttopræmieindtægter,t.DKK,F&P,reported,kvartalsvise-markedsandele-1-2026.xlsx,Skadeforsikring i alt,159
Forsikring,Skadeforsikring i alt,2022,4,12,Vejle Brand,129041.0,68092569.0,0.0018950819969177247,0.18950819969177246,Bruttopræmieindtægter,t.DKK,F&P,reported,kvartalsvise-markedsandele-1-2026.xlsx,Skadeforsikring i alt,160
Forsikring,Skadeforsikring i alt,2022,4,12,Storstrøms Forsikring,122023.0,68092569.0,0.001792016476392746,0.1792016476392746,Bruttopræmieindtægter,t.DKK,F&P,reported,kvartalsvise-markedsandele-1-2026.xlsx,Skadeforsikring i alt,161
Forsikring,Skadeforsikring i alt,2022,4,12,Norli Liv og Pension Livsforsikring A/S,121672.0,68092569.0,0.0017868617177009582,0.17868617177009583,Bruttopræmieindtægter,t.DKK,F&P,reported,kvartalsvise-markedsandele-1-2026.xlsx,Skadeforsikring i alt,162
Forsikring,Skadeforsikring i alt,2022,4,12,Forsikringsselskabet Nærsikring,87494.0,68092569.0,0.0012849272787570953,0.12849272787570953,Bruttopræmieindtægter,t.DKK,F&P,reported,kvartalsvise-markedsandele-1-2026.xlsx,Skadeforsikring i alt,163
Forsikring,Skadeforsikring i alt,2022,4,12,AXA Forsikring,81795.0,68092569.0,0.001201232448220253,0.1201232448220253,Bruttopræmieindtægter,t.DKK,F&P,reported,kvartalsvise-markedsandele-1-2026.xlsx,Skadeforsikring i alt,164
Forsikring,Skadeforsikring i alt,2022,4,12,"AP Pension, Livsforsikringsaktieselskab",80360.0,68092569.0,0.00118015818297863,0.118015818297863,Bruttopræmieindtægter,t.DKK,F&P,reported,kvartalsvise-markedsandele-1-2026.xlsx,Skadeforsikring i alt,165
Forsikring,Skadeforsikring i alt,2022,4,12,Ulykkesforsikringsforbundet for dansk Søfart,69197.0,68092569.0,0.0010162195563316345,0.10162195563316345,Bruttopræmieindtægter,t.DKK,F&P,reported,kvartalsvise-markedsandele-1-2026.xlsx,Skadeforsikring i alt,166
Forsikring,Skadeforsikring i alt,2022,4,12,Forsikringsselskabet Vendsyssel,63797.0,68092569.0,0.0009369157254695892,0.09369157254695892,Bruttopræmieindtægter,t.DKK,F&P,reported,kvartalsvise-markedsandele-1-2026.xlsx,Skadeforsikring i alt,167
Forsikring,Skadeforsikring i alt,2022,4,12,"Nordea Pension, Livsforsikring A/S",55249.0,68092569.0,0.0008113807439804077,0.08113807439804077,Bruttopræmieindtægter,t.DKK,F&P,reported,kvartalsvise-markedsandele-1-2026.xlsx,Skadeforsikring i alt,168
Forsikring,Skadeforsikring i alt,2022,4,12,HF Forsikring,47724.0,68092569.0,0.0007008694112300873,0.07008694112300873,Bruttopræmieindtægter,t.DKK,F&P,reported,kvartalsvise-markedsandele-1-2026.xlsx,Skadeforsikring i alt,169
Forsikring,Skadeforsikring i alt,2022,4,12,Fiskernes Forsikring,33530.0,68092569.0,0.000492417924106121,0.049241792410612106,Bruttopræmieindtægter,t.DKK,F&P,reported,kvartalsvise-markedsandele-1-2026.xlsx,Skadeforsikring i alt,170
Forsikring,Skadeforsikring i alt,2022,4,12,Dansk Musiker Forbund Forsikring,7169.0,68092569.0,0.00010528314858675003,0.010528314858675003,Bruttopræmieindtægter,t.DKK,F&P,reported,kvartalsvise-markedsandele-1-2026.xlsx,Skadeforsikring i alt,171
Forsikring,Skadeforsikring i alt,2022,4,12,Norli Pension,298.0,68092569.0,4.376395372673869e-06,0.0004376395372673869,Bruttopræmieindtægter,t.DKK,F&P,reported,kvartalsvise-markedsandele-1-2026.xlsx,Skadeforsikring i alt,172
Forsikring,Skadeforsikring i alt,2021,1,3,Tryg,3604850.0,16073002.0,0.22427982330322266,22.427982330322266,Bruttopræmieindtægter,t.DKK,F&P,reported,kvartalsvise-markedsandele-1-2026.xlsx,Skadeforsikring i alt,178
Forsikring,Skadeforsikring i alt,2021,1,3,Topdanmark,2499735.0,16073002.0,0.1555238437652588,15.552384376525879,Bruttopræmieindtægter,t.DKK,F&P,reported,kvartalsvise-markedsandele-1-2026.xlsx,Skadeforsikring i alt,179
Forsikring,Skadeforsikring i alt,2021,1,3,Alm. Brand,1366828.0,16073002.0,0.08503874778747558,8.503874778747559,Bruttopræmieindtægter,t.DKK,F&P,reported,kvartalsvise-markedsandele-1-2026.xlsx,Skadeforsikring i alt,180
Forsikring,Skadeforsikring i alt,2021,1,3,Codan,1329839.0,16073002.0,0.08273743629455567,8.273743629455566,Bruttopræmieindtægter,t.DKK,F&P,reported,kvartalsvise-markedsandele-1-2026.xlsx,Skadeforsikring i alt,181
Forsikring,Skadeforsikring i alt,2021,1,3,Gjensidige Forsikring,1048144.0,16073002.0,0.06521146297454834,6.521146297454834,Bruttopræmieindtægter,t.DKK,F&P,reported,kvartalsvise-markedsandele-1-2026.xlsx,Skadeforsikring i alt,182
Forsikring,Skadeforsikring i alt,2021,1,3,If,861502.0,16073002.0,0.05359931945800781,5.359931945800781,Bruttopræmieindtægter,t.DKK,F&P,reported,kvartalsvise-markedsandele-1-2026.xlsx,Skadeforsikring i alt,183
Forsikring,Skadeforsikring i alt,2021,1,3,Sygeforsikringen Danmark,872962.0,16073002.0,0.0543123197555542,5.43123197555542,Bruttopræmieindtægter,t.DKK,F&P,reported,kvartalsvise-markedsandele-1-2026.xlsx,Skadeforsikring i alt,184
Forsikring,Skadeforsikring i alt,2021,1,3,PFA Pension,842870.0,16073002.0,0.05244010925292969,5.244010925292969,Bruttopræmieindtægter,t.DKK,F&P,reported,kvartalsvise-markedsandele-1-2026.xlsx,Skadeforsikring i alt,185
Forsikring,Skadeforsikring i alt,2021,1,3,LB Forsikring,785764.0,16073002.0,0.048887195587158205,4.88871955871582,Bruttopræmieindtægter,t.DKK,F&P,reported,kvartalsvise-markedsandele-1-2026.xlsx,Skadeforsikring i alt,186
Forsikring,Skadeforsikring i alt,2021,1,3,GF Forsikring A/S,642234.0,16073002.0,0.03995731592178345,3.9957315921783447,Bruttopræmieindtægter,t.DKK,F&P,reported,kvartalsvise-markedsandele-1-2026.xlsx,Skadeforsikring i alt,187
Forsikring,Skadeforsikring i alt,2021,1,3,Danica Pension,375453.0,16073002.0,0.02335923194885254,2.335923194885254,Bruttopræmieindtægter,t.DKK,F&P,reported,kvartalsvise-markedsandele-1-2026.xlsx,Skadeforsikring i alt,188
Forsikring,Skadeforsikring i alt,2021,1,3,Købstædernes Forsikring,346751.0,16073002.0,0.021573505401611327,2.157350540161133,Bruttopræmieindtægter,t.DKK,F&P,reported,kvartalsvise-markedsandele-1-2026.xlsx,Skadeforsikring i alt,189
Forsikring,Skadeforsikring i alt,2021,1,3,Sønderjysk Forsikring,148493.0,16073002.0,0.009238659739494323,0.9238659739494324,Bruttopræmieindtægter,t.DKK,F&P,reported,kvartalsvise-markedsandele-1-2026.xlsx,Skadeforsikring i alt,190
Forsikring,Skadeforsikring i alt,2021,1,3,Protector Forsikring,153152.0,16073002.0,0.009528524875640869,0.9528524875640869,Bruttopræmieindtægter,t.DKK,F&P,reported,kvartalsvise-markedsandele-1-2026.xlsx,Skadeforsikring i alt,191
Forsikring,Skadeforsikring i alt,2021,1,3,Himmerland Forsikring,116924.0,16073002.0,0.007274559140205384,0.7274559140205383,Bruttopræmieindtægter,t.DKK,F&P,reported,kvartalsvise-markedsandele-1-2026.xlsx,Skadeforsikring i alt,192
Forsikring,Skadeforsikring i alt,2021,1,3,Thisted Forsikring,105340.0,16073002.0,0.006553847193717956,0.6553847193717957,Bruttopræmieindtægter,t.DKK,F&P,reported,kvartalsvise-markedsandele-1-2026.xlsx,Skadeforsikring i alt,193
Forsikring,Skadeforsikring i alt,2021,1,3,Dansk Boligforsikring,97191.0,16073002.0,0.0060468482971191406,0.6046848297119141,Bruttopræmieindtægter,t.DKK,F&P,reported,kvartalsvise-markedsandele-1-2026.xlsx,Skadeforsikring i alt,194
Forsikring,Skadeforsikring i alt,2021,1,3,Vestjylland,87069.0,16073002.0,0.005417096614837647,0.5417096614837646,Bruttopræmieindtægter,t.DKK,F&P,reported,kvartalsvise-markedsandele-1-2026.xlsx,Skadeforsikring i alt,195
Forsikring,Skadeforsikring i alt,2021,1,3,Lokal Forsikring,84092.0,16073002.0,0.005231878757476807,0.5231878757476807,Bruttopræmieindtægter,t.DKK,F&P,reported,kvartalsvise-markedsandele-1-2026.xlsx,Skadeforsikring i alt,196
Forsikring,Skadeforsikring i alt,2021,1,3,PenSam,74963.0,16073002.0,0.004663907885551453,0.46639078855514526,Bruttopræmieindtægter,t.DKK,F&P,reported,kvartalsvise-markedsandele-1-2026.xlsx,Skadeforsikring i alt,197
Forsikring,Skadeforsikring i alt,2021,1,3,Nem Forsikring,69171.0,16073002.0,0.004303551912307739,0.4303551912307739,Bruttopræmieindtægter,t.DKK,F&P,reported,kvartalsvise-markedsandele-1-2026.xlsx,Skadeforsikring i alt,198
Forsikring,Skadeforsikring i alt,2021,1,3,Popermo Forsikring,59753.0,16073002.0,0.003717600405216217,0.3717600405216217,Bruttopræmieindtægter,t.DKK,F&P,reported,kvartalsvise-markedsandele-1-2026.xlsx,Skadeforsikring i alt,199
Forsikring,Skadeforsikring i alt,2021,1,3,Aros Forsikring,56378.0,16073002.0,0.0035076209902763365,0.35076209902763367,Bruttopræmieindtægter,t.DKK,F&P,reported,kvartalsvise-markedsandele-1-2026.xlsx,Skadeforsikring i alt,200
Forsikring,Skadeforsikring i alt,2021,1,3,PensionDanmark,54923.0,16073002.0,0.003417096436023712,0.3417096436023712,Bruttopræmieindtægter,t.DKK,F&P,reported,kvartalsvise-markedsandele-1-2026.xlsx,Skadeforsikring i alt,201
Forsikring,Skadeforsikring i alt,2021,1,3,ETU Forsikring,50113.0,16073002.0,0.0031178370118141174,0.31178370118141174,Bruttopræmieindtægter,t.DKK,F&P,reported,kvartalsvise-markedsandele-1-2026.xlsx,Skadeforsikring i alt,202
Forsikring,Skadeforsikring i alt,2021,1,3,HDI-Gerling Forsikring,42828.0,16073002.0,0.0026645925641059875,0.26645925641059875,Bruttopræmieindtægter,t.DKK,F&P,reported,kvartalsvise-markedsandele-1-2026.xlsx,Skadeforsikring i alt,203
Forsikring,Skadeforsikring i alt,2021,1,3,Gartnernes Forsikring,42093.0,16073002.0,0.002618863582611084,0.2618863582611084,Bruttopræmieindtægter,t.DKK,F&P,reported,kvartalsvise-markedsandele-1-2026.xlsx,Skadeforsikring i alt,204
Forsikring,Skadeforsikring i alt,2021,1,3,Domus Forsikring,34051.0,16073002.0,0.0021185214817523957,0.21185214817523956,Bruttopræmieindtægter,t.DKK,F&P,reported,kvartalsvise-markedsandele-1-2026.xlsx,Skadeforsikring i alt,205
Forsikring,Skadeforsikring i alt,2021,1,3,Bornholms Brandforsikring,33982.0,16073002.0,0.00211422860622406,0.211422860622406,Bruttopræmieindtægter,t.DKK,F&P,reported,kvartalsvise-markedsandele-1-2026.xlsx,Skadeforsikring i alt,206
Forsikring,Skadeforsikring i alt,2021,1,3,Vejle Brand,28843.0,16073002.0,0.0017944999039173127,0.17944999039173126,Bruttopræmieindtægter,t.DKK,F&P,reported,kvartalsvise-markedsandele-1-2026.xlsx,Skadeforsikring i alt,207
Forsikring,Skadeforsikring i alt,2021,1,3,Storstrøms Forsikring,28007.0,16073002.0,0.0017424872517585754,0.17424872517585754,Bruttopræmieindtægter,t.DKK,F&P,reported,kvartalsvise-markedsandele-1-2026.xlsx,Skadeforsikring i alt,208
Forsikring,Skadeforsikring i alt,2021,1,3,Forsikringsselskabet Nærsikring,17592.0,16073002.0,0.0010945061594247818,0.10945061594247818,Bruttopræmieindtægter,t.DKK,F&P,reported,kvartalsvise-markedsandele-1-2026.xlsx,Skadeforsikring i alt,210
Forsikring,Skadeforsikring i alt,2021,1,3,AXA Forsikring,41150.0,16073002.0,0.0025601938366889955,0.25601938366889954,Bruttopræmieindtægter,t.DKK,F&P,reported,kvartalsvise-markedsandele-1-2026.xlsx,Skadeforsikring i alt,211
Forsikring,Skadeforsikring i alt,2021,1,3,Forsikringsselskabet Vendsyssel,14909.0,16073002.0,0.0009275802969932556,0.09275802969932556,Bruttopræmieindtægter,t.DKK,F&P,reported,kvartalsvise-markedsandele-1-2026.xlsx,Skadeforsikring i alt,212
Forsikring,Skadeforsikring i alt,2021,1,3,HF Forsikring,10738.0,16073002.0,0.0006680767983198166,0.06680767983198166,Bruttopræmieindtægter,t.DKK,F&P,reported,kvartalsvise-markedsandele-1-2026.xlsx,Skadeforsikring i alt,213
Forsikring,Skadeforsikring i alt,2021,1,3,Fiskernes Forsikring,15765.0,16073002.0,0.000980837270617485,0.0980837270617485,Bruttopræmieindtægter,t.DKK,F&P,reported,kvartalsvise-markedsandele-1-2026.xlsx,Skadeforsikring i alt,214
Forsikring,Skadeforsikring i alt,2021,1,3,Dansk Musiker Forbund Forsikring,1669.0,16073002.0,0.0001038387231528759,0.01038387231528759,Bruttopræmieindtægter,t.DKK,F&P,reported,kvartalsvise-markedsandele-1-2026.xlsx,Skadeforsikring i alt,215
Forsikring,Skadeforsikring i alt,2021,1,3,Skandia,26881.0,16073002.0,0.0016724318265914917,0.16724318265914917,Bruttopræmieindtægter,t.DKK,F&P,reported,kvartalsvise-markedsandele-1-2026.xlsx,Skadeforsikring i alt,216
Forsikring,Skadeforsikring i alt,2021,2,6,Tryg,7196057.0,32190145.0,0.2235484504699707,22.35484504699707,Bruttopræmieindtægter,t.DKK,F&P,reported,kvartalsvise-markedsandele-1-2026.xlsx,Skadeforsikring i alt,178
Forsikring,Skadeforsikring i alt,2021,2,6,Topdanmark,5041551.0,32190145.0,0.15661784172058105,15.661784172058105,Bruttopræmieindtægter,t.DKK,F&P,reported,kvartalsvise-markedsandele-1-2026.xlsx,Skadeforsikring i alt,179
Forsikring,Skadeforsikring i alt,2021,2,6,Alm. Brand,2748410.0,32190145.0,0.08538047790527344,8.538047790527344,Bruttopræmieindtægter,t.DKK,F&P,reported,kvartalsvise-markedsandele-1-2026.xlsx,Skadeforsikring i alt,180
Forsikring,Skadeforsikring i alt,2021,2,6,Codan,2649679.0,32190145.0,0.0823133659362793,8.23133659362793,Bruttopræmieindtægter,t.DKK,F&P,reported,kvartalsvise-markedsandele-1-2026.xlsx,Skadeforsikring i alt,181
Forsikring,Skadeforsikring i alt,2021,2,6,Gjensidige Forsikring,2131977.0,32190145.0,0.06623074054718017,6.623074054718018,Bruttopræmieindtægter,t.DKK,F&P,reported,kvartalsvise-markedsandele-1-2026.xlsx,Skadeforsikring i alt,182
Forsikring,Skadeforsikring i alt,2021,2,6,If,1730750.0,32190145.0,0.053766455650329587,5.376645565032959,Bruttopræmieindtægter,t.DKK,F&P,reported,kvartalsvise-markedsandele-1-2026.xlsx,Skadeforsikring i alt,183
Forsikring,Skadeforsikring i alt,2021,2,6,Sygeforsikringen Danmark,1751546.0,32190145.0,0.054412493705749514,5.441249370574951,Bruttopræmieindtægter,t.DKK,F&P,reported,kvartalsvise-markedsandele-1-2026.xlsx,Skadeforsikring i alt,184
Forsikring,Skadeforsikring i alt,2021,2,6,PFA Pension,1694844.0,32190145.0,0.05265102386474609,5.265102386474609,Bruttopræmieindtægter,t.DKK,F&P,reported,kvartalsvise-markedsandele-1-2026.xlsx,Skadeforsikring i alt,185
Forsikring,Skadeforsikring i alt,2021,2,6,LB Forsikring,1554598.0,32190145.0,0.04829422473907471,4.829422473907471,Bruttopræmieindtægter,t.DKK,F&P,reported,kvartalsvise-markedsandele-1-2026.xlsx,Skadeforsikring i alt,186
Forsikring,Skadeforsikring i alt,2021,2,6,GF Forsikring A/S,1303758.0,32190145.0,0.04050177574157715,4.050177574157715,Bruttopræmieindtægter,t.DKK,F&P,reported,kvartalsvise-markedsandele-1-2026.xlsx,Skadeforsikring i alt,187
Forsikring,Skadeforsikring i alt,2021,2,6,Danica Pension,735545.0,32190145.0,0.022850005626678466,2.2850005626678467,Bruttopræmieindtægter,t.DKK,F&P,reported,kvartalsvise-markedsandele-1-2026.xlsx,Skadeforsikring i alt,188
Forsikring,Skadeforsikring i alt,2021,2,6,Købstædernes Forsikring,701725.0,32190145.0,0.021799373626708984,2.1799373626708984,Bruttopræmieindtægter,t.DKK,F&P,reported,kvartalsvise-markedsandele-1-2026.xlsx,Skadeforsikring i alt,189
Forsikring,Skadeforsikring i alt,2021,2,6,Sønderjysk Forsikring,303553.0,32190145.0,0.009429998397827148,0.9429998397827148,Bruttopræmieindtægter,t.DKK,F&P,reported,kvartalsvise-markedsandele-1-2026.xlsx,Skadeforsikring i alt,190
Forsikring,Skadeforsikring i alt,2021,2,6,Protector Forsikring,311949.0,32190145.0,0.009690823554992676,0.9690823554992676,Bruttopræmieindtægter,t.DKK,F&P,reported,kvartalsvise-markedsandele-1-2026.xlsx,Skadeforsikring i alt,191
Forsikring,Skadeforsikring i alt,2021,2,6,Himmerland Forsikring,237296.0,32190145.0,0.007371697425842285,0.7371697425842285,Bruttopræmieindtægter,t.DKK,F&P,reported,kvartalsvise-markedsandele-1-2026.xlsx,Skadeforsikring i alt,192
Forsikring,Skadeforsikring i alt,2021,2,6,Thisted Forsikring,213192.0,32190145.0,0.006622896790504456,0.6622896790504456,Bruttopræmieindtægter,t.DKK,F&P,reported,kvartalsvise-markedsandele-1-2026.xlsx,Skadeforsikring i alt,193
Forsikring,Skadeforsikring i alt,2021,2,6,Dansk Boligforsikring,192701.0,32190145.0,0.005986335277557373,0.5986335277557373,Bruttopræmieindtægter,t.DKK,F&P,reported,kvartalsvise-markedsandele-1-2026.xlsx,Skadeforsikring i alt,194
Forsikring,Skadeforsikring i alt,2021,2,6,Vestjylland,176600.0,32190145.0,0.005486151576042176,0.5486151576042175,Bruttopræmieindtægter,t.DKK,F&P,reported,kvartalsvise-markedsandele-1-2026.xlsx,Skadeforsikring i alt,195
Forsikring,Skadeforsikring i alt,2021,2,6,Lokal Forsikring,168841.0,32190145.0,0.00524511456489563,0.524511456489563,Bruttopræmieindtægter,t.DKK,F&P,reported,kvartalsvise-markedsandele-1-2026.xlsx,Skadeforsikring i alt,196
Forsikring,Skadeforsikring i alt,2021,2,6,PenSam,150772.0,32190145.0,0.0046837937831878665,0.4683793783187866,Bruttopræmieindtægter,t.DKK,F&P,reported,kvartalsvise-markedsandele-1-2026.xlsx,Skadeforsikring i alt,197
Forsikring,Skadeforsikring i alt,2021,2,6,Nem Forsikring,135176.0,32190145.0,0.004199297726154327,0.41992977261543274,Bruttopræmieindtægter,t.DKK,F&P,reported,kvartalsvise-markedsandele-1-2026.xlsx,Skadeforsikring i alt,198
Forsikring,Skadeforsikring i alt,2021,2,6,Popermo Forsikring,121227.0,32190145.0,0.003765966296195984,0.3765966296195984,Bruttopræmieindtægter,t.DKK,F&P,reported,kvartalsvise-markedsandele-1-2026.xlsx,Skadeforsikring i alt,199
Forsikring,Skadeforsikring i alt,2021,2,6,Aros Forsikring,115276.0,32190145.0,0.0035810962319374083,0.35810962319374084,Bruttopræmieindtægter,t.DKK,F&P,reported,kvartalsvise-markedsandele-1-2026.xlsx,Skadeforsikring i alt,200
Forsikring,Skadeforsikring i alt,2021,2,6,PensionDanmark,110020.0,32190145.0,0.003417816460132599,0.3417816460132599,Bruttopræmieindtægter,t.DKK,F&P,reported,kvartalsvise-markedsandele-1-2026.xlsx,Skadeforsikring i alt,201
Forsikring,Skadeforsikring i alt,2021,2,6,ETU Forsikring,103869.0,32190145.0,0.003226732909679413,0.3226732909679413,Bruttopræmieindtægter,t.DKK,F&P,reported,kvartalsvise-markedsandele-1-2026.xlsx,Skadeforsikring i alt,202
Forsikring,Skadeforsikring i alt,2021,2,6,HDI-Gerling Forsikring,87756.0,32190145.0,0.002726176083087921,0.2726176083087921,Bruttopræmieindtægter,t.DKK,F&P,reported,kvartalsvise-markedsandele-1-2026.xlsx,Skadeforsikring i alt,203
Forsikring,Skadeforsikring i alt,2021,2,6,Gartnernes Forsikring,79120.0,32190145.0,0.002457895129919052,0.2457895129919052,Bruttopræmieindtægter,t.DKK,F&P,reported,kvartalsvise-markedsandele-1-2026.xlsx,Skadeforsikring i alt,204
Forsikring,Skadeforsikring i alt,2021,2,6,Domus Forsikring,71186.0,32190145.0,0.002211422175168991,0.2211422175168991,Bruttopræmieindtægter,t.DKK,F&P,reported,kvartalsvise-markedsandele-1-2026.xlsx,Skadeforsikring i alt,205
Forsikring,Skadeforsikring i alt,2021,2,6,Bornholms Brandforsikring,69030.0,32190145.0,0.0021444451808929443,0.21444451808929443,Bruttopræmieindtægter,t.DKK,F&P,reported,kvartalsvise-markedsandele-1-2026.xlsx,Skadeforsikring i alt,206
Forsikring,Skadeforsikring i alt,2021,2,6,Vejle Brand,58494.0,32190145.0,0.001817139983177185,0.1817139983177185,Bruttopræmieindtægter,t.DKK,F&P,reported,kvartalsvise-markedsandele-1-2026.xlsx,Skadeforsikring i alt,207
Forsikring,Skadeforsikring i alt,2021,2,6,Storstrøms Forsikring,52871.0,32190145.0,0.0016424591839313508,0.16424591839313507,Bruttopræmieindtægter,t.DKK,F&P,reported,kvartalsvise-markedsandele-1-2026.xlsx,Skadeforsikring i alt,208
Forsikring,Skadeforsikring i alt,2021,2,6,"AP Pension, Livsforsikringsaktieselskab",16255.0,32190145.0,0.0005049682408571243,0.05049682408571243,Bruttopræmieindtægter,t.DKK,F&P,reported,kvartalsvise-markedsandele-1-2026.xlsx,Skadeforsikring i alt,209
Forsikring,Skadeforsikring i alt,2021,2,6,Forsikringsselskabet Nærsikring,38144.0,32190145.0,0.001184958964586258,0.1184958964586258,Bruttopræmieindtægter,t.DKK,F&P,reported,kvartalsvise-markedsandele-1-2026.xlsx,Skadeforsikring i alt,210
Forsikring,Skadeforsikring i alt,2021,2,6,AXA Forsikring,55011.0,32190145.0,0.0017089392244815827,0.17089392244815826,Bruttopræmieindtægter,t.DKK,F&P,reported,kvartalsvise-markedsandele-1-2026.xlsx,Skadeforsikring i alt,211
Forsikring,Skadeforsikring i alt,2021,2,6,Forsikringsselskabet Vendsyssel,30181.0,32190145.0,0.0009375850856304168,0.09375850856304169,Bruttopræmieindtægter,t.DKK,F&P,reported,kvartalsvise-markedsandele-1-2026.xlsx,Skadeforsikring i alt,212
Forsikring,Skadeforsikring i alt,2021,2,6,HF Forsikring,21898.0,32190145.0,0.0006802703440189361,0.06802703440189362,Bruttopræmieindtægter,t.DKK,F&P,reported,kvartalsvise-markedsandele-1-2026.xlsx,Skadeforsikring i alt,213
Forsikring,Skadeforsikring i alt,2021,2,6,Fiskernes Forsikring,25898.0,32190145.0,0.0008045319467782974,0.08045319467782974,Bruttopræmieindtægter,t.DKK,F&P,reported,kvartalsvise-markedsandele-1-2026.xlsx,Skadeforsikring i alt,214
Forsikring,Skadeforsikring i alt,2021,2,6,Dansk Musiker Forbund Forsikring,3389.0,32190145.0,0.00010528067126870155,0.010528067126870155,Bruttopræmieindtægter,t.DKK,F&P,reported,kvartalsvise-markedsandele-1-2026.xlsx,Skadeforsikring i alt,215
Forsikring,Skadeforsikring i alt,2021,3,9,Tryg,10753066.0,48342789.0,0.22243371963500977,22.243371963500977,Bruttopræmieindtægter,t.DKK,F&P,reported,kvartalsvise-markedsandele-1-2026.xlsx,Skadeforsikring i alt,178
Forsikring,Skadeforsikring i alt,2021,3,9,Topdanmark,7575482.0,48342789.0,0.15670345306396485,15.670345306396484,Bruttopræmieindtægter,t.DKK,F&P,reported,kvartalsvise-markedsandele-1-2026.xlsx,Skadeforsikring i alt,179
Forsikring,Skadeforsikring i alt,2021,3,9,Alm. Brand,4156145.0,48342789.0,0.08597238540649414,8.597238540649414,Bruttopræmieindtægter,t.DKK,F&P,reported,kvartalsvise-markedsandele-1-2026.xlsx,Skadeforsikring i alt,180
Forsikring,Skadeforsikring i alt,2021,3,9,Codan,4012153.0,48342789.0,0.08299383163452148,8.299383163452148,Bruttopræmieindtægter,t.DKK,F&P,reported,kvartalsvise-markedsandele-1-2026.xlsx,Skadeforsikring i alt,181
Forsikring,Skadeforsikring i alt,2021,3,9,Gjensidige Forsikring,3241734.0,48342789.0,0.06705724239349366,6.705724239349365,Bruttopræmieindtægter,t.DKK,F&P,reported,kvartalsvise-markedsandele-1-2026.xlsx,Skadeforsikring i alt,182
Forsikring,Skadeforsikring i alt,2021,3,9,If,2620256.0,48342789.0,0.05420158863067627,5.420158863067627,Bruttopræmieindtægter,t.DKK,F&P,reported,kvartalsvise-markedsandele-1-2026.xlsx,Skadeforsikring i alt,183
Forsikring,Skadeforsikring i alt,2021,3,9,Sygeforsikringen Danmark,2633585.0,48342789.0,0.05447731018066406,5.447731018066406,Bruttopræmieindtægter,t.DKK,F&P,reported,kvartalsvise-markedsandele-1-2026.xlsx,Skadeforsikring i alt,184
Forsikring,Skadeforsikring i alt,2021,3,9,PFA Pension,2339130.0,48342789.0,0.04838632583618164,4.838632583618164,Bruttopræmieindtægter,t.DKK,F&P,reported,kvartalsvise-markedsandele-1-2026.xlsx,Skadeforsikring i alt,185
Forsikring,Skadeforsikring i alt,2021,3,9,LB Forsikring,2348727.0,48342789.0,0.04858484745025635,4.858484745025635,Bruttopræmieindtægter,t.DKK,F&P,reported,kvartalsvise-markedsandele-1-2026.xlsx,Skadeforsikring i alt,186
Forsikring,Skadeforsikring i alt,2021,3,9,GF Forsikring A/S,1977910.0,48342789.0,0.040914273262023924,4.091427326202393,Bruttopræmieindtægter,t.DKK,F&P,reported,kvartalsvise-markedsandele-1-2026.xlsx,Skadeforsikring i alt,187
Forsikring,Skadeforsikring i alt,2021,3,9,Danica Pension,1103744.0,48342789.0,0.022831616401672365,2.2831616401672363,Bruttopræmieindtægter,t.DKK,F&P,reported,kvartalsvise-markedsandele-1-2026.xlsx,Skadeforsikring i alt,188
Forsikring,Skadeforsikring i alt,2021,3,9,Købstædernes Forsikring,1059820.0,48342789.0,0.02192302227020264,2.1923022270202637,Bruttopræmieindtægter,t.DKK,F&P,reported,kvartalsvise-markedsandele-1-2026.xlsx,Skadeforsikring i alt,189
Forsikring,Skadeforsikring i alt,2021,3,9,Sønderjysk Forsikring,468856.0,48342789.0,0.009698571562767029,0.9698571562767029,Bruttopræmieindtægter,t.DKK,F&P,reported,kvartalsvise-markedsandele-1-2026.xlsx,Skadeforsikring i alt,190
Forsikring,Skadeforsikring i alt,2021,3,9,Protector Forsikring,474779.0,48342789.0,0.00982109248638153,0.9821092486381531,Bruttopræmieindtægter,t.DKK,F&P,reported,kvartalsvise-markedsandele-1-2026.xlsx,Skadeforsikring i alt,191
Forsikring,Skadeforsikring i alt,2021,3,9,Himmerland Forsikring,361375.0,48342789.0,0.007475261688232422,0.7475261688232422,Bruttopræmieindtægter,t.DKK,F&P,reported,kvartalsvise-markedsandele-1-2026.xlsx,Skadeforsikring i alt,192
Forsikring,Skadeforsikring i alt,2021,3,9,Thisted Forsikring,325002.0,48342789.0,0.006722864508628845,0.6722864508628845,Bruttopræmieindtægter,t.DKK,F&P,reported,kvartalsvise-markedsandele-1-2026.xlsx,Skadeforsikring i alt,193
Forsikring,Skadeforsikring i alt,2021,3,9,Dansk Boligforsikring,297220.0,48342789.0,0.006148176789283752,0.6148176789283752,Bruttopræmieindtægter,t.DKK,F&P,reported,kvartalsvise-markedsandele-1-2026.xlsx,Skadeforsikring i alt,194
Forsikring,Skadeforsikring i alt,2021,3,9,Vestjylland,272052.0,48342789.0,0.005627561211585998,0.5627561211585999,Bruttopræmieindtægter,t.DKK,F&P,reported,kvartalsvise-markedsandele-1-2026.xlsx,Skadeforsikring i alt,195
Forsikring,Skadeforsikring i alt,2021,3,9,Lokal Forsikring,254807.0,48342789.0,0.0052708381414413455,0.5270838141441345,Bruttopræmieindtægter,t.DKK,F&P,reported,kvartalsvise-markedsandele-1-2026.xlsx,Skadeforsikring i alt,196
Forsikring,Skadeforsikring i alt,2021,3,9,PenSam,223621.0,48342789.0,0.0046257364749908445,0.4625736474990845,Bruttopræmieindtægter,t.DKK,F&P,reported,kvartalsvise-markedsandele-1-2026.xlsx,Skadeforsikring i alt,197
Forsikring,Skadeforsikring i alt,2021,3,9,Nem Forsikring,198519.0,48342789.0,0.004106486439704895,0.4106486439704895,Bruttopræmieindtægter,t.DKK,F&P,reported,kvartalsvise-markedsandele-1-2026.xlsx,Skadeforsikring i alt,198
Forsikring,Skadeforsikring i alt,2021,3,9,Popermo Forsikring,183419.0,48342789.0,0.0037941336631774902,0.379413366317749,Bruttopræmieindtægter,t.DKK,F&P,reported,kvartalsvise-markedsandele-1-2026.xlsx,Skadeforsikring i alt,199
Forsikring,Skadeforsikring i alt,2021,3,9,Aros Forsikring,188558.0,48342789.0,0.00390043705701828,0.390043705701828,Bruttopræmieindtægter,t.DKK,F&P,reported,kvartalsvise-markedsandele-1-2026.xlsx,Skadeforsikring i alt,200
Forsikring,Skadeforsikring i alt,2021,3,9,PensionDanmark,164571.0,48342789.0,0.0034042513370513916,0.34042513370513916,Bruttopræmieindtægter,t.DKK,F&P,reported,kvartalsvise-markedsandele-1-2026.xlsx,Skadeforsikring i alt,201
Forsikring,Skadeforsikring i alt,2021,3,9,ETU Forsikring,161190.0,48342789.0,0.0033343133330345155,0.33343133330345154,Bruttopræmieindtægter,t.DKK,F&P,reported,kvartalsvise-markedsandele-1-2026.xlsx,Skadeforsikring i alt,202
Forsikring,Skadeforsikring i alt,2021,3,9,HDI-Gerling Forsikring,136006.0,48342789.0,0.002813366949558258,0.2813366949558258,Bruttopræmieindtægter,t.DKK,F&P,reported,kvartalsvise-markedsandele-1-2026.xlsx,Skadeforsikring i alt,203
Forsikring,Skadeforsikring i alt,2021,3,9,Gartnernes Forsikring,118161.0,48342789.0,0.002444232255220413,0.24442322552204132,Bruttopræmieindtægter,t.DKK,F&P,reported,kvartalsvise-markedsandele-1-2026.xlsx,Skadeforsikring i alt,204
Forsikring,Skadeforsikring i alt,2021,3,9,Domus Forsikring,113039.0,48342789.0,0.0023382805287837983,0.23382805287837982,Bruttopræmieindtægter,t.DKK,F&P,reported,kvartalsvise-markedsandele-1-2026.xlsx,Skadeforsikring i alt,205
Forsikring,Skadeforsikring i alt,2021,3,9,Bornholms Brandforsikring,105207.0,48342789.0,0.0021762707829475402,0.21762707829475403,Bruttopræmieindtægter,t.DKK,F&P,reported,kvartalsvise-markedsandele-1-2026.xlsx,Skadeforsikring i alt,206
Forsikring,Skadeforsikring i alt,2021,3,9,Vejle Brand,88999.0,48342789.0,0.0018409985303878785,0.18409985303878784,Bruttopræmieindtægter,t.DKK,F&P,reported,kvartalsvise-markedsandele-1-2026.xlsx,Skadeforsikring i alt,207
Forsikring,Skadeforsikring i alt,2021,3,9,Storstrøms Forsikring,77590.0,48342789.0,0.0016049963235855102,0.16049963235855103,Bruttopræmieindtægter,t.DKK,F&P,reported,kvartalsvise-markedsandele-1-2026.xlsx,Skadeforsikring i alt,208
Forsikring,Skadeforsikring i alt,2021,3,9,"AP Pension, Livsforsikringsaktieselskab",67653.0,48342789.0,0.0013994434475898742,0.13994434475898743,Bruttopræmieindtægter,t.DKK,F&P,reported,kvartalsvise-markedsandele-1-2026.xlsx,Skadeforsikring i alt,209
Forsikring,Skadeforsikring i alt,2021,3,9,Forsikringsselskabet Nærsikring,58827.0,48342789.0,0.0012168723344802856,0.12168723344802856,Bruttopræmieindtægter,t.DKK,F&P,reported,kvartalsvise-markedsandele-1-2026.xlsx,Skadeforsikring i alt,210
Forsikring,Skadeforsikring i alt,2021,3,9,AXA Forsikring,68676.0,48342789.0,0.001420604884624481,0.14206048846244812,Bruttopræmieindtægter,t.DKK,F&P,reported,kvartalsvise-markedsandele-1-2026.xlsx,Skadeforsikring i alt,211
Forsikring,Skadeforsikring i alt,2021,3,9,Forsikringsselskabet Vendsyssel,45808.0,48342789.0,0.0009475663304328918,0.09475663304328918,Bruttopræmieindtægter,t.DKK,F&P,reported,kvartalsvise-markedsandele-1-2026.xlsx,Skadeforsikring i alt,212
Forsikring,Skadeforsikring i alt,2021,3,9,HF Forsikring,33439.0,48342789.0,0.0006917060911655426,0.06917060911655426,Bruttopræmieindtægter,t.DKK,F&P,reported,kvartalsvise-markedsandele-1-2026.xlsx,Skadeforsikring i alt,213
Forsikring,Skadeforsikring i alt,2021,3,9,Fiskernes Forsikring,28564.0,48342789.0,0.000590863712131977,0.05908637121319771,Bruttopræmieindtægter,t.DKK,F&P,reported,kvartalsvise-markedsandele-1-2026.xlsx,Skadeforsikring i alt,214
Forsikring,Skadeforsikring i alt,2021,3,9,Dansk Musiker Forbund Forsikring,5099.0,48342789.0,0.00010547592304646969,0.010547592304646969,Bruttopræmieindtægter,t.DKK,F&P,reported,kvartalsvise-markedsandele-1-2026.xlsx,Skadeforsikring i alt,215
Forsikring,Skadeforsikring i alt,2021,4,12,Tryg,14325770.0,65065113.0,0.2201759147644043,22.01759147644043,Bruttopræmieindtægter,t.DKK,F&P,reported,kvartalsvise-markedsandele-1-2026.xlsx,Skadeforsikring i alt,178
Forsikring,Skadeforsikring i alt,2021,4,12,Topdanmark,10154373.0,65065113.0,0.15606478691101075,15.606478691101074,Bruttopræmieindtægter,t.DKK,F&P,reported,kvartalsvise-markedsandele-1-2026.xlsx,Skadeforsikring i alt,179
Forsikring,Skadeforsikring i alt,2021,4,12,Alm. Brand,5546838.0,65065113.0,0.08525056838989258,8.525056838989258,Bruttopræmieindtægter,t.DKK,F&P,reported,kvartalsvise-markedsandele-1-2026.xlsx,Skadeforsikring i alt,180
Forsikring,Skadeforsikring i alt,2021,4,12,Codan,5335526.0,65065113.0,0.08200286865234375,8.200286865234375,Bruttopræmieindtægter,t.DKK,F&P,reported,kvartalsvise-markedsandele-1-2026.xlsx,Skadeforsikring i alt,181
Forsikring,Skadeforsikring i alt,2021,4,12,Gjensidige Forsikring,4333281.0,65065113.0,0.0665991497039795,6.659914970397949,Bruttopræmieindtægter,t.DKK,F&P,reported,kvartalsvise-markedsandele-1-2026.xlsx,Skadeforsikring i alt,182
Forsikring,Skadeforsikring i alt,2021,4,12,If,3529582.0,65065113.0,0.05424692153930664,5.424692153930664,Bruttopræmieindtægter,t.DKK,F&P,reported,kvartalsvise-markedsandele-1-2026.xlsx,Skadeforsikring i alt,183
Forsikring,Skadeforsikring i alt,2021,4,12,Sygeforsikringen Danmark,3521846.0,65065113.0,0.05412802696228027,5.412802696228027,Bruttopræmieindtægter,t.DKK,F&P,reported,kvartalsvise-markedsandele-1-2026.xlsx,Skadeforsikring i alt,184
Forsikring,Skadeforsikring i alt,2021,4,12,PFA Pension,3379736.0,65065113.0,0.05194390296936035,5.194390296936035,Bruttopræmieindtægter,t.DKK,F&P,reported,kvartalsvise-markedsandele-1-2026.xlsx,Skadeforsikring i alt,185
Forsikring,Skadeforsikring i alt,2021,4,12,LB Forsikring,3146284.0,65065113.0,0.048355932235717776,4.835593223571777,Bruttopræmieindtægter,t.DKK,F&P,reported,kvartalsvise-markedsandele-1-2026.xlsx,Skadeforsikring i alt,186
Forsikring,Skadeforsikring i alt,2021,4,12,GF Forsikring A/S,2655033.0,65065113.0,0.04080578327178955,4.080578327178955,Bruttopræmieindtægter,t.DKK,F&P,reported,kvartalsvise-markedsandele-1-2026.xlsx,Skadeforsikring i alt,187
Forsikring,Skadeforsikring i alt,2021,4,12,Danica Pension,1657575.0,65065113.0,0.025475633144378663,2.547563314437866,Bruttopræmieindtægter,t.DKK,F&P,reported,kvartalsvise-markedsandele-1-2026.xlsx,Skadeforsikring i alt,188
Forsikring,Skadeforsikring i alt,2021,4,12,Købstædernes Forsikring,1417427.0,65065113.0,0.021784746646881105,2.1784746646881104,Bruttopræmieindtægter,t.DKK,F&P,reported,kvartalsvise-markedsandele-1-2026.xlsx,Skadeforsikring i alt,189
Forsikring,Skadeforsikring i alt,2021,4,12,Sønderjysk Forsikring,645565.0,65065113.0,0.009921830296516419,0.9921830296516418,Bruttopræmieindtægter,t.DKK,F&P,reported,kvartalsvise-markedsandele-1-2026.xlsx,Skadeforsikring i alt,190
Forsikring,Skadeforsikring i alt,2021,4,12,Protector Forsikring,634239.0,65065113.0,0.009747758507728577,0.9747758507728577,Bruttopræmieindtægter,t.DKK,F&P,reported,kvartalsvise-markedsandele-1-2026.xlsx,Skadeforsikring i alt,191
Forsikring,Skadeforsikring i alt,2021,4,12,Himmerland Forsikring,489106.0,65065113.0,0.00751717746257782,0.751717746257782,Bruttopræmieindtægter,t.DKK,F&P,reported,kvartalsvise-markedsandele-1-2026.xlsx,Skadeforsikring i alt,192
Forsikring,Skadeforsikring i alt,2021,4,12,Thisted Forsikring,437175.0,65065113.0,0.006719038486480713,0.6719038486480713,Bruttopræmieindtægter,t.DKK,F&P,reported,kvartalsvise-markedsandele-1-2026.xlsx,Skadeforsikring i alt,193
Forsikring,Skadeforsikring i alt,2021,4,12,Dansk Boligforsikring,405727.0,65065113.0,0.006235707402229309,0.6235707402229309,Bruttopræmieindtægter,t.DKK,F&P,reported,kvartalsvise-markedsandele-1-2026.xlsx,Skadeforsikring i alt,194
Forsikring,Skadeforsikring i alt,2021,4,12,Vestjylland,363075.0,65065113.0,0.0055801796913146975,0.5580179691314697,Bruttopræmieindtægter,t.DKK,F&P,reported,kvartalsvise-markedsandele-1-2026.xlsx,Skadeforsikring i alt,195
Forsikring,Skadeforsikring i alt,2021,4,12,Lokal Forsikring,340717.0,65065113.0,0.0052365541458129885,0.5236554145812988,Bruttopræmieindtægter,t.DKK,F&P,reported,kvartalsvise-markedsandele-1-2026.xlsx,Skadeforsikring i alt,196
Forsikring,Skadeforsikring i alt,2021,4,12,PenSam,299040.0,65065113.0,0.004596011340618133,0.45960113406181335,Bruttopræmieindtægter,t.DKK,F&P,reported,kvartalsvise-markedsandele-1-2026.xlsx,Skadeforsikring i alt,197
Forsikring,Skadeforsikring i alt,2021,4,12,Nem Forsikring,264103.0,65065113.0,0.00405905693769455,0.40590569376945496,Bruttopræmieindtægter,t.DKK,F&P,reported,kvartalsvise-markedsandele-1-2026.xlsx,Skadeforsikring i alt,198
Forsikring,Skadeforsikring i alt,2021,4,12,Popermo Forsikring,244089.0,65065113.0,0.0037514573335647584,0.37514573335647583,Bruttopræmieindtægter,t.DKK,F&P,reported,kvartalsvise-markedsandele-1-2026.xlsx,Skadeforsikring i alt,199
Forsikring,Skadeforsikring i alt,2021,4,12,Aros Forsikring,239091.0,65065113.0,0.0036746421456336975,0.36746421456336975,Bruttopræmieindtægter,t.DKK,F&P,reported,kvartalsvise-markedsandele-1-2026.xlsx,Skadeforsikring i alt,200
Forsikring,Skadeforsikring i alt,2021,4,12,PensionDanmark,233046.0,65065113.0,0.0035817351937294005,0.35817351937294006,Bruttopræmieindtægter,t.DKK,F&P,reported,kvartalsvise-markedsandele-1-2026.xlsx,Skadeforsikring i alt,201
Forsikring,Skadeforsikring i alt,2021,4,12,ETU Forsikring,218050.0,65065113.0,0.0033512583374977114,0.3351258337497711,Bruttopræmieindtægter,t.DKK,F&P,reported,kvartalsvise-markedsandele-1-2026.xlsx,Skadeforsikring i alt,202
Forsikring,Skadeforsikring i alt,2021,4,12,HDI-Gerling Forsikring,182840.0,65065113.0,0.0028101080656051636,0.28101080656051636,Bruttopræmieindtægter,t.DKK,F&P,reported,kvartalsvise-markedsandele-1-2026.xlsx,Skadeforsikring i alt,203
Forsikring,Skadeforsikring i alt,2021,4,12,Gartnernes Forsikring,158469.0,65065113.0,0.0024355448782444,0.24355448782444,Bruttopræmieindtægter,t.DKK,F&P,reported,kvartalsvise-markedsandele-1-2026.xlsx,Skadeforsikring i alt,204
Forsikring,Skadeforsikring i alt,2021,4,12,Domus Forsikring,154378.0,65065113.0,0.0023726694285869598,0.23726694285869598,Bruttopræmieindtægter,t.DKK,F&P,reported,kvartalsvise-markedsandele-1-2026.xlsx,Skadeforsikring i alt,205
Forsikring,Skadeforsikring i alt,2021,4,12,Bornholms Brandforsikring,141797.0,65065113.0,0.0021793092787265778,0.21793092787265778,Bruttopræmieindtægter,t.DKK,F&P,reported,kvartalsvise-markedsandele-1-2026.xlsx,Skadeforsikring i alt,206
Forsikring,Skadeforsikring i alt,2021,4,12,Vejle Brand,119829.0,65065113.0,0.0018416781723499297,0.18416781723499298,Bruttopræmieindtægter,t.DKK,F&P,reported,kvartalsvise-markedsandele-1-2026.xlsx,Skadeforsikring i alt,207
Forsikring,Skadeforsikring i alt,2021,4,12,Storstrøms Forsikring,102436.0,65065113.0,0.0015743613243103028,0.15743613243103027,Bruttopræmieindtægter,t.DKK,F&P,reported,kvartalsvise-markedsandele-1-2026.xlsx,Skadeforsikring i alt,208
Forsikring,Skadeforsikring i alt,2021,4,12,"AP Pension, Livsforsikringsaktieselskab",92170.0,65065113.0,0.0014165809750556946,0.14165809750556946,Bruttopræmieindtægter,t.DKK,F&P,reported,kvartalsvise-markedsandele-1-2026.xlsx,Skadeforsikring i alt,209
Forsikring,Skadeforsikring i alt,2021,4,12,Forsikringsselskabet Nærsikring,80381.0,65065113.0,0.001235393211245537,0.12353932112455368,Bruttopræmieindtægter,t.DKK,F&P,reported,kvartalsvise-markedsandele-1-2026.xlsx,Skadeforsikring i alt,210
Forsikring,Skadeforsikring i alt,2021,4,12,AXA Forsikring,72116.0,65065113.0,0.0011083666235208512,0.11083666235208511,Bruttopræmieindtægter,t.DKK,F&P,reported,kvartalsvise-markedsandele-1-2026.xlsx,Skadeforsikring i alt,211
Forsikring,Skadeforsikring i alt,2021,4,12,Forsikringsselskabet Vendsyssel,61542.0,65065113.0,0.0009458525478839874,0.09458525478839874,Bruttopræmieindtægter,t.DKK,F&P,reported,kvartalsvise-markedsandele-1-2026.xlsx,Skadeforsikring i alt,212
Forsikring,Skadeforsikring i alt,2021,4,12,HF Forsikring,45192.0,65065113.0,0.0006945657730102539,0.06945657730102539,Bruttopræmieindtægter,t.DKK,F&P,reported,kvartalsvise-markedsandele-1-2026.xlsx,Skadeforsikring i alt,213
Forsikring,Skadeforsikring i alt,2021,4,12,Fiskernes Forsikring,30829.0,65065113.0,0.0004738176614046097,0.04738176614046097,Bruttopræmieindtægter,t.DKK,F&P,reported,kvartalsvise-markedsandele-1-2026.xlsx,Skadeforsikring i alt,214
Forsikring,Skadeforsikring i alt,2021,4,12,Dansk Musiker Forbund Forsikring,6840.0,65065113.0,0.00010512546636164188,0.010512546636164188,Bruttopræmieindtægter,t.DKK,F&P,reported,kvartalsvise-markedsandele-1-2026.xlsx,Skadeforsikring i alt,215
Forsikring,Skadeforsikring i alt,2020,1,3,Tryg,3436229.0,15278358.0,0.2249082565307617,22.490825653076172,Bruttopræmieindtægter,t.DKK,F&P,reported,kvartalsvise-markedsandele-1-2026.xlsx,Skadeforsikring i alt,222
Forsikring,Skadeforsikring i alt,2020,1,3,Topdanmark,2389610.0,15278358.0,0.15640489578247072,15.64048957824707,Bruttopræmieindtægter,t.DKK,F&P,reported,kvartalsvise-markedsandele-1-2026.xlsx,Skadeforsikring i alt,223
Forsikring,Skadeforsikring i alt,2020,1,3,Alm. Brand,1360609.0,15278358.0,0.08905466079711914,8.905466079711914,Bruttopræmieindtægter,t.DKK,F&P,reported,kvartalsvise-markedsandele-1-2026.xlsx,Skadeforsikring i alt,224
Forsikring,Skadeforsikring i alt,2020,1,3,Codan,1306996.0,15278358.0,0.08554557800292968,8.554557800292969,Bruttopræmieindtægter,t.DKK,F&P,reported,kvartalsvise-markedsandele-1-2026.xlsx,Skadeforsikring i alt,225
Forsikring,Skadeforsikring i alt,2020,1,3,Gjensidige Forsikring,1025935.0,15278358.0,0.06714955806732177,6.714955806732178,Bruttopræmieindtægter,t.DKK,F&P,reported,kvartalsvise-markedsandele-1-2026.xlsx,Skadeforsikring i alt,226
Forsikring,Skadeforsikring i alt,2020,1,3,Sygeforsikringen Danmark,859666.0,15278358.0,0.05626690864562988,5.626690864562988,Bruttopræmieindtægter,t.DKK,F&P,reported,kvartalsvise-markedsandele-1-2026.xlsx,Skadeforsikring i alt,227
Forsikring,Skadeforsikring i alt,2020,1,3,If,832556.0,15278358.0,0.054492506980896,5.4492506980896,Bruttopræmieindtægter,t.DKK,F&P,reported,kvartalsvise-markedsandele-1-2026.xlsx,Skadeforsikring i alt,228
Forsikring,Skadeforsikring i alt,2020,1,3,LB Forsikring,720264.0,15278358.0,0.04714276313781738,4.714276313781738,Bruttopræmieindtægter,t.DKK,F&P,reported,kvartalsvise-markedsandele-1-2026.xlsx,Skadeforsikring i alt,229
Forsikring,Skadeforsikring i alt,2020,1,3,GF-Forsikring,589089.0,15278358.0,0.03855708837509155,3.8557088375091553,Bruttopræmieindtægter,t.DKK,F&P,reported,kvartalsvise-markedsandele-1-2026.xlsx,Skadeforsikring i alt,230
Forsikring,Skadeforsikring i alt,2020,1,3,PFA Pension,697303.0,15278358.0,0.04563991546630859,4.563991546630859,Bruttopræmieindtægter,t.DKK,F&P,reported,kvartalsvise-markedsandele-1-2026.xlsx,Skadeforsikring i alt,231
Forsikring,Skadeforsikring i alt,2020,1,3,Danica Pension,362808.0,15278358.0,0.023746531009674072,2.3746531009674072,Bruttopræmieindtægter,t.DKK,F&P,reported,kvartalsvise-markedsandele-1-2026.xlsx,Skadeforsikring i alt,232
Forsikring,Skadeforsikring i alt,2020,1,3,Købstædernes Forsikring,322146.0,15278358.0,0.021085119247436522,2.1085119247436523,Bruttopræmieindtægter,t.DKK,F&P,reported,kvartalsvise-markedsandele-1-2026.xlsx,Skadeforsikring i alt,233
Forsikring,Skadeforsikring i alt,2020,1,3,Protector Forsikring,171391.0,15278358.0,0.011217894554138184,1.1217894554138184,Bruttopræmieindtægter,t.DKK,F&P,reported,kvartalsvise-markedsandele-1-2026.xlsx,Skadeforsikring i alt,234
Forsikring,Skadeforsikring i alt,2020,1,3,Sønderjysk Forsikring,119429.0,15278358.0,0.007816873788833618,0.7816873788833618,Bruttopræmieindtægter,t.DKK,F&P,reported,kvartalsvise-markedsandele-1-2026.xlsx,Skadeforsikring i alt,235
Forsikring,Skadeforsikring i alt,2020,1,3,Himmerland Forsikring,110029.0,15278358.0,0.007201624512672425,0.7201624512672424,Bruttopræmieindtægter,t.DKK,F&P,reported,kvartalsvise-markedsandele-1-2026.xlsx,Skadeforsikring i alt,236
Forsikring,Skadeforsikring i alt,2020,1,3,Thisted Forsikring,99932.0,15278358.0,0.006540755033493042,0.6540755033493042,Bruttopræmieindtægter,t.DKK,F&P,reported,kvartalsvise-markedsandele-1-2026.xlsx,Skadeforsikring i alt,237
Forsikring,Skadeforsikring i alt,2020,1,3,Vestjylland,81682.0,15278358.0,0.005346255302429199,0.5346255302429199,Bruttopræmieindtægter,t.DKK,F&P,reported,kvartalsvise-markedsandele-1-2026.xlsx,Skadeforsikring i alt,238
Forsikring,Skadeforsikring i alt,2020,1,3,Lokal Forsikring,80196.0,15278358.0,0.005248993635177612,0.5248993635177612,Bruttopræmieindtægter,t.DKK,F&P,reported,kvartalsvise-markedsandele-1-2026.xlsx,Skadeforsikring i alt,239
Forsikring,Skadeforsikring i alt,2020,1,3,PenSam,75583.0,15278358.0,0.004947063028812409,0.49470630288124084,Bruttopræmieindtægter,t.DKK,F&P,reported,kvartalsvise-markedsandele-1-2026.xlsx,Skadeforsikring i alt,240
Forsikring,Skadeforsikring i alt,2020,1,3,Dansk Boligforsikring,65087.0,15278358.0,0.004260078072547913,0.42600780725479126,Bruttopræmieindtægter,t.DKK,F&P,reported,kvartalsvise-markedsandele-1-2026.xlsx,Skadeforsikring i alt,241
Forsikring,Skadeforsikring i alt,2020,1,3,Nem Forsikring,70172.0,15278358.0,0.004592902064323425,0.45929020643234253,Bruttopræmieindtægter,t.DKK,F&P,reported,kvartalsvise-markedsandele-1-2026.xlsx,Skadeforsikring i alt,242
Forsikring,Skadeforsikring i alt,2020,1,3,Popermo Forsikring,58695.0,15278358.0,0.003841708600521088,0.38417086005210876,Bruttopræmieindtægter,t.DKK,F&P,reported,kvartalsvise-markedsandele-1-2026.xlsx,Skadeforsikring i alt,243
Forsikring,Skadeforsikring i alt,2020,1,3,PensionDanmark,53479.0,15278358.0,0.003500310778617859,0.3500310778617859,Bruttopræmieindtægter,t.DKK,F&P,reported,kvartalsvise-markedsandele-1-2026.xlsx,Skadeforsikring i alt,244
Forsikring,Skadeforsikring i alt,2020,1,3,Aros Forsikring,49896.0,15278358.0,0.0032657960057258604,0.32657960057258606,Bruttopræmieindtægter,t.DKK,F&P,reported,kvartalsvise-markedsandele-1-2026.xlsx,Skadeforsikring i alt,245
Forsikring,Skadeforsikring i alt,2020,1,3,ETU Forsikring,41880.0,15278358.0,0.002741132378578186,0.2741132378578186,Bruttopræmieindtægter,t.DKK,F&P,reported,kvartalsvise-markedsandele-1-2026.xlsx,Skadeforsikring i alt,246
Forsikring,Skadeforsikring i alt,2020,1,3,Gartnernes Forsikring,37726.0,15278358.0,0.0024692444503307343,0.24692444503307343,Bruttopræmieindtægter,t.DKK,F&P,reported,kvartalsvise-markedsandele-1-2026.xlsx,Skadeforsikring i alt,247
Forsikring,Skadeforsikring i alt,2020,1,3,Bornholms Brandforsikring,31785.0,15278358.0,0.0020803937315940855,0.20803937315940857,Bruttopræmieindtægter,t.DKK,F&P,reported,kvartalsvise-markedsandele-1-2026.xlsx,Skadeforsikring i alt,248
Forsikring,Skadeforsikring i alt,2020,1,3,Vejle Brand,26548.0,15278358.0,0.0017376212775707244,0.17376212775707245,Bruttopræmieindtægter,t.DKK,F&P,reported,kvartalsvise-markedsandele-1-2026.xlsx,Skadeforsikring i alt,249
Forsikring,Skadeforsikring i alt,2020,1,3,HDI-Gerling Forsikring,32051.0,15278358.0,0.0020978039503097533,0.20978039503097534,Bruttopræmieindtægter,t.DKK,F&P,reported,kvartalsvise-markedsandele-1-2026.xlsx,Skadeforsikring i alt,250
Forsikring,Skadeforsikring i alt,2020,1,3,Domus Forsikring,21785.0,15278358.0,0.001425873190164566,0.1425873190164566,Bruttopræmieindtægter,t.DKK,F&P,reported,kvartalsvise-markedsandele-1-2026.xlsx,Skadeforsikring i alt,251
Forsikring,Skadeforsikring i alt,2020,1,3,Skandia,26766.0,15278358.0,0.0017518898844718933,0.17518898844718933,Bruttopræmieindtægter,t.DKK,F&P,reported,kvartalsvise-markedsandele-1-2026.xlsx,Skadeforsikring i alt,252
Forsikring,Skadeforsikring i alt,2020,1,3,Storstrøms Forsikring,29315.0,15278358.0,0.0019187271595001222,0.1918727159500122,Bruttopræmieindtægter,t.DKK,F&P,reported,kvartalsvise-markedsandele-1-2026.xlsx,Skadeforsikring i alt,253
Forsikring,Skadeforsikring i alt,2020,1,3,Forsikringsselskabet Nærsikring,18640.0,15278358.0,0.0012200263887643815,0.12200263887643814,Bruttopræmieindtægter,t.DKK,F&P,reported,kvartalsvise-markedsandele-1-2026.xlsx,Skadeforsikring i alt,254
Forsikring,Skadeforsikring i alt,2020,1,3,AXA Forsikring,30439.0,15278358.0,0.0019922952353954317,0.19922952353954315,Bruttopræmieindtægter,t.DKK,F&P,reported,kvartalsvise-markedsandele-1-2026.xlsx,Skadeforsikring i alt,255
Forsikring,Skadeforsikring i alt,2020,1,3,Forsikringsselskabet Vendsyssel,13662.0,15278358.0,0.0008942060172557831,0.08942060172557831,Bruttopræmieindtægter,t.DKK,F&P,reported,kvartalsvise-markedsandele-1-2026.xlsx,Skadeforsikring i alt,256
Forsikring,Skadeforsikring i alt,2020,1,3,HF Forsikring,9971.0,15278358.0,0.0006526225060224533,0.06526225060224533,Bruttopræmieindtægter,t.DKK,F&P,reported,kvartalsvise-markedsandele-1-2026.xlsx,Skadeforsikring i alt,257
Forsikring,Skadeforsikring i alt,2020,1,3,Fiskernes Forsikring,17205.0,15278358.0,0.0011261026561260224,0.11261026561260223,Bruttopræmieindtægter,t.DKK,F&P,reported,kvartalsvise-markedsandele-1-2026.xlsx,Skadeforsikring i alt,258
Forsikring,Skadeforsikring i alt,2020,1,3,Dansk Musiker Forbund Forsikring,1720.0,15278358.0,0.00011257754638791084,0.011257754638791084,Bruttopræmieindtægter,t.DKK,F&P,reported,kvartalsvise-markedsandele-1-2026.xlsx,Skadeforsikring i alt,259
Forsikring,Skadeforsikring i alt,2020,1,3,Norli Pension,83.0,15278358.0,5.432520993053913e-06,0.0005432520993053913,Bruttopræmieindtægter,t.DKK,F&P,reported,kvartalsvise-markedsandele-1-2026.xlsx,Skadeforsikring i alt,260
Forsikring,Skadeforsikring i alt,2020,2,6,Tryg,6917588.0,30601415.0,0.22605451583862304,22.605451583862305,Bruttopræmieindtægter,t.DKK,F&P,reported,kvartalsvise-markedsandele-1-2026.xlsx,Skadeforsikring i alt,222
Forsikring,Skadeforsikring i alt,2020,2,6,Topdanmark,4817325.0,30601415.0,0.1574216365814209,15.74216365814209,Bruttopræmieindtægter,t.DKK,F&P,reported,kvartalsvise-markedsandele-1-2026.xlsx,Skadeforsikring i alt,223
Forsikring,Skadeforsikring i alt,2020,2,6,Alm. Brand,2719219.0,30601415.0,0.0888592529296875,8.88592529296875,Bruttopræmieindtægter,t.DKK,F&P,reported,kvartalsvise-markedsandele-1-2026.xlsx,Skadeforsikring i alt,224
Forsikring,Skadeforsikring i alt,2020,2,6,Codan,2562977.0,30601415.0,0.08375353813171386,8.375353813171387,Bruttopræmieindtægter,t.DKK,F&P,reported,kvartalsvise-markedsandele-1-2026.xlsx,Skadeforsikring i alt,225
Forsikring,Skadeforsikring i alt,2020,2,6,Gjensidige Forsikring,2041024.0,30601415.0,0.06669704437255859,6.669704437255859,Bruttopræmieindtægter,t.DKK,F&P,reported,kvartalsvise-markedsandele-1-2026.xlsx,Skadeforsikring i alt,226
Forsikring,Skadeforsikring i alt,2020,2,6,Sygeforsikringen Danmark,1722114.0,30601415.0,0.05627562999725342,5.627562999725342,Bruttopræmieindtægter,t.DKK,F&P,reported,kvartalsvise-markedsandele-1-2026.xlsx,Skadeforsikring i alt,227
Forsikring,Skadeforsikring i alt,2020,2,6,If,1661882.0,30601415.0,0.054307355880737304,5.4307355880737305,Bruttopræmieindtægter,t.DKK,F&P,reported,kvartalsvise-markedsandele-1-2026.xlsx,Skadeforsikring i alt,228
Forsikring,Skadeforsikring i alt,2020,2,6,LB Forsikring,1470432.0,30601415.0,0.04805110931396484,4.805110931396484,Bruttopræmieindtægter,t.DKK,F&P,reported,kvartalsvise-markedsandele-1-2026.xlsx,Skadeforsikring i alt,229
Forsikring,Skadeforsikring i alt,2020,2,6,GF-Forsikring,1179808.0,30601415.0,0.03855403184890747,3.855403184890747,Bruttopræmieindtægter,t.DKK,F&P,reported,kvartalsvise-markedsandele-1-2026.xlsx,Skadeforsikring i alt,230
Forsikring,Skadeforsikring i alt,2020,2,6,PFA Pension,1414976.0,30601415.0,0.04623890399932861,4.623890399932861,Bruttopræmieindtægter,t.DKK,F&P,reported,kvartalsvise-markedsandele-1-2026.xlsx,Skadeforsikring i alt,231
Forsikring,Skadeforsikring i alt,2020,2,6,Danica Pension,709469.0,30601415.0,0.023184187412261963,2.3184187412261963,Bruttopræmieindtægter,t.DKK,F&P,reported,kvartalsvise-markedsandele-1-2026.xlsx,Skadeforsikring i alt,232
Forsikring,Skadeforsikring i alt,2020,2,6,Købstædernes Forsikring,647278.0,30601415.0,0.02115189790725708,2.115189790725708,Bruttopræmieindtægter,t.DKK,F&P,reported,kvartalsvise-markedsandele-1-2026.xlsx,Skadeforsikring i alt,233
Forsikring,Skadeforsikring i alt,2020,2,6,Protector Forsikring,343348.0,30601415.0,0.011220003366470338,1.1220003366470337,Bruttopræmieindtægter,t.DKK,F&P,reported,kvartalsvise-markedsandele-1-2026.xlsx,Skadeforsikring i alt,234
Forsikring,Skadeforsikring i alt,2020,2,6,Sønderjysk Forsikring,240734.0,30601415.0,0.00786675989627838,0.7866759896278381,Bruttopræmieindtægter,t.DKK,F&P,reported,kvartalsvise-markedsandele-1-2026.xlsx,Skadeforsikring i alt,235
Forsikring,Skadeforsikring i alt,2020,2,6,Himmerland Forsikring,223111.0,30601415.0,0.007290871739387512,0.7290871739387512,Bruttopræmieindtægter,t.DKK,F&P,reported,kvartalsvise-markedsandele-1-2026.xlsx,Skadeforsikring i alt,236
Forsikring,Skadeforsikring i alt,2020,2,6,Thisted Forsikring,200470.0,30601415.0,0.0065510040521621704,0.655100405216217,Bruttopræmieindtægter,t.DKK,F&P,reported,kvartalsvise-markedsandele-1-2026.xlsx,Skadeforsikring i alt,237
Forsikring,Skadeforsikring i alt,2020,2,6,Vestjylland,165592.0,30601415.0,0.005411252975463867,0.5411252975463867,Bruttopræmieindtægter,t.DKK,F&P,reported,kvartalsvise-markedsandele-1-2026.xlsx,Skadeforsikring i alt,238
Forsikring,Skadeforsikring i alt,2020,2,6,Lokal Forsikring,161860.0,30601415.0,0.005289297699928284,0.5289297699928284,Bruttopræmieindtægter,t.DKK,F&P,reported,kvartalsvise-markedsandele-1-2026.xlsx,Skadeforsikring i alt,239
Forsikring,Skadeforsikring i alt,2020,2,6,PenSam,150754.0,30601415.0,0.004926373362541199,0.4926373362541199,Bruttopræmieindtægter,t.DKK,F&P,reported,kvartalsvise-markedsandele-1-2026.xlsx,Skadeforsikring i alt,240
Forsikring,Skadeforsikring i alt,2020,2,6,Dansk Boligforsikring,132381.0,30601415.0,0.0043259763717651365,0.43259763717651367,Bruttopræmieindtægter,t.DKK,F&P,reported,kvartalsvise-markedsandele-1-2026.xlsx,Skadeforsikring i alt,241
Forsikring,Skadeforsikring i alt,2020,2,6,Nem Forsikring,137537.0,30601415.0,0.004494465291500092,0.44944652915000916,Bruttopræmieindtægter,t.DKK,F&P,reported,kvartalsvise-markedsandele-1-2026.xlsx,Skadeforsikring i alt,242
Forsikring,Skadeforsikring i alt,2020,2,6,Popermo Forsikring,118846.0,30601415.0,0.003883676528930664,0.3883676528930664,Bruttopræmieindtægter,t.DKK,F&P,reported,kvartalsvise-markedsandele-1-2026.xlsx,Skadeforsikring i alt,243
Forsikring,Skadeforsikring i alt,2020,2,6,PensionDanmark,106983.0,30601415.0,0.0034960147738456724,0.34960147738456726,Bruttopræmieindtægter,t.DKK,F&P,reported,kvartalsvise-markedsandele-1-2026.xlsx,Skadeforsikring i alt,244
Forsikring,Skadeforsikring i alt,2020,2,6,Aros Forsikring,101826.0,30601415.0,0.0033274930715560913,0.33274930715560913,Bruttopræmieindtægter,t.DKK,F&P,reported,kvartalsvise-markedsandele-1-2026.xlsx,Skadeforsikring i alt,245
Forsikring,Skadeforsikring i alt,2020,2,6,ETU Forsikring,87209.0,30601415.0,0.002849835455417633,0.2849835455417633,Bruttopræmieindtægter,t.DKK,F&P,reported,kvartalsvise-markedsandele-1-2026.xlsx,Skadeforsikring i alt,246
Forsikring,Skadeforsikring i alt,2020,2,6,Gartnernes Forsikring,74037.0,30601415.0,0.002419397830963135,0.24193978309631348,Bruttopræmieindtægter,t.DKK,F&P,reported,kvartalsvise-markedsandele-1-2026.xlsx,Skadeforsikring i alt,247
Forsikring,Skadeforsikring i alt,2020,2,6,Bornholms Brandforsikring,64340.0,30601415.0,0.0021025170385837555,0.21025170385837555,Bruttopræmieindtægter,t.DKK,F&P,reported,kvartalsvise-markedsandele-1-2026.xlsx,Skadeforsikring i alt,248
Forsikring,Skadeforsikring i alt,2020,2,6,Vejle Brand,54000.0,30601415.0,0.0017646242678165435,0.17646242678165436,Bruttopræmieindtægter,t.DKK,F&P,reported,kvartalsvise-markedsandele-1-2026.xlsx,Skadeforsikring i alt,249
Forsikring,Skadeforsikring i alt,2020,2,6,HDI-Gerling Forsikring,68947.0,30601415.0,0.0022530657052993773,0.22530657052993774,Bruttopræmieindtægter,t.DKK,F&P,reported,kvartalsvise-markedsandele-1-2026.xlsx,Skadeforsikring i alt,250
Forsikring,Skadeforsikring i alt,2020,2,6,Domus Forsikring,47360.0,30601415.0,0.001547640860080719,0.1547640860080719,Bruttopræmieindtægter,t.DKK,F&P,reported,kvartalsvise-markedsandele-1-2026.xlsx,Skadeforsikring i alt,251
Forsikring,Skadeforsikring i alt,2020,2,6,Skandia,52468.0,30601415.0,0.0017145611345767975,0.17145611345767975,Bruttopræmieindtægter,t.DKK,F&P,reported,kvartalsvise-markedsandele-1-2026.xlsx,Skadeforsikring i alt,252
Forsikring,Skadeforsikring i alt,2020,2,6,Storstrøms Forsikring,47955.0,30601415.0,0.0015670843422412872,0.15670843422412872,Bruttopræmieindtægter,t.DKK,F&P,reported,kvartalsvise-markedsandele-1-2026.xlsx,Skadeforsikring i alt,253
Forsikring,Skadeforsikring i alt,2020,2,6,Forsikringsselskabet Nærsikring,36210.0,30601415.0,0.0011832785606384277,0.11832785606384277,Bruttopræmieindtægter,t.DKK,F&P,reported,kvartalsvise-markedsandele-1-2026.xlsx,Skadeforsikring i alt,254
Forsikring,Skadeforsikring i alt,2020,2,6,AXA Forsikring,44049.0,30601415.0,0.0014394432306289672,0.14394432306289673,Bruttopræmieindtægter,t.DKK,F&P,reported,kvartalsvise-markedsandele-1-2026.xlsx,Skadeforsikring i alt,255
Forsikring,Skadeforsikring i alt,2020,2,6,Forsikringsselskabet Vendsyssel,27635.0,30601415.0,0.0009030628204345703,0.09030628204345703,Bruttopræmieindtægter,t.DKK,F&P,reported,kvartalsvise-markedsandele-1-2026.xlsx,Skadeforsikring i alt,256
Forsikring,Skadeforsikring i alt,2020,2,6,HF Forsikring,20103.0,30601415.0,0.0006569303572177887,0.06569303572177887,Bruttopræmieindtægter,t.DKK,F&P,reported,kvartalsvise-markedsandele-1-2026.xlsx,Skadeforsikring i alt,257
Forsikring,Skadeforsikring i alt,2020,2,6,Fiskernes Forsikring,25964.0,30601415.0,0.0008484574407339096,0.08484574407339096,Bruttopræmieindtægter,t.DKK,F&P,reported,kvartalsvise-markedsandele-1-2026.xlsx,Skadeforsikring i alt,258
Forsikring,Skadeforsikring i alt,2020,2,6,Dansk Musiker Forbund Forsikring,3444.0,30601415.0,0.00011254381388425827,0.011254381388425827,Bruttopræmieindtægter,t.DKK,F&P,reported,kvartalsvise-markedsandele-1-2026.xlsx,Skadeforsikring i alt,259
Forsikring,Skadeforsikring i alt,2020,2,6,Norli Pension,160.0,30601415.0,5.228515947237611e-06,0.0005228515947237611,Bruttopræmieindtægter,t.DKK,F&P,reported,kvartalsvise-markedsandele-1-2026.xlsx,Skadeforsikring i alt,260
Forsikring,Skadeforsikring i alt,2020,3,9,Tryg,10357428.0,46062075.0,0.22485803604125976,22.485803604125977,Bruttopræmieindtægter,t.DKK,F&P,reported,kvartalsvise-markedsandele-1-2026.xlsx,Skadeforsikring i alt,222
Forsikring,Skadeforsikring i alt,2020,3,9,Topdanmark,7245357.0,46062075.0,0.15729549407958984,15.729549407958984,Bruttopræmieindtægter,t.DKK,F&P,reported,kvartalsvise-markedsandele-1-2026.xlsx,Skadeforsikring i alt,223
Forsikring,Skadeforsikring i alt,2020,3,9,Alm. Brand,4093140.0,46062075.0,0.08886138916015625,8.886138916015625,Bruttopræmieindtægter,t.DKK,F&P,reported,kvartalsvise-markedsandele-1-2026.xlsx,Skadeforsikring i alt,224
Forsikring,Skadeforsikring i alt,2020,3,9,Codan,3924972.0,46062075.0,0.08521048545837402,8.521048545837402,Bruttopræmieindtægter,t.DKK,F&P,reported,kvartalsvise-markedsandele-1-2026.xlsx,Skadeforsikring i alt,225
Forsikring,Skadeforsikring i alt,2020,3,9,Gjensidige Forsikring,3074814.0,46062075.0,0.06675370216369629,6.675370216369629,Bruttopræmieindtægter,t.DKK,F&P,reported,kvartalsvise-markedsandele-1-2026.xlsx,Skadeforsikring i alt,226
Forsikring,Skadeforsikring i alt,2020,3,9,Sygeforsikringen Danmark,2587675.0,46062075.0,0.05617799282073974,5.617799282073975,Bruttopræmieindtægter,t.DKK,F&P,reported,kvartalsvise-markedsandele-1-2026.xlsx,Skadeforsikring i alt,227
Forsikring,Skadeforsikring i alt,2020,3,9,If,2514029.0,46062075.0,0.054579153060913085,5.457915306091309,Bruttopræmieindtægter,t.DKK,F&P,reported,kvartalsvise-markedsandele-1-2026.xlsx,Skadeforsikring i alt,228
Forsikring,Skadeforsikring i alt,2020,3,9,LB Forsikring,2232051.0,46062075.0,0.0484574556350708,4.84574556350708,Bruttopræmieindtægter,t.DKK,F&P,reported,kvartalsvise-markedsandele-1-2026.xlsx,Skadeforsikring i alt,229
Forsikring,Skadeforsikring i alt,2020,3,9,GF-Forsikring,1806381.0,46062075.0,0.0392162299156189,3.9216229915618896,Bruttopræmieindtægter,t.DKK,F&P,reported,kvartalsvise-markedsandele-1-2026.xlsx,Skadeforsikring i alt,230
Forsikring,Skadeforsikring i alt,2020,3,9,PFA Pension,2031074.0,46062075.0,0.044094276428222653,4.409427642822266,Bruttopræmieindtægter,t.DKK,F&P,reported,kvartalsvise-markedsandele-1-2026.xlsx,Skadeforsikring i alt,231
Forsikring,Skadeforsikring i alt,2020,3,9,Danica Pension,1067067.0,46062075.0,0.02316584587097168,2.316584587097168,Bruttopræmieindtægter,t.DKK,F&P,reported,kvartalsvise-markedsandele-1-2026.xlsx,Skadeforsikring i alt,232
Forsikring,Skadeforsikring i alt,2020,3,9,Købstædernes Forsikring,985363.0,46062075.0,0.02139206647872925,2.139206647872925,Bruttopræmieindtægter,t.DKK,F&P,reported,kvartalsvise-markedsandele-1-2026.xlsx,Skadeforsikring i alt,233
Forsikring,Skadeforsikring i alt,2020,3,9,Protector Forsikring,517556.0,46062075.0,0.01123605489730835,1.123605489730835,Bruttopræmieindtægter,t.DKK,F&P,reported,kvartalsvise-markedsandele-1-2026.xlsx,Skadeforsikring i alt,234
Forsikring,Skadeforsikring i alt,2020,3,9,Sønderjysk Forsikring,366783.0,46062075.0,0.007962797880172729,0.796279788017273,Bruttopræmieindtægter,t.DKK,F&P,reported,kvartalsvise-markedsandele-1-2026.xlsx,Skadeforsikring i alt,235
Forsikring,Skadeforsikring i alt,2020,3,9,Himmerland Forsikring,339351.0,46062075.0,0.0073672538995742795,0.736725389957428,Bruttopræmieindtægter,t.DKK,F&P,reported,kvartalsvise-markedsandele-1-2026.xlsx,Skadeforsikring i alt,236
Forsikring,Skadeforsikring i alt,2020,3,9,Thisted Forsikring,305854.0,46062075.0,0.006640039682388306,0.6640039682388306,Bruttopræmieindtægter,t.DKK,F&P,reported,kvartalsvise-markedsandele-1-2026.xlsx,Skadeforsikring i alt,237
Forsikring,Skadeforsikring i alt,2020,3,9,Vestjylland,252194.0,46062075.0,0.00547508955001831,0.547508955001831,Bruttopræmieindtægter,t.DKK,F&P,reported,kvartalsvise-markedsandele-1-2026.xlsx,Skadeforsikring i alt,238
Forsikring,Skadeforsikring i alt,2020,3,9,Lokal Forsikring,245697.0,46062075.0,0.005334041118621826,0.5334041118621826,Bruttopræmieindtægter,t.DKK,F&P,reported,kvartalsvise-markedsandele-1-2026.xlsx,Skadeforsikring i alt,239
Forsikring,Skadeforsikring i alt,2020,3,9,PenSam,225950.0,46062075.0,0.0049053367972373965,0.4905336797237396,Bruttopræmieindtægter,t.DKK,F&P,reported,kvartalsvise-markedsandele-1-2026.xlsx,Skadeforsikring i alt,240
Forsikring,Skadeforsikring i alt,2020,3,9,Dansk Boligforsikring,208631.0,46062075.0,0.004529344141483307,0.4529344141483307,Bruttopræmieindtægter,t.DKK,F&P,reported,kvartalsvise-markedsandele-1-2026.xlsx,Skadeforsikring i alt,241
Forsikring,Skadeforsikring i alt,2020,3,9,Nem Forsikring,204963.0,46062075.0,0.0044497126340866085,0.4449712634086609,Bruttopræmieindtægter,t.DKK,F&P,reported,kvartalsvise-markedsandele-1-2026.xlsx,Skadeforsikring i alt,242
Forsikring,Skadeforsikring i alt,2020,3,9,Popermo Forsikring,180028.0,46062075.0,0.003908377885818481,0.39083778858184814,Bruttopræmieindtægter,t.DKK,F&P,reported,kvartalsvise-markedsandele-1-2026.xlsx,Skadeforsikring i alt,243
Forsikring,Skadeforsikring i alt,2020,3,9,PensionDanmark,160708.0,46062075.0,0.003488943874835968,0.3488943874835968,Bruttopræmieindtægter,t.DKK,F&P,reported,kvartalsvise-markedsandele-1-2026.xlsx,Skadeforsikring i alt,244
Forsikring,Skadeforsikring i alt,2020,3,9,Aros Forsikring,156110.0,46062075.0,0.0033891221880912783,0.3389122188091278,Bruttopræmieindtægter,t.DKK,F&P,reported,kvartalsvise-markedsandele-1-2026.xlsx,Skadeforsikring i alt,245
Forsikring,Skadeforsikring i alt,2020,3,9,ETU Forsikring,136234.0,46062075.0,0.0029576173424720764,0.29576173424720764,Bruttopræmieindtægter,t.DKK,F&P,reported,kvartalsvise-markedsandele-1-2026.xlsx,Skadeforsikring i alt,246
Forsikring,Skadeforsikring i alt,2020,3,9,Gartnernes Forsikring,112337.0,46062075.0,0.0024388176202774048,0.24388176202774048,Bruttopræmieindtægter,t.DKK,F&P,reported,kvartalsvise-markedsandele-1-2026.xlsx,Skadeforsikring i alt,247
Forsikring,Skadeforsikring i alt,2020,3,9,Bornholms Brandforsikring,97954.0,46062075.0,0.0021265649795532224,0.21265649795532227,Bruttopræmieindtægter,t.DKK,F&P,reported,kvartalsvise-markedsandele-1-2026.xlsx,Skadeforsikring i alt,248
Forsikring,Skadeforsikring i alt,2020,3,9,Vejle Brand,82382.0,46062075.0,0.001788499504327774,0.1788499504327774,Bruttopræmieindtægter,t.DKK,F&P,reported,kvartalsvise-markedsandele-1-2026.xlsx,Skadeforsikring i alt,249
Forsikring,Skadeforsikring i alt,2020,3,9,HDI-Gerling Forsikring,105595.0,46062075.0,0.0022924499213695525,0.22924499213695526,Bruttopræmieindtægter,t.DKK,F&P,reported,kvartalsvise-markedsandele-1-2026.xlsx,Skadeforsikring i alt,250
Forsikring,Skadeforsikring i alt,2020,3,9,Domus Forsikring,77240.0,46062075.0,0.0016768676042556762,0.16768676042556763,Bruttopræmieindtægter,t.DKK,F&P,reported,kvartalsvise-markedsandele-1-2026.xlsx,Skadeforsikring i alt,251
Forsikring,Skadeforsikring i alt,2020,3,9,Skandia,77918.0,46062075.0,0.001691586822271347,0.1691586822271347,Bruttopræmieindtægter,t.DKK,F&P,reported,kvartalsvise-markedsandele-1-2026.xlsx,Skadeforsikring i alt,252
Forsikring,Skadeforsikring i alt,2020,3,9,Storstrøms Forsikring,66317.0,46062075.0,0.0014397309720516206,0.14397309720516205,Bruttopræmieindtægter,t.DKK,F&P,reported,kvartalsvise-markedsandele-1-2026.xlsx,Skadeforsikring i alt,253
Forsikring,Skadeforsikring i alt,2020,3,9,Forsikringsselskabet Nærsikring,54799.0,46062075.0,0.0011896771937608718,0.11896771937608719,Bruttopræmieindtægter,t.DKK,F&P,reported,kvartalsvise-markedsandele-1-2026.xlsx,Skadeforsikring i alt,254
Forsikring,Skadeforsikring i alt,2020,3,9,AXA Forsikring,56558.0,46062075.0,0.0012278647720813751,0.12278647720813751,Bruttopræmieindtægter,t.DKK,F&P,reported,kvartalsvise-markedsandele-1-2026.xlsx,Skadeforsikring i alt,255
Forsikring,Skadeforsikring i alt,2020,3,9,Forsikringsselskabet Vendsyssel,46915.0,46062075.0,0.00101851686835289,0.101851686835289,Bruttopræmieindtægter,t.DKK,F&P,reported,kvartalsvise-markedsandele-1-2026.xlsx,Skadeforsikring i alt,256
Forsikring,Skadeforsikring i alt,2020,3,9,HF Forsikring,30428.0,46062075.0,0.0006605868041515351,0.0660586804151535,Bruttopræmieindtægter,t.DKK,F&P,reported,kvartalsvise-markedsandele-1-2026.xlsx,Skadeforsikring i alt,257
Forsikring,Skadeforsikring i alt,2020,3,9,Fiskernes Forsikring,28900.0,46062075.0,0.0006274142116308212,0.06274142116308212,Bruttopræmieindtægter,t.DKK,F&P,reported,kvartalsvise-markedsandele-1-2026.xlsx,Skadeforsikring i alt,258
Forsikring,Skadeforsikring i alt,2020,3,9,Dansk Musiker Forbund Forsikring,5083.0,46062075.0,0.00011035108007490636,0.011035108007490635,Bruttopræmieindtægter,t.DKK,F&P,reported,kvartalsvise-markedsandele-1-2026.xlsx,Skadeforsikring i alt,259
Forsikring,Skadeforsikring i alt,2020,3,9,Norli Pension,239.0,46062075.0,5.188650102354586e-06,0.0005188650102354586,Bruttopræmieindtægter,t.DKK,F&P,reported,kvartalsvise-markedsandele-1-2026.xlsx,Skadeforsikring i alt,260
Forsikring,Skadeforsikring i alt,2020,4,12,Tryg,13946107.0,61494330.0,0.22678688049316406,22.678688049316406,Bruttopræmieindtægter,t.DKK,F&P,reported,kvartalsvise-markedsandele-1-2026.xlsx,Skadeforsikring i alt,222
Forsikring,Skadeforsikring i alt,2020,4,12,Topdanmark,9731961.0,61494330.0,0.1582578659057617,15.825786590576172,Bruttopræmieindtægter,t.DKK,F&P,reported,kvartalsvise-markedsandele-1-2026.xlsx,Skadeforsikring i alt,223
Forsikring,Skadeforsikring i alt,2020,4,12,Alm. Brand,5470636.0,61494330.0,0.08896163940429687,8.896163940429688,Bruttopræmieindtægter,t.DKK,F&P,reported,kvartalsvise-markedsandele-1-2026.xlsx,Skadeforsikring i alt,224
Forsikring,Skadeforsikring i alt,2020,4,12,Codan,5245099.0,61494330.0,0.08529402732849121,8.529402732849121,Bruttopræmieindtægter,t.DKK,F&P,reported,kvartalsvise-markedsandele-1-2026.xlsx,Skadeforsikring i alt,225
Forsikring,Skadeforsikring i alt,2020,4,12,Gjensidige Forsikring,4117057.0,61494330.0,0.06695019245147706,6.695019245147705,Bruttopræmieindtægter,t.DKK,F&P,reported,kvartalsvise-markedsandele-1-2026.xlsx,Skadeforsikring i alt,226
Forsikring,Skadeforsikring i alt,2020,4,12,Sygeforsikringen Danmark,3458974.0,61494330.0,0.05624866962432861,5.624866962432861,Bruttopræmieindtægter,t.DKK,F&P,reported,kvartalsvise-markedsandele-1-2026.xlsx,Skadeforsikring i alt,227
Forsikring,Skadeforsikring i alt,2020,4,12,If,3386017.0,61494330.0,0.055062265396118165,5.506226539611816,Bruttopræmieindtægter,t.DKK,F&P,reported,kvartalsvise-markedsandele-1-2026.xlsx,Skadeforsikring i alt,228
Forsikring,Skadeforsikring i alt,2020,4,12,LB Forsikring,3014417.0,61494330.0,0.04901943206787109,4.901943206787109,Bruttopræmieindtægter,t.DKK,F&P,reported,kvartalsvise-markedsandele-1-2026.xlsx,Skadeforsikring i alt,229
Forsikring,Skadeforsikring i alt,2020,4,12,GF-Forsikring,2436003.0,61494330.0,0.03961345911026001,3.961345911026001,Bruttopræmieindtægter,t.DKK,F&P,reported,kvartalsvise-markedsandele-1-2026.xlsx,Skadeforsikring i alt,230
Forsikring,Skadeforsikring i alt,2020,4,12,PFA Pension,2353504.0,61494330.0,0.03827188730239868,3.827188730239868,Bruttopræmieindtægter,t.DKK,F&P,reported,kvartalsvise-markedsandele-1-2026.xlsx,Skadeforsikring i alt,231
Forsikring,Skadeforsikring i alt,2020,4,12,Danica Pension,1481885.0,61494330.0,0.024097914695739745,2.4097914695739746,Bruttopræmieindtægter,t.DKK,F&P,reported,kvartalsvise-markedsandele-1-2026.xlsx,Skadeforsikring i alt,232
Forsikring,Skadeforsikring i alt,2020,4,12,Købstædernes Forsikring,1333028.0,61494330.0,0.02167725086212158,2.167725086212158,Bruttopræmieindtægter,t.DKK,F&P,reported,kvartalsvise-markedsandele-1-2026.xlsx,Skadeforsikring i alt,233
Forsikring,Skadeforsikring i alt,2020,4,12,Protector Forsikring,692981.0,61494330.0,0.011269023418426513,1.1269023418426514,Bruttopræmieindtægter,t.DKK,F&P,reported,kvartalsvise-markedsandele-1-2026.xlsx,Skadeforsikring i alt,234
Forsikring,Skadeforsikring i alt,2020,4,12,Sønderjysk Forsikring,510582.0,61494330.0,0.00830291211605072,0.830291211605072,Bruttopræmieindtægter,t.DKK,F&P,reported,kvartalsvise-markedsandele-1-2026.xlsx,Skadeforsikring i alt,235
Forsikring,Skadeforsikring i alt,2020,4,12,Himmerland Forsikring,453307.0,61494330.0,0.007371525168418884,0.7371525168418884,Bruttopræmieindtægter,t.DKK,F&P,reported,kvartalsvise-markedsandele-1-2026.xlsx,Skadeforsikring i alt,236
Forsikring,Skadeforsikring i alt,2020,4,12,Thisted Forsikring,411756.0,61494330.0,0.006695836782455444,0.6695836782455444,Bruttopræmieindtægter,t.DKK,F&P,reported,kvartalsvise-markedsandele-1-2026.xlsx,Skadeforsikring i alt,237
Forsikring,Skadeforsikring i alt,2020,4,12,Vestjylland,339348.0,61494330.0,0.005518362522125244,0.5518362522125244,Bruttopræmieindtægter,t.DKK,F&P,reported,kvartalsvise-markedsandele-1-2026.xlsx,Skadeforsikring i alt,238
Forsikring,Skadeforsikring i alt,2020,4,12,Lokal Forsikring,330543.0,61494330.0,0.0053751784563064575,0.5375178456306458,Bruttopræmieindtægter,t.DKK,F&P,reported,kvartalsvise-markedsandele-1-2026.xlsx,Skadeforsikring i alt,239
Forsikring,Skadeforsikring i alt,2020,4,12,PenSam,301003.0,61494330.0,0.004894809126853943,0.4894809126853943,Bruttopræmieindtægter,t.DKK,F&P,reported,kvartalsvise-markedsandele-1-2026.xlsx,Skadeforsikring i alt,240
Forsikring,Skadeforsikring i alt,2020,4,12,Dansk Boligforsikring,293403.0,61494330.0,0.00477122038602829,0.477122038602829,Bruttopræmieindtægter,t.DKK,F&P,reported,kvartalsvise-markedsandele-1-2026.xlsx,Skadeforsikring i alt,241
Forsikring,Skadeforsikring i alt,2020,4,12,Nem Forsikring,272510.0,61494330.0,0.004431465566158295,0.44314655661582947,Bruttopræmieindtægter,t.DKK,F&P,reported,kvartalsvise-markedsandele-1-2026.xlsx,Skadeforsikring i alt,242
Forsikring,Skadeforsikring i alt,2020,4,12,Popermo Forsikring,241727.0,61494330.0,0.003930882811546326,0.39308828115463257,Bruttopræmieindtægter,t.DKK,F&P,reported,kvartalsvise-markedsandele-1-2026.xlsx,Skadeforsikring i alt,243
Forsikring,Skadeforsikring i alt,2020,4,12,PensionDanmark,215596.0,61494330.0,0.003505949378013611,0.3505949378013611,Bruttopræmieindtægter,t.DKK,F&P,reported,kvartalsvise-markedsandele-1-2026.xlsx,Skadeforsikring i alt,244
Forsikring,Skadeforsikring i alt,2020,4,12,Aros Forsikring,212083.0,61494330.0,0.0034488222002983094,0.34488222002983093,Bruttopræmieindtægter,t.DKK,F&P,reported,kvartalsvise-markedsandele-1-2026.xlsx,Skadeforsikring i alt,245
Forsikring,Skadeforsikring i alt,2020,4,12,ETU Forsikring,186910.0,61494330.0,0.0030394673347473146,0.30394673347473145,Bruttopræmieindtægter,t.DKK,F&P,reported,kvartalsvise-markedsandele-1-2026.xlsx,Skadeforsikring i alt,246
Forsikring,Skadeforsikring i alt,2020,4,12,Gartnernes Forsikring,144495.0,61494330.0,0.0023497289419174196,0.23497289419174194,Bruttopræmieindtægter,t.DKK,F&P,reported,kvartalsvise-markedsandele-1-2026.xlsx,Skadeforsikring i alt,247
Forsikring,Skadeforsikring i alt,2020,4,12,Bornholms Brandforsikring,131849.0,61494330.0,0.0021440839767456056,0.21440839767456055,Bruttopræmieindtægter,t.DKK,F&P,reported,kvartalsvise-markedsandele-1-2026.xlsx,Skadeforsikring i alt,248
Forsikring,Skadeforsikring i alt,2020,4,12,Vejle Brand,111209.0,61494330.0,0.0018084432184696199,0.18084432184696198,Bruttopræmieindtægter,t.DKK,F&P,reported,kvartalsvise-markedsandele-1-2026.xlsx,Skadeforsikring i alt,249
Forsikring,Skadeforsikring i alt,2020,4,12,HDI-Gerling Forsikring,111191.0,61494330.0,0.0018081505596637725,0.18081505596637726,Bruttopræmieindtægter,t.DKK,F&P,reported,kvartalsvise-markedsandele-1-2026.xlsx,Skadeforsikring i alt,250
Forsikring,Skadeforsikring i alt,2020,4,12,Domus Forsikring,108554.0,61494330.0,0.0017652684450149537,0.17652684450149536,Bruttopræmieindtægter,t.DKK,F&P,reported,kvartalsvise-markedsandele-1-2026.xlsx,Skadeforsikring i alt,251
Forsikring,Skadeforsikring i alt,2020,4,12,Skandia,100717.0,61494330.0,0.0016378258168697358,0.16378258168697357,Bruttopræmieindtægter,t.DKK,F&P,reported,kvartalsvise-markedsandele-1-2026.xlsx,Skadeforsikring i alt,252
Forsikring,Skadeforsikring i alt,2020,4,12,Storstrøms Forsikring,77943.0,61494330.0,0.0012674827873706818,0.12674827873706818,Bruttopræmieindtægter,t.DKK,F&P,reported,kvartalsvise-markedsandele-1-2026.xlsx,Skadeforsikring i alt,253
Forsikring,Skadeforsikring i alt,2020,4,12,Forsikringsselskabet Nærsikring,74185.0,61494330.0,0.0012063714116811752,0.12063714116811752,Bruttopræmieindtægter,t.DKK,F&P,reported,kvartalsvise-markedsandele-1-2026.xlsx,Skadeforsikring i alt,254
Forsikring,Skadeforsikring i alt,2020,4,12,AXA Forsikring,61266.0,61494330.0,0.0009962870180606842,0.09962870180606842,Bruttopræmieindtægter,t.DKK,F&P,reported,kvartalsvise-markedsandele-1-2026.xlsx,Skadeforsikring i alt,255
Forsikring,Skadeforsikring i alt,2020,4,12,Forsikringsselskabet Vendsyssel,56753.0,61494330.0,0.0009228981286287307,0.09228981286287308,Bruttopræmieindtægter,t.DKK,F&P,reported,kvartalsvise-markedsandele-1-2026.xlsx,Skadeforsikring i alt,256
Forsikring,Skadeforsikring i alt,2020,4,12,HF Forsikring,40988.0,61494330.0,0.000666533038020134,0.0666533038020134,Bruttopræmieindtægter,t.DKK,F&P,reported,kvartalsvise-markedsandele-1-2026.xlsx,Skadeforsikring i alt,257
Forsikring,Skadeforsikring i alt,2020,4,12,Fiskernes Forsikring,31605.0,61494330.0,0.00051394984126091,0.051394984126091,Bruttopræmieindtægter,t.DKK,F&P,reported,kvartalsvise-markedsandele-1-2026.xlsx,Skadeforsikring i alt,258
Forsikring,Skadeforsikring i alt,2020,4,12,Dansk Musiker Forbund Forsikring,6811.0,61494330.0,0.00011075817979872227,0.011075817979872227,Bruttopræmieindtægter,t.DKK,F&P,reported,kvartalsvise-markedsandele-1-2026.xlsx,Skadeforsikring i alt,259
Forsikring,Skadeforsikring i alt,2020,4,12,Norli Pension,327.0,61494330.0,5.317563773132861e-06,0.0005317563773132861,Bruttopræmieindtægter,t.DKK,F&P,reported,kvartalsvise-markedsandele-1-2026.xlsx,Skadeforsikring i alt,260
Forsikring,Skadeforsikring i alt,2019,1,3,Tryg,3194314.0,14192462.0,0.22507116806090444,22.507116806090444,Bruttopræmieindtægter,t.DKK,F&P,reported,kvartalsvise-markedsandele-1-2026.xlsx,Skadeforsikring i alt,266
Forsikring,Skadeforsikring i alt,2019,1,3,Topdanmark,2332860.0,14192462.0,0.1643731721811198,16.43731721811198,Bruttopræmieindtægter,t.DKK,F&P,reported,kvartalsvise-markedsandele-1-2026.xlsx,Skadeforsikring i alt,267
Forsikring,Skadeforsikring i alt,2019,1,3,Codan,1388048.0,14192462.0,0.09780177674599376,9.780177674599376,Bruttopræmieindtægter,t.DKK,F&P,reported,kvartalsvise-markedsandele-1-2026.xlsx,Skadeforsikring i alt,268
Forsikring,Skadeforsikring i alt,2019,1,3,Alm. Brand,1312690.0,14192462.0,0.0924920566988307,9.24920566988307,Bruttopræmieindtægter,t.DKK,F&P,reported,kvartalsvise-markedsandele-1-2026.xlsx,Skadeforsikring i alt,269
Forsikring,Skadeforsikring i alt,2019,1,3,Gjensidige Forsikring,960458.0,14192462.0,0.06767381163324587,6.767381163324587,Bruttopræmieindtægter,t.DKK,F&P,reported,kvartalsvise-markedsandele-1-2026.xlsx,Skadeforsikring i alt,270
Forsikring,Skadeforsikring i alt,2019,1,3,Sygeforsikringen Danmark,810512.0,14192462.0,0.05710862569158191,5.710862569158191,Bruttopræmieindtægter,t.DKK,F&P,reported,kvartalsvise-markedsandele-1-2026.xlsx,Skadeforsikring i alt,271
Forsikring,Skadeforsikring i alt,2019,1,3,If,785832.0,14192462.0,0.05536967440885168,5.536967440885168,Bruttopræmieindtægter,t.DKK,F&P,reported,kvartalsvise-markedsandele-1-2026.xlsx,Skadeforsikring i alt,272
Forsikring,Skadeforsikring i alt,2019,1,3,LB Forsikring,731847.0,14192462.0,0.05156589462772562,5.156589462772562,Bruttopræmieindtægter,t.DKK,F&P,reported,kvartalsvise-markedsandele-1-2026.xlsx,Skadeforsikring i alt,273
Forsikring,Skadeforsikring i alt,2019,1,3,GF-Forsikring,527691.0,14192462.0,0.03718107541876808,3.7181075418768077,Bruttopræmieindtægter,t.DKK,F&P,reported,kvartalsvise-markedsandele-1-2026.xlsx,Skadeforsikring i alt,274
Forsikring,Skadeforsikring i alt,2019,1,3,PFA Pension,453110.0,14192462.0,0.03192610274383684,3.192610274383684,Bruttopræmieindtægter,t.DKK,F&P,reported,kvartalsvise-markedsandele-1-2026.xlsx,Skadeforsikring i alt,275
Forsikring,Skadeforsikring i alt,2019,1,3,Danica Pension,325750.0,14192462.0,0.022952324973637413,2.2952324973637412,Bruttopræmieindtægter,t.DKK,F&P,reported,kvartalsvise-markedsandele-1-2026.xlsx,Skadeforsikring i alt,276
Forsikring,Skadeforsikring i alt,2019,1,3,Købstædernes Forsikring,302064.0,14192462.0,0.021283410869798347,2.1283410869798347,Bruttopræmieindtægter,t.DKK,F&P,reported,kvartalsvise-markedsandele-1-2026.xlsx,Skadeforsikring i alt,277
Forsikring,Skadeforsikring i alt,2019,1,3,Sønderjysk Forsikring,110234.0,14192462.0,0.007767080863066605,0.7767080863066606,Bruttopræmieindtægter,t.DKK,F&P,reported,kvartalsvise-markedsandele-1-2026.xlsx,Skadeforsikring i alt,278
Forsikring,Skadeforsikring i alt,2019,1,3,Himmerland Forsikring,105880.0,14192462.0,0.007460298290740536,0.7460298290740536,Bruttopræmieindtægter,t.DKK,F&P,reported,kvartalsvise-markedsandele-1-2026.xlsx,Skadeforsikring i alt,279
Forsikring,Skadeforsikring i alt,2019,1,3,Thisted Forsikring,94697.0,14192462.0,0.006672344798245716,0.6672344798245716,Bruttopræmieindtægter,t.DKK,F&P,reported,kvartalsvise-markedsandele-1-2026.xlsx,Skadeforsikring i alt,280
Forsikring,Skadeforsikring i alt,2019,1,3,PenSam Forsikring,77030.0,14192462.0,0.00542752906437234,0.5427529064372341,Bruttopræmieindtægter,t.DKK,F&P,reported,kvartalsvise-markedsandele-1-2026.xlsx,Skadeforsikring i alt,281
Forsikring,Skadeforsikring i alt,2019,1,3,Vestjylland Forsikring,74261.0,14192462.0,0.005232425494604107,0.5232425494604107,Bruttopræmieindtægter,t.DKK,F&P,reported,kvartalsvise-markedsandele-1-2026.xlsx,Skadeforsikring i alt,282
Forsikring,Skadeforsikring i alt,2019,1,3,Lokal Forsikring,74930.0,14192462.0,0.005279563193475523,0.5279563193475523,Bruttopræmieindtægter,t.DKK,F&P,reported,kvartalsvise-markedsandele-1-2026.xlsx,Skadeforsikring i alt,283
Forsikring,Skadeforsikring i alt,2019,1,3,Nem Forsikring,70059.0,14192462.0,0.004936352832933426,0.4936352832933426,Bruttopræmieindtægter,t.DKK,F&P,reported,kvartalsvise-markedsandele-1-2026.xlsx,Skadeforsikring i alt,284
Forsikring,Skadeforsikring i alt,2019,1,3,Popermo Forsikring,56362.0,14192462.0,0.003971263054993559,0.3971263054993559,Bruttopræmieindtægter,t.DKK,F&P,reported,kvartalsvise-markedsandele-1-2026.xlsx,Skadeforsikring i alt,285
Forsikring,Skadeforsikring i alt,2019,1,3,PensionDanmark,53529.0,14192462.0,0.0037716500491598985,0.37716500491598987,Bruttopræmieindtægter,t.DKK,F&P,reported,kvartalsvise-markedsandele-1-2026.xlsx,Skadeforsikring i alt,286
Forsikring,Skadeforsikring i alt,2019,1,3,Dansk Boligforsikring,58341.0,14192462.0,0.00411070327332918,0.411070327332918,Bruttopræmieindtægter,t.DKK,F&P,reported,kvartalsvise-markedsandele-1-2026.xlsx,Skadeforsikring i alt,287
Forsikring,Skadeforsikring i alt,2019,1,3,Aros Forsikring,44160.0,14192462.0,0.0031115108851445224,0.3111510885144522,Bruttopræmieindtægter,t.DKK,F&P,reported,kvartalsvise-markedsandele-1-2026.xlsx,Skadeforsikring i alt,288
Forsikring,Skadeforsikring i alt,2019,1,3,HDI-Gerling Forsikring,47633.0,14192462.0,0.003356218251632451,0.3356218251632451,Bruttopræmieindtægter,t.DKK,F&P,reported,kvartalsvise-markedsandele-1-2026.xlsx,Skadeforsikring i alt,289
Forsikring,Skadeforsikring i alt,2019,1,3,Gartnernes Forsikring,37063.0,14192462.0,0.002611456701451799,0.26114567014517986,Bruttopræmieindtægter,t.DKK,F&P,reported,kvartalsvise-markedsandele-1-2026.xlsx,Skadeforsikring i alt,290
Forsikring,Skadeforsikring i alt,2019,1,3,Bornholms Brandforsikring,29873.0,14192462.0,0.002104849743476502,0.2104849743476502,Bruttopræmieindtægter,t.DKK,F&P,reported,kvartalsvise-markedsandele-1-2026.xlsx,Skadeforsikring i alt,291
Forsikring,Skadeforsikring i alt,2019,1,3,Vejle Brand,22190.0,14192462.0,0.0015635060358097136,0.15635060358097136,Bruttopræmieindtægter,t.DKK,F&P,reported,kvartalsvise-markedsandele-1-2026.xlsx,Skadeforsikring i alt,292
Forsikring,Skadeforsikring i alt,2019,1,3,Skandia,26668.0,14192462.0,0.001879025640512548,0.1879025640512548,Bruttopræmieindtægter,t.DKK,F&P,reported,kvartalsvise-markedsandele-1-2026.xlsx,Skadeforsikring i alt,293
Forsikring,Skadeforsikring i alt,2019,1,3,Forsikringsselskabet Nærsikring,21320.0,14192462.0,0.0015022058892953175,0.15022058892953175,Bruttopræmieindtægter,t.DKK,F&P,reported,kvartalsvise-markedsandele-1-2026.xlsx,Skadeforsikring i alt,294
Forsikring,Skadeforsikring i alt,2019,1,3,Forsikringsselskabet Vendsyssel,13568.0,14192462.0,0.000956000445870491,0.0956000445870491,Bruttopræmieindtægter,t.DKK,F&P,reported,kvartalsvise-markedsandele-1-2026.xlsx,Skadeforsikring i alt,295
Forsikring,Skadeforsikring i alt,2019,1,3,Domus Forsikring,6248.0,14192462.0,0.00044023369588729565,0.044023369588729565,Bruttopræmieindtægter,t.DKK,F&P,reported,kvartalsvise-markedsandele-1-2026.xlsx,Skadeforsikring i alt,296
Forsikring,Skadeforsikring i alt,2019,1,3,AXA Forsikring,27899.0,14192462.0,0.0019657618248334926,0.19657618248334927,Bruttopræmieindtægter,t.DKK,F&P,reported,kvartalsvise-markedsandele-1-2026.xlsx,Skadeforsikring i alt,297
Forsikring,Skadeforsikring i alt,2019,1,3,HF Forsikring,9675.0,14192462.0,0.0006816999052031987,0.06816999052031987,Bruttopræmieindtægter,t.DKK,F&P,reported,kvartalsvise-markedsandele-1-2026.xlsx,Skadeforsikring i alt,298
Forsikring,Skadeforsikring i alt,2019,1,3,Fiskernes Forsikring,3937.0,14192462.0,0.00027740077796227324,0.027740077796227322,Bruttopræmieindtægter,t.DKK,F&P,reported,kvartalsvise-markedsandele-1-2026.xlsx,Skadeforsikring i alt,299
Forsikring,Skadeforsikring i alt,2019,1,3,Dansk Musiker Forbund Forsikring,1729.0,14192462.0,0.00012182523370504709,0.01218252337050471,Bruttopræmieindtægter,t.DKK,F&P,reported,kvartalsvise-markedsandele-1-2026.xlsx,Skadeforsikring i alt,300
Forsikring,Skadeforsikring i alt,2019,2,6,Tryg,6484725.0,28862993.0,0.22467264569547588,22.467264569547588,Bruttopræmieindtægter,t.DKK,F&P,reported,kvartalsvise-markedsandele-1-2026.xlsx,Skadeforsikring i alt,266
Forsikring,Skadeforsikring i alt,2019,2,6,Topdanmark,4691008.0,28862993.0,0.16252673449354338,16.252673449354337,Bruttopræmieindtægter,t.DKK,F&P,reported,kvartalsvise-markedsandele-1-2026.xlsx,Skadeforsikring i alt,267
Forsikring,Skadeforsikring i alt,2019,2,6,Codan,2816849.0,28862993.0,0.09759379424025776,9.759379424025775,Bruttopræmieindtægter,t.DKK,F&P,reported,kvartalsvise-markedsandele-1-2026.xlsx,Skadeforsikring i alt,268
Forsikring,Skadeforsikring i alt,2019,2,6,Alm. Brand,2650223.0,28862993.0,0.09182079627015813,9.182079627015813,Bruttopræmieindtægter,t.DKK,F&P,reported,kvartalsvise-markedsandele-1-2026.xlsx,Skadeforsikring i alt,269
Forsikring,Skadeforsikring i alt,2019,2,6,Gjensidige Forsikring,1934998.0,28862993.0,0.06704079511088819,6.7040795110888185,Bruttopræmieindtægter,t.DKK,F&P,reported,kvartalsvise-markedsandele-1-2026.xlsx,Skadeforsikring i alt,270
Forsikring,Skadeforsikring i alt,2019,2,6,Sygeforsikringen Danmark,1625891.0,28862993.0,0.056331337501970086,5.6331337501970085,Bruttopræmieindtægter,t.DKK,F&P,reported,kvartalsvise-markedsandele-1-2026.xlsx,Skadeforsikring i alt,271
Forsikring,Skadeforsikring i alt,2019,2,6,If,1570237.0,28862993.0,0.05440312444381634,5.440312444381634,Bruttopræmieindtægter,t.DKK,F&P,reported,kvartalsvise-markedsandele-1-2026.xlsx,Skadeforsikring i alt,272
Forsikring,Skadeforsikring i alt,2019,2,6,LB Forsikring,1458010.0,28862993.0,0.05051485824772226,5.051485824772226,Bruttopræmieindtægter,t.DKK,F&P,reported,kvartalsvise-markedsandele-1-2026.xlsx,Skadeforsikring i alt,273
Forsikring,Skadeforsikring i alt,2019,2,6,GF-Forsikring,1071130.0,28862993.0,0.037110842939954286,3.7110842939954285,Bruttopræmieindtægter,t.DKK,F&P,reported,kvartalsvise-markedsandele-1-2026.xlsx,Skadeforsikring i alt,274
Forsikring,Skadeforsikring i alt,2019,2,6,PFA Pension,1179686.0,28862993.0,0.040871922049109735,4.0871922049109735,Bruttopræmieindtægter,t.DKK,F&P,reported,kvartalsvise-markedsandele-1-2026.xlsx,Skadeforsikring i alt,275
Forsikring,Skadeforsikring i alt,2019,2,6,Danica Pension,637427.0,28862993.0,0.02208457729938125,2.208457729938125,Bruttopræmieindtægter,t.DKK,F&P,reported,kvartalsvise-markedsandele-1-2026.xlsx,Skadeforsikring i alt,276
Forsikring,Skadeforsikring i alt,2019,2,6,Købstædernes Forsikring,608255.0,28862993.0,0.02107387130641649,2.107387130641649,Bruttopræmieindtægter,t.DKK,F&P,reported,kvartalsvise-markedsandele-1-2026.xlsx,Skadeforsikring i alt,277
Forsikring,Skadeforsikring i alt,2019,2,6,Sønderjysk Forsikring,223476.0,28862993.0,0.007742648172349971,0.7742648172349971,Bruttopræmieindtægter,t.DKK,F&P,reported,kvartalsvise-markedsandele-1-2026.xlsx,Skadeforsikring i alt,278
Forsikring,Skadeforsikring i alt,2019,2,6,Himmerland Forsikring,213645.0,28862993.0,0.0074020390054489495,0.7402039005448949,Bruttopræmieindtægter,t.DKK,F&P,reported,kvartalsvise-markedsandele-1-2026.xlsx,Skadeforsikring i alt,279
Forsikring,Skadeforsikring i alt,2019,2,6,Thisted Forsikring,190466.0,28862993.0,0.0065989691367073396,0.659896913670734,Bruttopræmieindtægter,t.DKK,F&P,reported,kvartalsvise-markedsandele-1-2026.xlsx,Skadeforsikring i alt,280
Forsikring,Skadeforsikring i alt,2019,2,6,PenSam Forsikring,155516.0,28862993.0,0.005388076004453176,0.5388076004453176,Bruttopræmieindtægter,t.DKK,F&P,reported,kvartalsvise-markedsandele-1-2026.xlsx,Skadeforsikring i alt,281
Forsikring,Skadeforsikring i alt,2019,2,6,Vestjylland Forsikring,151223.0,28862993.0,0.005239338830868996,0.5239338830868996,Bruttopræmieindtægter,t.DKK,F&P,reported,kvartalsvise-markedsandele-1-2026.xlsx,Skadeforsikring i alt,282
Forsikring,Skadeforsikring i alt,2019,2,6,Lokal Forsikring,151073.0,28862993.0,0.005234141864636145,0.5234141864636145,Bruttopræmieindtægter,t.DKK,F&P,reported,kvartalsvise-markedsandele-1-2026.xlsx,Skadeforsikring i alt,283
Forsikring,Skadeforsikring i alt,2019,2,6,Nem Forsikring,139061.0,28862993.0,0.004817968808709478,0.48179688087094774,Bruttopræmieindtægter,t.DKK,F&P,reported,kvartalsvise-markedsandele-1-2026.xlsx,Skadeforsikring i alt,284
Forsikring,Skadeforsikring i alt,2019,2,6,Popermo Forsikring,114795.0,28862993.0,0.003977238258000479,0.3977238258000479,Bruttopræmieindtægter,t.DKK,F&P,reported,kvartalsvise-markedsandele-1-2026.xlsx,Skadeforsikring i alt,285
Forsikring,Skadeforsikring i alt,2019,2,6,PensionDanmark,108065.0,28862993.0,0.003744067706353253,0.3744067706353253,Bruttopræmieindtægter,t.DKK,F&P,reported,kvartalsvise-markedsandele-1-2026.xlsx,Skadeforsikring i alt,286
Forsikring,Skadeforsikring i alt,2019,2,6,Dansk Boligforsikring,114331.0,28862993.0,0.0039611623091201946,0.3961162309120195,Bruttopræmieindtægter,t.DKK,F&P,reported,kvartalsvise-markedsandele-1-2026.xlsx,Skadeforsikring i alt,287
Forsikring,Skadeforsikring i alt,2019,2,6,Aros Forsikring,90435.0,28862993.0,0.003133250941785559,0.3133250941785559,Bruttopræmieindtægter,t.DKK,F&P,reported,kvartalsvise-markedsandele-1-2026.xlsx,Skadeforsikring i alt,288
Forsikring,Skadeforsikring i alt,2019,2,6,HDI-Gerling Forsikring,93724.0,28862993.0,0.003247203088051194,0.32472030880511943,Bruttopræmieindtægter,t.DKK,F&P,reported,kvartalsvise-markedsandele-1-2026.xlsx,Skadeforsikring i alt,289
Forsikring,Skadeforsikring i alt,2019,2,6,Gartnernes Forsikring,72215.0,28862993.0,0.0025019927767019863,0.2501992776701986,Bruttopræmieindtægter,t.DKK,F&P,reported,kvartalsvise-markedsandele-1-2026.xlsx,Skadeforsikring i alt,290
Forsikring,Skadeforsikring i alt,2019,2,6,Bornholms Brandforsikring,60652.0,28862993.0,0.0021013759730323187,0.21013759730323187,Bruttopræmieindtægter,t.DKK,F&P,reported,kvartalsvise-markedsandele-1-2026.xlsx,Skadeforsikring i alt,291
Forsikring,Skadeforsikring i alt,2019,2,6,Vejle Brand,45710.0,28862993.0,0.0015836888433573054,0.15836888433573054,Bruttopræmieindtægter,t.DKK,F&P,reported,kvartalsvise-markedsandele-1-2026.xlsx,Skadeforsikring i alt,292
Forsikring,Skadeforsikring i alt,2019,2,6,Skandia,50656.0,28862993.0,0.0017550501432751623,0.17550501432751622,Bruttopræmieindtægter,t.DKK,F&P,reported,kvartalsvise-markedsandele-1-2026.xlsx,Skadeforsikring i alt,293
Forsikring,Skadeforsikring i alt,2019,2,6,Forsikringsselskabet Nærsikring,42709.0,28862993.0,0.0014797148722587431,0.1479714872258743,Bruttopræmieindtægter,t.DKK,F&P,reported,kvartalsvise-markedsandele-1-2026.xlsx,Skadeforsikring i alt,294
Forsikring,Skadeforsikring i alt,2019,2,6,Forsikringsselskabet Vendsyssel,27134.0,28862993.0,0.000940096545081101,0.0940096545081101,Bruttopræmieindtægter,t.DKK,F&P,reported,kvartalsvise-markedsandele-1-2026.xlsx,Skadeforsikring i alt,295
Forsikring,Skadeforsikring i alt,2019,2,6,Domus Forsikring,18116.0,28862993.0,0.0006276549351621295,0.06276549351621295,Bruttopræmieindtægter,t.DKK,F&P,reported,kvartalsvise-markedsandele-1-2026.xlsx,Skadeforsikring i alt,296
Forsikring,Skadeforsikring i alt,2019,2,6,AXA Forsikring,40370.0,28862993.0,0.0013986768454678279,0.13986768454678278,Bruttopræmieindtægter,t.DKK,F&P,reported,kvartalsvise-markedsandele-1-2026.xlsx,Skadeforsikring i alt,297
Forsikring,Skadeforsikring i alt,2019,2,6,HF Forsikring,19489.0,28862993.0,0.0006752244994134878,0.06752244994134877,Bruttopræmieindtægter,t.DKK,F&P,reported,kvartalsvise-markedsandele-1-2026.xlsx,Skadeforsikring i alt,298
Forsikring,Skadeforsikring i alt,2019,2,6,Fiskernes Forsikring,8261.0,28862993.0,0.00028621425366385253,0.028621425366385254,Bruttopræmieindtægter,t.DKK,F&P,reported,kvartalsvise-markedsandele-1-2026.xlsx,Skadeforsikring i alt,299
Forsikring,Skadeforsikring i alt,2019,2,6,Dansk Musiker Forbund Forsikring,3432.0,28862993.0,0.00011890658740761916,0.011890658740761915,Bruttopræmieindtægter,t.DKK,F&P,reported,kvartalsvise-markedsandele-1-2026.xlsx,Skadeforsikring i alt,300
Forsikring,Skadeforsikring i alt,2019,3,9,Tryg,9820374.0,43604361.0,0.2252154090734181,22.521540907341812,Bruttopræmieindtægter,t.DKK,F&P,reported,kvartalsvise-markedsandele-1-2026.xlsx,Skadeforsikring i alt,266
Forsikring,Skadeforsikring i alt,2019,3,9,Topdanmark,7049599.0,43604361.0,0.1616718795626887,16.16718795626887,Bruttopræmieindtægter,t.DKK,F&P,reported,kvartalsvise-markedsandele-1-2026.xlsx,Skadeforsikring i alt,267
Forsikring,Skadeforsikring i alt,2019,3,9,Codan,4237657.0,43604361.0,0.09718424723618814,9.718424723618813,Bruttopræmieindtægter,t.DKK,F&P,reported,kvartalsvise-markedsandele-1-2026.xlsx,Skadeforsikring i alt,268
Forsikring,Skadeforsikring i alt,2019,3,9,Alm. Brand,4007304.0,43604361.0,0.09190144994900853,9.190144994900853,Bruttopræmieindtægter,t.DKK,F&P,reported,kvartalsvise-markedsandele-1-2026.xlsx,Skadeforsikring i alt,269
Forsikring,Skadeforsikring i alt,2019,3,9,Gjensidige Forsikring,2918649.0,43604361.0,0.06693479581090525,6.693479581090525,Bruttopræmieindtægter,t.DKK,F&P,reported,kvartalsvise-markedsandele-1-2026.xlsx,Skadeforsikring i alt,270
Forsikring,Skadeforsikring i alt,2019,3,9,Sygeforsikringen Danmark,2444118.0,43604361.0,0.05605214579339897,5.605214579339897,Bruttopræmieindtægter,t.DKK,F&P,reported,kvartalsvise-markedsandele-1-2026.xlsx,Skadeforsikring i alt,271
Forsikring,Skadeforsikring i alt,2019,3,9,If,2388338.0,43604361.0,0.05477291594755855,5.477291594755855,Bruttopræmieindtægter,t.DKK,F&P,reported,kvartalsvise-markedsandele-1-2026.xlsx,Skadeforsikring i alt,272
Forsikring,Skadeforsikring i alt,2019,3,9,LB Forsikring,2174107.0,43604361.0,0.049859852320734616,4.985985232073461,Bruttopræmieindtægter,t.DKK,F&P,reported,kvartalsvise-markedsandele-1-2026.xlsx,Skadeforsikring i alt,273
Forsikring,Skadeforsikring i alt,2019,3,9,GF-Forsikring,1628966.0,43604361.0,0.03735786886086921,3.735786886086921,Bruttopræmieindtægter,t.DKK,F&P,reported,kvartalsvise-markedsandele-1-2026.xlsx,Skadeforsikring i alt,274
Forsikring,Skadeforsikring i alt,2019,3,9,PFA Pension,1662167.0,43604361.0,0.038119283527626974,3.8119283527626973,Bruttopræmieindtægter,t.DKK,F&P,reported,kvartalsvise-markedsandele-1-2026.xlsx,Skadeforsikring i alt,275
Forsikring,Skadeforsikring i alt,2019,3,9,Danica Pension,1123404.0,43604361.0,0.025763569841099156,2.5763569841099154,Bruttopræmieindtægter,t.DKK,F&P,reported,kvartalsvise-markedsandele-1-2026.xlsx,Skadeforsikring i alt,276
Forsikring,Skadeforsikring i alt,2019,3,9,Købstædernes Forsikring,922118.0,43604361.0,0.0211473801897934,2.11473801897934,Bruttopræmieindtægter,t.DKK,F&P,reported,kvartalsvise-markedsandele-1-2026.xlsx,Skadeforsikring i alt,277
Forsikring,Skadeforsikring i alt,2019,3,9,Sønderjysk Forsikring,339798.0,43604361.0,0.007792752656093274,0.7792752656093275,Bruttopræmieindtægter,t.DKK,F&P,reported,kvartalsvise-markedsandele-1-2026.xlsx,Skadeforsikring i alt,278
Forsikring,Skadeforsikring i alt,2019,3,9,Himmerland Forsikring,323786.0,43604361.0,0.007425541679191216,0.7425541679191217,Bruttopræmieindtægter,t.DKK,F&P,reported,kvartalsvise-markedsandele-1-2026.xlsx,Skadeforsikring i alt,279
Forsikring,Skadeforsikring i alt,2019,3,9,Thisted Forsikring,289812.0,43604361.0,0.006646399427800352,0.6646399427800352,Bruttopræmieindtægter,t.DKK,F&P,reported,kvartalsvise-markedsandele-1-2026.xlsx,Skadeforsikring i alt,280
Forsikring,Skadeforsikring i alt,2019,3,9,PenSam Forsikring,233847.0,43604361.0,0.005362926887060677,0.5362926887060677,Bruttopræmieindtægter,t.DKK,F&P,reported,kvartalsvise-markedsandele-1-2026.xlsx,Skadeforsikring i alt,281
Forsikring,Skadeforsikring i alt,2019,3,9,Vestjylland Forsikring,230805.0,43604361.0,0.00529316322282535,0.529316322282535,Bruttopræmieindtægter,t.DKK,F&P,reported,kvartalsvise-markedsandele-1-2026.xlsx,Skadeforsikring i alt,282
Forsikring,Skadeforsikring i alt,2019,3,9,Lokal Forsikring,228305.0,43604361.0,0.005235829507970544,0.5235829507970544,Bruttopræmieindtægter,t.DKK,F&P,reported,kvartalsvise-markedsandele-1-2026.xlsx,Skadeforsikring i alt,283
Forsikring,Skadeforsikring i alt,2019,3,9,Nem Forsikring,208610.0,43604361.0,0.004784154502344387,0.4784154502344387,Bruttopræmieindtægter,t.DKK,F&P,reported,kvartalsvise-markedsandele-1-2026.xlsx,Skadeforsikring i alt,284
Forsikring,Skadeforsikring i alt,2019,3,9,Popermo Forsikring,173916.0,43604361.0,0.003988500141075339,0.3988500141075339,Bruttopræmieindtægter,t.DKK,F&P,reported,kvartalsvise-markedsandele-1-2026.xlsx,Skadeforsikring i alt,285
Forsikring,Skadeforsikring i alt,2019,3,9,PensionDanmark,162695.0,43604361.0,0.00373116349532103,0.373116349532103,Bruttopræmieindtægter,t.DKK,F&P,reported,kvartalsvise-markedsandele-1-2026.xlsx,Skadeforsikring i alt,286
Forsikring,Skadeforsikring i alt,2019,3,9,Dansk Boligforsikring,177155.0,43604361.0,0.004062781702041224,0.40627817020412244,Bruttopræmieindtægter,t.DKK,F&P,reported,kvartalsvise-markedsandele-1-2026.xlsx,Skadeforsikring i alt,287
Forsikring,Skadeforsikring i alt,2019,3,9,Aros Forsikring,138602.0,43604361.0,0.0031786270185222986,0.31786270185222987,Bruttopræmieindtægter,t.DKK,F&P,reported,kvartalsvise-markedsandele-1-2026.xlsx,Skadeforsikring i alt,288
Forsikring,Skadeforsikring i alt,2019,3,9,HDI-Gerling Forsikring,130214.0,43604361.0,0.0029862609384414553,0.2986260938441455,Bruttopræmieindtægter,t.DKK,F&P,reported,kvartalsvise-markedsandele-1-2026.xlsx,Skadeforsikring i alt,289
Forsikring,Skadeforsikring i alt,2019,3,9,Gartnernes Forsikring,107770.0,43604361.0,0.0024715417799609537,0.24715417799609538,Bruttopræmieindtægter,t.DKK,F&P,reported,kvartalsvise-markedsandele-1-2026.xlsx,Skadeforsikring i alt,290
Forsikring,Skadeforsikring i alt,2019,3,9,Bornholms Brandforsikring,92418.0,43604361.0,0.0021194669037805647,0.21194669037805647,Bruttopræmieindtægter,t.DKK,F&P,reported,kvartalsvise-markedsandele-1-2026.xlsx,Skadeforsikring i alt,291
Forsikring,Skadeforsikring i alt,2019,3,9,Vejle Brand,70529.0,43604361.0,0.0016174758299978297,0.16174758299978298,Bruttopræmieindtægter,t.DKK,F&P,reported,kvartalsvise-markedsandele-1-2026.xlsx,Skadeforsikring i alt,292
Forsikring,Skadeforsikring i alt,2019,3,9,Skandia,76170.0,43604361.0,0.0017468436241962128,0.1746843624196213,Bruttopræmieindtægter,t.DKK,F&P,reported,kvartalsvise-markedsandele-1-2026.xlsx,Skadeforsikring i alt,293
Forsikring,Skadeforsikring i alt,2019,3,9,Forsikringsselskabet Nærsikring,64360.0,43604361.0,0.0014759991552221118,0.1475999155222112,Bruttopræmieindtægter,t.DKK,F&P,reported,kvartalsvise-markedsandele-1-2026.xlsx,Skadeforsikring i alt,294
Forsikring,Skadeforsikring i alt,2019,3,9,Forsikringsselskabet Vendsyssel,40904.0,43604361.0,0.0009380713089683849,0.0938071308968385,Bruttopræmieindtægter,t.DKK,F&P,reported,kvartalsvise-markedsandele-1-2026.xlsx,Skadeforsikring i alt,295
Forsikring,Skadeforsikring i alt,2019,3,9,Domus Forsikring,35035.0,43604361.0,0.0008034746799752437,0.08034746799752437,Bruttopræmieindtægter,t.DKK,F&P,reported,kvartalsvise-markedsandele-1-2026.xlsx,Skadeforsikring i alt,296
Forsikring,Skadeforsikring i alt,2019,3,9,AXA Forsikring,46201.0,43604361.0,0.0010595499840027468,0.10595499840027468,Bruttopræmieindtægter,t.DKK,F&P,reported,kvartalsvise-markedsandele-1-2026.xlsx,Skadeforsikring i alt,297
Forsikring,Skadeforsikring i alt,2019,3,9,HF Forsikring,29536.0,43604361.0,0.0006773634407806137,0.06773634407806137,Bruttopræmieindtægter,t.DKK,F&P,reported,kvartalsvise-markedsandele-1-2026.xlsx,Skadeforsikring i alt,298
Forsikring,Skadeforsikring i alt,2019,3,9,Fiskernes Forsikring,21431.0,43604361.0,0.0004914875372213343,0.04914875372213343,Bruttopræmieindtægter,t.DKK,F&P,reported,kvartalsvise-markedsandele-1-2026.xlsx,Skadeforsikring i alt,299
Forsikring,Skadeforsikring i alt,2019,3,9,Dansk Musiker Forbund Forsikring,5661.0,43604361.0,0.0001298264639172215,0.01298264639172215,Bruttopræmieindtægter,t.DKK,F&P,reported,kvartalsvise-markedsandele-1-2026.xlsx,Skadeforsikring i alt,300
Forsikring,Skadeforsikring i alt,2019,4,12,Tryg,13175529.0,57509094.0,0.22910340058565346,22.910340058565346,Bruttopræmieindtægter,t.DKK,F&P,reported,kvartalsvise-markedsandele-1-2026.xlsx,Skadeforsikring i alt,266
Forsikring,Skadeforsikring i alt,2019,4,12,Topdanmark,9396519.0,57509094.0,0.16339188024767004,16.339188024767004,Bruttopræmieindtægter,t.DKK,F&P,reported,kvartalsvise-markedsandele-1-2026.xlsx,Skadeforsikring i alt,267
Forsikring,Skadeforsikring i alt,2019,4,12,Codan,5678295.0,57509094.0,0.09873734056738921,9.873734056738922,Bruttopræmieindtægter,t.DKK,F&P,reported,kvartalsvise-markedsandele-1-2026.xlsx,Skadeforsikring i alt,268
Forsikring,Skadeforsikring i alt,2019,4,12,Alm. Brand,5365020.0,57509094.0,0.09328994123955421,9.328994123955422,Bruttopræmieindtægter,t.DKK,F&P,reported,kvartalsvise-markedsandele-1-2026.xlsx,Skadeforsikring i alt,269
Forsikring,Skadeforsikring i alt,2019,4,12,Gjensidige Forsikring,3902314.0,57509094.0,0.06785559862932287,6.7855598629322875,Bruttopræmieindtægter,t.DKK,F&P,reported,kvartalsvise-markedsandele-1-2026.xlsx,Skadeforsikring i alt,270
Forsikring,Skadeforsikring i alt,2019,4,12,Sygeforsikringen Danmark,3268993.0,57509094.0,0.056843062072930585,5.684306207293059,Bruttopræmieindtægter,t.DKK,F&P,reported,kvartalsvise-markedsandele-1-2026.xlsx,Skadeforsikring i alt,271
Forsikring,Skadeforsikring i alt,2019,4,12,If,3188913.0,57509094.0,0.0554505866498262,5.54505866498262,Bruttopræmieindtægter,t.DKK,F&P,reported,kvartalsvise-markedsandele-1-2026.xlsx,Skadeforsikring i alt,272
Forsikring,Skadeforsikring i alt,2019,4,12,LB Forsikring,2916390.0,57509094.0,0.05071180568415841,5.071180568415841,Bruttopræmieindtægter,t.DKK,F&P,reported,kvartalsvise-markedsandele-1-2026.xlsx,Skadeforsikring i alt,273
Forsikring,Skadeforsikring i alt,2019,4,12,GF-Forsikring,2198012.0,57509094.0,0.038220250870236276,3.8220250870236274,Bruttopræmieindtægter,t.DKK,F&P,reported,kvartalsvise-markedsandele-1-2026.xlsx,Skadeforsikring i alt,274
Forsikring,Skadeforsikring i alt,2019,4,12,PFA Pension,1465561.0,57509094.0,0.02548398693257105,2.5483986932571048,Bruttopræmieindtægter,t.DKK,F&P,reported,kvartalsvise-markedsandele-1-2026.xlsx,Skadeforsikring i alt,275
Forsikring,Skadeforsikring i alt,2019,4,12,Danica Pension,1431839.0,57509094.0,0.024897610106672866,2.4897610106672867,Bruttopræmieindtægter,t.DKK,F&P,reported,kvartalsvise-markedsandele-1-2026.xlsx,Skadeforsikring i alt,276
Forsikring,Skadeforsikring i alt,2019,4,12,Købstædernes Forsikring,1244241.0,57509094.0,0.021635552109375955,2.1635552109375955,Bruttopræmieindtægter,t.DKK,F&P,reported,kvartalsvise-markedsandele-1-2026.xlsx,Skadeforsikring i alt,277
Forsikring,Skadeforsikring i alt,2019,4,12,Sønderjysk Forsikring,456964.0,57509094.0,0.00794594329724617,0.7945943297246171,Bruttopræmieindtægter,t.DKK,F&P,reported,kvartalsvise-markedsandele-1-2026.xlsx,Skadeforsikring i alt,278
Forsikring,Skadeforsikring i alt,2019,4,12,Himmerland Forsikring,434818.0,57509094.0,0.0075608563751673775,0.7560856375167377,Bruttopræmieindtægter,t.DKK,F&P,reported,kvartalsvise-markedsandele-1-2026.xlsx,Skadeforsikring i alt,279
Forsikring,Skadeforsikring i alt,2019,4,12,Thisted Forsikring,389104.0,57509094.0,0.006765956006888232,0.6765956006888232,Bruttopræmieindtægter,t.DKK,F&P,reported,kvartalsvise-markedsandele-1-2026.xlsx,Skadeforsikring i alt,280
Forsikring,Skadeforsikring i alt,2019,4,12,PenSam Forsikring,312271.0,57509094.0,0.005429941219383495,0.5429941219383495,Bruttopræmieindtægter,t.DKK,F&P,reported,kvartalsvise-markedsandele-1-2026.xlsx,Skadeforsikring i alt,281
Forsikring,Skadeforsikring i alt,2019,4,12,Vestjylland Forsikring,311111.0,57509094.0,0.005409770496471393,0.5409770496471393,Bruttopræmieindtægter,t.DKK,F&P,reported,kvartalsvise-markedsandele-1-2026.xlsx,Skadeforsikring i alt,282
Forsikring,Skadeforsikring i alt,2019,4,12,Lokal Forsikring,305770.0,57509094.0,0.005316898228304553,0.5316898228304553,Bruttopræmieindtægter,t.DKK,F&P,reported,kvartalsvise-markedsandele-1-2026.xlsx,Skadeforsikring i alt,283
Forsikring,Skadeforsikring i alt,2019,4,12,Nem Forsikring,277688.0,57509094.0,0.004828592848289351,0.4828592848289351,Bruttopræmieindtægter,t.DKK,F&P,reported,kvartalsvise-markedsandele-1-2026.xlsx,Skadeforsikring i alt,284
Forsikring,Skadeforsikring i alt,2019,4,12,Popermo Forsikring,232259.0,57509094.0,0.004038648217967057,0.40386482179670574,Bruttopræmieindtægter,t.DKK,F&P,reported,kvartalsvise-markedsandele-1-2026.xlsx,Skadeforsikring i alt,285
Forsikring,Skadeforsikring i alt,2019,4,12,PensionDanmark,216896.0,57509094.0,0.0037715078592613542,0.37715078592613543,Bruttopræmieindtægter,t.DKK,F&P,reported,kvartalsvise-markedsandele-1-2026.xlsx,Skadeforsikring i alt,286
Forsikring,Skadeforsikring i alt,2019,4,12,Dansk Boligforsikring,208645.0,57509094.0,0.0036280348982719152,0.3628034898271915,Bruttopræmieindtægter,t.DKK,F&P,reported,kvartalsvise-markedsandele-1-2026.xlsx,Skadeforsikring i alt,287
Forsikring,Skadeforsikring i alt,2019,4,12,Aros Forsikring,187662.0,57509094.0,0.003263170864767927,0.3263170864767927,Bruttopræmieindtægter,t.DKK,F&P,reported,kvartalsvise-markedsandele-1-2026.xlsx,Skadeforsikring i alt,288
Forsikring,Skadeforsikring i alt,2019,4,12,HDI-Gerling Forsikring,161580.0,57509094.0,0.002809642593221865,0.2809642593221865,Bruttopræmieindtægter,t.DKK,F&P,reported,kvartalsvise-markedsandele-1-2026.xlsx,Skadeforsikring i alt,289
Forsikring,Skadeforsikring i alt,2019,4,12,Gartnernes Forsikring,142197.0,57509094.0,0.0024726002464931893,0.24726002464931893,Bruttopræmieindtægter,t.DKK,F&P,reported,kvartalsvise-markedsandele-1-2026.xlsx,Skadeforsikring i alt,290
Forsikring,Skadeforsikring i alt,2019,4,12,Bornholms Brandforsikring,124516.0,57509094.0,0.0021651532190717524,0.21651532190717523,Bruttopræmieindtægter,t.DKK,F&P,reported,kvartalsvise-markedsandele-1-2026.xlsx,Skadeforsikring i alt,291
Forsikring,Skadeforsikring i alt,2019,4,12,Vejle Brand,96083.0,57509094.0,0.0016707444565202156,0.16707444565202156,Bruttopræmieindtægter,t.DKK,F&P,reported,kvartalsvise-markedsandele-1-2026.xlsx,Skadeforsikring i alt,292
Forsikring,Skadeforsikring i alt,2019,4,12,Skandia,95225.0,57509094.0,0.0016558250769869544,0.16558250769869545,Bruttopræmieindtægter,t.DKK,F&P,reported,kvartalsvise-markedsandele-1-2026.xlsx,Skadeforsikring i alt,293
Forsikring,Skadeforsikring i alt,2019,4,12,Forsikringsselskabet Nærsikring,86265.0,57509094.0,0.0015000236310452047,0.15000236310452048,Bruttopræmieindtægter,t.DKK,F&P,reported,kvartalsvise-markedsandele-1-2026.xlsx,Skadeforsikring i alt,294
Forsikring,Skadeforsikring i alt,2019,4,12,Forsikringsselskabet Vendsyssel,54678.0,57509094.0,0.0009507713684378335,0.09507713684378336,Bruttopræmieindtægter,t.DKK,F&P,reported,kvartalsvise-markedsandele-1-2026.xlsx,Skadeforsikring i alt,295
Forsikring,Skadeforsikring i alt,2019,4,12,Domus Forsikring,54335.0,57509094.0,0.0009448070943353759,0.09448070943353759,Bruttopræmieindtægter,t.DKK,F&P,reported,kvartalsvise-markedsandele-1-2026.xlsx,Skadeforsikring i alt,296
Forsikring,Skadeforsikring i alt,2019,4,12,AXA Forsikring,51259.0,57509094.0,0.0008913199015098377,0.08913199015098378,Bruttopræmieindtægter,t.DKK,F&P,reported,kvartalsvise-markedsandele-1-2026.xlsx,Skadeforsikring i alt,297
Forsikring,Skadeforsikring i alt,2019,4,12,HF Forsikring,39639.0,57509094.0,0.0006892649013041311,0.06892649013041312,Bruttopræmieindtægter,t.DKK,F&P,reported,kvartalsvise-markedsandele-1-2026.xlsx,Skadeforsikring i alt,298
Forsikring,Skadeforsikring i alt,2019,4,12,Fiskernes Forsikring,31612.0,57509094.0,0.0005496869764632355,0.054968697646323554,Bruttopræmieindtægter,t.DKK,F&P,reported,kvartalsvise-markedsandele-1-2026.xlsx,Skadeforsikring i alt,299
Forsikring,Skadeforsikring i alt,2019,4,12,Dansk Musiker Forbund Forsikring,6891.0,57509094.0,0.00011982452723042377,0.011982452723042377,Bruttopræmieindtægter,t.DKK,F&P,reported,kvartalsvise-markedsandele-1-2026.xlsx,Skadeforsikring i alt,300
Forsikring,Skadeforsikring i alt,2018,1,3,Tryg,2489983.0,14066095.0,0.17702020354618678,17.70202035461868,Bruttopræmieindtægter,t.DKK,F&P,reported,kvartalsvise-markedsandele-1-2026.xlsx,Skadeforsikring i alt,306
Forsikring,Skadeforsikring i alt,2018,1,3,Topdanmark,2273213.0,14066095.0,0.16160938768009175,16.160938768009174,Bruttopræmieindtægter,t.DKK,F&P,reported,kvartalsvise-markedsandele-1-2026.xlsx,Skadeforsikring i alt,307
Forsikring,Skadeforsikring i alt,2018,1,3,Codan,1461471.0,14066095.0,0.10390026514110703,10.390026514110703,Bruttopræmieindtægter,t.DKK,F&P,reported,kvartalsvise-markedsandele-1-2026.xlsx,Skadeforsikring i alt,308
Forsikring,Skadeforsikring i alt,2018,1,3,Alm. Brand,1292397.0,14066095.0,0.09188029797893443,9.188029797893444,Bruttopræmieindtægter,t.DKK,F&P,reported,kvartalsvise-markedsandele-1-2026.xlsx,Skadeforsikring i alt,309
Forsikring,Skadeforsikring i alt,2018,1,3,Gjensidige Forsikring,985629.0,14066095.0,0.07007126000499783,7.007126000499783,Bruttopræmieindtægter,t.DKK,F&P,reported,kvartalsvise-markedsandele-1-2026.xlsx,Skadeforsikring i alt,310
Forsikring,Skadeforsikring i alt,2018,1,3,Sygeforsikringen Danmark,783397.0,14066095.0,0.055693993251147524,5.569399325114753,Bruttopræmieindtægter,t.DKK,F&P,reported,kvartalsvise-markedsandele-1-2026.xlsx,Skadeforsikring i alt,311
Forsikring,Skadeforsikring i alt,2018,1,3,If,764199.0,14066095.0,0.05432915105436157,5.432915105436157,Bruttopræmieindtægter,t.DKK,F&P,reported,kvartalsvise-markedsandele-1-2026.xlsx,Skadeforsikring i alt,312
Forsikring,Skadeforsikring i alt,2018,1,3,LB Forsikring,671843.0,14066095.0,0.04776329180202465,4.776329180202465,Bruttopræmieindtægter,t.DKK,F&P,reported,kvartalsvise-markedsandele-1-2026.xlsx,Skadeforsikring i alt,313
Forsikring,Skadeforsikring i alt,2018,1,3,Alka,559534.0,14066095.0,0.039778915185771174,3.9778915185771173,Bruttopræmieindtægter,t.DKK,F&P,reported,kvartalsvise-markedsandele-1-2026.xlsx,Skadeforsikring i alt,314
Forsikring,Skadeforsikring i alt,2018,1,3,PFA Pension,653950.0,14066095.0,0.04649122588749756,4.649122588749756,Bruttopræmieindtægter,t.DKK,F&P,reported,kvartalsvise-markedsandele-1-2026.xlsx,Skadeforsikring i alt,315
Forsikring,Skadeforsikring i alt,2018,1,3,GF-Forsikring,475804.0,14066095.0,0.03382630360451853,3.3826303604518526,Bruttopræmieindtægter,t.DKK,F&P,reported,kvartalsvise-markedsandele-1-2026.xlsx,Skadeforsikring i alt,316
Forsikring,Skadeforsikring i alt,2018,1,3,Danica Pension,381731.0,14066095.0,0.027138377780044857,2.7138377780044856,Bruttopræmieindtægter,t.DKK,F&P,reported,kvartalsvise-markedsandele-1-2026.xlsx,Skadeforsikring i alt,317
Forsikring,Skadeforsikring i alt,2018,1,3,Købstædernes Forsikring,289940.0,14066095.0,0.02061268603688515,2.061268603688515,Bruttopræmieindtægter,t.DKK,F&P,reported,kvartalsvise-markedsandele-1-2026.xlsx,Skadeforsikring i alt,318
Forsikring,Skadeforsikring i alt,2018,1,3,Himmerland Forsikring,98078.0,14066095.0,0.00697265303554398,0.697265303554398,Bruttopræmieindtægter,t.DKK,F&P,reported,kvartalsvise-markedsandele-1-2026.xlsx,Skadeforsikring i alt,319
Forsikring,Skadeforsikring i alt,2018,1,3,Sønderjysk Forsikring,93167.0,14066095.0,0.006623515623916943,0.6623515623916943,Bruttopræmieindtægter,t.DKK,F&P,reported,kvartalsvise-markedsandele-1-2026.xlsx,Skadeforsikring i alt,320
Forsikring,Skadeforsikring i alt,2018,1,3,Thisted Forsikring,86824.0,14066095.0,0.006172573127083245,0.6172573127083245,Bruttopræmieindtægter,t.DKK,F&P,reported,kvartalsvise-markedsandele-1-2026.xlsx,Skadeforsikring i alt,321
Forsikring,Skadeforsikring i alt,2018,1,3,PenSam Forsikring,72359.0,14066095.0,0.005144213799210085,0.5144213799210086,Bruttopræmieindtægter,t.DKK,F&P,reported,kvartalsvise-markedsandele-1-2026.xlsx,Skadeforsikring i alt,322
Forsikring,Skadeforsikring i alt,2018,1,3,Lokal Forsikring,73627.0,14066095.0,0.005234359642814868,0.5234359642814869,Bruttopræmieindtægter,t.DKK,F&P,reported,kvartalsvise-markedsandele-1-2026.xlsx,Skadeforsikring i alt,323
Forsikring,Skadeforsikring i alt,2018,1,3,Vestjylland Forsikring,68165.0,14066095.0,0.004846050023122978,0.48460500231229775,Bruttopræmieindtægter,t.DKK,F&P,reported,kvartalsvise-markedsandele-1-2026.xlsx,Skadeforsikring i alt,324
Forsikring,Skadeforsikring i alt,2018,1,3,Nem Forsikring,66981.0,14066095.0,0.00476187598619233,0.476187598619233,Bruttopræmieindtægter,t.DKK,F&P,reported,kvartalsvise-markedsandele-1-2026.xlsx,Skadeforsikring i alt,325
Forsikring,Skadeforsikring i alt,2018,1,3,HDI-Gerling Forsikring,54499.0,14066095.0,0.0038744939515906866,0.3874493951590687,Bruttopræmieindtægter,t.DKK,F&P,reported,kvartalsvise-markedsandele-1-2026.xlsx,Skadeforsikring i alt,326
Forsikring,Skadeforsikring i alt,2018,1,3,Popermo Forsikring,51936.0,14066095.0,0.0036922827550930092,0.36922827550930093,Bruttopræmieindtægter,t.DKK,F&P,reported,kvartalsvise-markedsandele-1-2026.xlsx,Skadeforsikring i alt,327
Forsikring,Skadeforsikring i alt,2018,1,3,PensionDanmark,49405.0,14066095.0,0.0035123465325664297,0.351234653256643,Bruttopræmieindtægter,t.DKK,F&P,reported,kvartalsvise-markedsandele-1-2026.xlsx,Skadeforsikring i alt,328
Forsikring,Skadeforsikring i alt,2018,1,3,Dansk Boligforsikring,40201.0,14066095.0,0.0028580071441291987,0.2858007144129199,Bruttopræmieindtægter,t.DKK,F&P,reported,kvartalsvise-markedsandele-1-2026.xlsx,Skadeforsikring i alt,329
Forsikring,Skadeforsikring i alt,2018,1,3,Aros Forsikring,40629.0,14066095.0,0.0028884349209926424,0.28884349209926424,Bruttopræmieindtægter,t.DKK,F&P,reported,kvartalsvise-markedsandele-1-2026.xlsx,Skadeforsikring i alt,330
Forsikring,Skadeforsikring i alt,2018,1,3,Gartnernes Forsikring,35921.0,14066095.0,0.0025537293754947623,0.2553729375494762,Bruttopræmieindtægter,t.DKK,F&P,reported,kvartalsvise-markedsandele-1-2026.xlsx,Skadeforsikring i alt,331
Forsikring,Skadeforsikring i alt,2018,1,3,Bornholms Brandforsikring,28227.0,14066095.0,0.0020067403213187454,0.20067403213187454,Bruttopræmieindtægter,t.DKK,F&P,reported,kvartalsvise-markedsandele-1-2026.xlsx,Skadeforsikring i alt,332
Forsikring,Skadeforsikring i alt,2018,1,3,Skandia,28188.0,14066095.0,0.0020039676967914693,0.20039676967914694,Bruttopræmieindtægter,t.DKK,F&P,reported,kvartalsvise-markedsandele-1-2026.xlsx,Skadeforsikring i alt,333
Forsikring,Skadeforsikring i alt,2018,1,3,Forsikringsselskabet Nærsikring,26647.0,14066095.0,0.0018944134814957527,0.18944134814957528,Bruttopræmieindtægter,t.DKK,F&P,reported,kvartalsvise-markedsandele-1-2026.xlsx,Skadeforsikring i alt,334
Forsikring,Skadeforsikring i alt,2018,1,3,Vejle Brand,18693.0,14066095.0,0.0013289402638045596,0.13289402638045597,Bruttopræmieindtægter,t.DKK,F&P,reported,kvartalsvise-markedsandele-1-2026.xlsx,Skadeforsikring i alt,335
Forsikring,Skadeforsikring i alt,2018,1,3,AXA Forsikring,21357.0,14066095.0,0.0015183318468985174,0.15183318468985174,Bruttopræmieindtægter,t.DKK,F&P,reported,kvartalsvise-markedsandele-1-2026.xlsx,Skadeforsikring i alt,336
Forsikring,Skadeforsikring i alt,2018,1,3,HF Forsikring,9864.0,14066095.0,0.0007012607265911398,0.07012607265911398,Bruttopræmieindtægter,t.DKK,F&P,reported,kvartalsvise-markedsandele-1-2026.xlsx,Skadeforsikring i alt,337
Forsikring,Skadeforsikring i alt,2018,1,3,Forsikringsselskabet Vendsyssel,13367.0,14066095.0,0.0009502992834898385,0.09502992834898386,Bruttopræmieindtægter,t.DKK,F&P,reported,kvartalsvise-markedsandele-1-2026.xlsx,Skadeforsikring i alt,338
Forsikring,Skadeforsikring i alt,2018,1,3,Fiskernes Forsikring,3161.0,14066095.0,0.00022472477258258245,0.022472477258258246,Bruttopræmieindtægter,t.DKK,F&P,reported,kvartalsvise-markedsandele-1-2026.xlsx,Skadeforsikring i alt,339
Forsikring,Skadeforsikring i alt,2018,1,3,Dansk Musiker Forbund Forsikring,1708.0,14066095.0,0.00012142673570738717,0.012142673570738716,Bruttopræmieindtægter,t.DKK,F&P,reported,kvartalsvise-markedsandele-1-2026.xlsx,Skadeforsikring i alt,340
Forsikring,Skadeforsikring i alt,2018,2,6,Tryg,4945438.0,28275816.0,0.17489992154426243,17.489992154426243,Bruttopræmieindtægter,t.DKK,F&P,reported,kvartalsvise-markedsandele-1-2026.xlsx,Skadeforsikring i alt,306
Forsikring,Skadeforsikring i alt,2018,2,6,Topdanmark,4573621.0,28275816.0,0.16175027451020335,16.175027451020334,Bruttopræmieindtægter,t.DKK,F&P,reported,kvartalsvise-markedsandele-1-2026.xlsx,Skadeforsikring i alt,307
Forsikring,Skadeforsikring i alt,2018,2,6,Codan,2904392.0,28275816.0,0.10271646979171174,10.271646979171175,Bruttopræmieindtægter,t.DKK,F&P,reported,kvartalsvise-markedsandele-1-2026.xlsx,Skadeforsikring i alt,308
Forsikring,Skadeforsikring i alt,2018,2,6,Alm. Brand,2608762.0,28275816.0,0.09226124544027306,9.226124544027305,Bruttopræmieindtægter,t.DKK,F&P,reported,kvartalsvise-markedsandele-1-2026.xlsx,Skadeforsikring i alt,309
Forsikring,Skadeforsikring i alt,2018,2,6,Gjensidige Forsikring,1992402.0,28275816.0,0.07046311236429038,7.046311236429038,Bruttopræmieindtægter,t.DKK,F&P,reported,kvartalsvise-markedsandele-1-2026.xlsx,Skadeforsikring i alt,310
Forsikring,Skadeforsikring i alt,2018,2,6,Sygeforsikringen Danmark,1569894.0,28275816.0,0.05552073192158273,5.552073192158273,Bruttopræmieindtægter,t.DKK,F&P,reported,kvartalsvise-markedsandele-1-2026.xlsx,Skadeforsikring i alt,311
Forsikring,Skadeforsikring i alt,2018,2,6,If,1546277.0,28275816.0,0.05468549519490437,5.468549519490437,Bruttopræmieindtægter,t.DKK,F&P,reported,kvartalsvise-markedsandele-1-2026.xlsx,Skadeforsikring i alt,312
Forsikring,Skadeforsikring i alt,2018,2,6,LB Forsikring,1385572.0,28275816.0,0.04900201642279749,4.9002016422797485,Bruttopræmieindtægter,t.DKK,F&P,reported,kvartalsvise-markedsandele-1-2026.xlsx,Skadeforsikring i alt,313
Forsikring,Skadeforsikring i alt,2018,2,6,Alka,1121630.0,28275816.0,0.03966746706797074,3.966746706797074,Bruttopræmieindtægter,t.DKK,F&P,reported,kvartalsvise-markedsandele-1-2026.xlsx,Skadeforsikring i alt,314
Forsikring,Skadeforsikring i alt,2018,2,6,PFA Pension,1326846.0,28275816.0,0.046925117917021385,4.692511791702138,Bruttopræmieindtægter,t.DKK,F&P,reported,kvartalsvise-markedsandele-1-2026.xlsx,Skadeforsikring i alt,315
Forsikring,Skadeforsikring i alt,2018,2,6,GF-Forsikring,965580.0,28275816.0,0.03414861661286804,3.414861661286804,Bruttopræmieindtægter,t.DKK,F&P,reported,kvartalsvise-markedsandele-1-2026.xlsx,Skadeforsikring i alt,316
Forsikring,Skadeforsikring i alt,2018,2,6,Danica Pension,738676.0,28275816.0,0.026123949879996385,2.6123949879996387,Bruttopræmieindtægter,t.DKK,F&P,reported,kvartalsvise-markedsandele-1-2026.xlsx,Skadeforsikring i alt,317
Forsikring,Skadeforsikring i alt,2018,2,6,Købstædernes Forsikring,582658.0,28275816.0,0.020606231134054628,2.060623113405463,Bruttopræmieindtægter,t.DKK,F&P,reported,kvartalsvise-markedsandele-1-2026.xlsx,Skadeforsikring i alt,318
Forsikring,Skadeforsikring i alt,2018,2,6,Himmerland Forsikring,198285.0,28275816.0,0.007012529717975248,0.7012529717975248,Bruttopræmieindtægter,t.DKK,F&P,reported,kvartalsvise-markedsandele-1-2026.xlsx,Skadeforsikring i alt,319
Forsikring,Skadeforsikring i alt,2018,2,6,Sønderjysk Forsikring,190425.0,28275816.0,0.006734553655321564,0.6734553655321565,Bruttopræmieindtægter,t.DKK,F&P,reported,kvartalsvise-markedsandele-1-2026.xlsx,Skadeforsikring i alt,320
Forsikring,Skadeforsikring i alt,2018,2,6,Thisted Forsikring,176946.0,28275816.0,0.0062578565371906505,0.625785653719065,Bruttopræmieindtægter,t.DKK,F&P,reported,kvartalsvise-markedsandele-1-2026.xlsx,Skadeforsikring i alt,321
Forsikring,Skadeforsikring i alt,2018,2,6,PenSam Forsikring,147856.0,28275816.0,0.005229062178081793,0.5229062178081793,Bruttopræmieindtægter,t.DKK,F&P,reported,kvartalsvise-markedsandele-1-2026.xlsx,Skadeforsikring i alt,322
Forsikring,Skadeforsikring i alt,2018,2,6,Lokal Forsikring,148455.0,28275816.0,0.0052502463589379714,0.5250246358937971,Bruttopræmieindtægter,t.DKK,F&P,reported,kvartalsvise-markedsandele-1-2026.xlsx,Skadeforsikring i alt,323
Forsikring,Skadeforsikring i alt,2018,2,6,Vestjylland Forsikring,138633.0,28275816.0,0.004902882378354704,0.49028823783547043,Bruttopræmieindtægter,t.DKK,F&P,reported,kvartalsvise-markedsandele-1-2026.xlsx,Skadeforsikring i alt,324
Forsikring,Skadeforsikring i alt,2018,2,6,Nem Forsikring,135673.0,28275816.0,0.004798199280968585,0.4798199280968585,Bruttopræmieindtægter,t.DKK,F&P,reported,kvartalsvise-markedsandele-1-2026.xlsx,Skadeforsikring i alt,325
Forsikring,Skadeforsikring i alt,2018,2,6,HDI-Gerling Forsikring,127780.0,28275816.0,0.004519056143242692,0.4519056143242692,Bruttopræmieindtægter,t.DKK,F&P,reported,kvartalsvise-markedsandele-1-2026.xlsx,Skadeforsikring i alt,326
Forsikring,Skadeforsikring i alt,2018,2,6,Popermo Forsikring,109464.0,28275816.0,0.0038712941122547974,0.3871294112254797,Bruttopræmieindtægter,t.DKK,F&P,reported,kvartalsvise-markedsandele-1-2026.xlsx,Skadeforsikring i alt,327
Forsikring,Skadeforsikring i alt,2018,2,6,PensionDanmark,100727.0,28275816.0,0.0035623021454093493,0.35623021454093495,Bruttopræmieindtægter,t.DKK,F&P,reported,kvartalsvise-markedsandele-1-2026.xlsx,Skadeforsikring i alt,328
Forsikring,Skadeforsikring i alt,2018,2,6,Dansk Boligforsikring,88062.0,28275816.0,0.0031143928790596177,0.31143928790596176,Bruttopræmieindtægter,t.DKK,F&P,reported,kvartalsvise-markedsandele-1-2026.xlsx,Skadeforsikring i alt,329
Forsikring,Skadeforsikring i alt,2018,2,6,Aros Forsikring,82646.0,28275816.0,0.0029228511035720417,0.29228511035720417,Bruttopræmieindtægter,t.DKK,F&P,reported,kvartalsvise-markedsandele-1-2026.xlsx,Skadeforsikring i alt,330
Forsikring,Skadeforsikring i alt,2018,2,6,Gartnernes Forsikring,72318.0,28275816.0,0.002557591971881554,0.25575919718815543,Bruttopræmieindtægter,t.DKK,F&P,reported,kvartalsvise-markedsandele-1-2026.xlsx,Skadeforsikring i alt,331
Forsikring,Skadeforsikring i alt,2018,2,6,Bornholms Brandforsikring,57142.0,28275816.0,0.0020208789023100165,0.20208789023100165,Bruttopræmieindtægter,t.DKK,F&P,reported,kvartalsvise-markedsandele-1-2026.xlsx,Skadeforsikring i alt,332
Forsikring,Skadeforsikring i alt,2018,2,6,Skandia,58125.0,28275816.0,0.002055643593097366,0.20556435930973663,Bruttopræmieindtægter,t.DKK,F&P,reported,kvartalsvise-markedsandele-1-2026.xlsx,Skadeforsikring i alt,333
Forsikring,Skadeforsikring i alt,2018,2,6,Forsikringsselskabet Nærsikring,53121.0,28275816.0,0.0018786725730567777,0.18786725730567777,Bruttopræmieindtægter,t.DKK,F&P,reported,kvartalsvise-markedsandele-1-2026.xlsx,Skadeforsikring i alt,334
Forsikring,Skadeforsikring i alt,2018,2,6,Vejle Brand,38217.0,28275816.0,0.0013515790313531535,0.13515790313531534,Bruttopræmieindtægter,t.DKK,F&P,reported,kvartalsvise-markedsandele-1-2026.xlsx,Skadeforsikring i alt,335
Forsikring,Skadeforsikring i alt,2018,2,6,AXA Forsikring,34148.0,28275816.0,0.001207675138358518,0.12076751383585181,Bruttopræmieindtægter,t.DKK,F&P,reported,kvartalsvise-markedsandele-1-2026.xlsx,Skadeforsikring i alt,336
Forsikring,Skadeforsikring i alt,2018,2,6,HF Forsikring,19900.0,28275816.0,0.00070378163445398,0.070378163445398,Bruttopræmieindtægter,t.DKK,F&P,reported,kvartalsvise-markedsandele-1-2026.xlsx,Skadeforsikring i alt,337
Forsikring,Skadeforsikring i alt,2018,2,6,Forsikringsselskabet Vendsyssel,26959.0,28275816.0,0.000953429602173108,0.0953429602173108,Bruttopræmieindtægter,t.DKK,F&P,reported,kvartalsvise-markedsandele-1-2026.xlsx,Skadeforsikring i alt,338
Forsikring,Skadeforsikring i alt,2018,2,6,Fiskernes Forsikring,5853.0,28275816.0,0.00020699667871653998,0.020699667871653997,Bruttopræmieindtægter,t.DKK,F&P,reported,kvartalsvise-markedsandele-1-2026.xlsx,Skadeforsikring i alt,339
Forsikring,Skadeforsikring i alt,2018,2,6,Dansk Musiker Forbund Forsikring,3333.0,28275816.0,0.00011787458229322186,0.011787458229322187,Bruttopræmieindtægter,t.DKK,F&P,reported,kvartalsvise-markedsandele-1-2026.xlsx,Skadeforsikring i alt,340
Forsikring,Skadeforsikring i alt,2018,3,9,Tryg,7446294.0,42413836.0,0.17556285170716465,17.556285170716464,Bruttopræmieindtægter,t.DKK,F&P,reported,kvartalsvise-markedsandele-1-2026.xlsx,Skadeforsikring i alt,306
Forsikring,Skadeforsikring i alt,2018,3,9,Topdanmark,6886231.0,42413836.0,0.16235812766381236,16.235812766381237,Bruttopræmieindtægter,t.DKK,F&P,reported,kvartalsvise-markedsandele-1-2026.xlsx,Skadeforsikring i alt,307
Forsikring,Skadeforsikring i alt,2018,3,9,Codan,4355826.0,42413836.0,0.10269823271821016,10.269823271821016,Bruttopræmieindtægter,t.DKK,F&P,reported,kvartalsvise-markedsandele-1-2026.xlsx,Skadeforsikring i alt,308
Forsikring,Skadeforsikring i alt,2018,3,9,Alm. Brand,3944978.0,42413836.0,0.09301158235251346,9.301158235251346,Bruttopræmieindtægter,t.DKK,F&P,reported,kvartalsvise-markedsandele-1-2026.xlsx,Skadeforsikring i alt,309
Forsikring,Skadeforsikring i alt,2018,3,9,Gjensidige Forsikring,2996763.0,42413836.0,0.07065531634535485,7.0655316345354855,Bruttopræmieindtægter,t.DKK,F&P,reported,kvartalsvise-markedsandele-1-2026.xlsx,Skadeforsikring i alt,310
Forsikring,Skadeforsikring i alt,2018,3,9,Sygeforsikringen Danmark,2359788.0,42413836.0,0.05563722177828952,5.563722177828952,Bruttopræmieindtægter,t.DKK,F&P,reported,kvartalsvise-markedsandele-1-2026.xlsx,Skadeforsikring i alt,311
Forsikring,Skadeforsikring i alt,2018,3,9,If,2331700.0,42413836.0,0.054974985049689916,5.497498504968991,Bruttopræmieindtægter,t.DKK,F&P,reported,kvartalsvise-markedsandele-1-2026.xlsx,Skadeforsikring i alt,312
Forsikring,Skadeforsikring i alt,2018,3,9,LB Forsikring,2040990.0,42413836.0,0.04812085377045359,4.812085377045359,Bruttopræmieindtægter,t.DKK,F&P,reported,kvartalsvise-markedsandele-1-2026.xlsx,Skadeforsikring i alt,313
Forsikring,Skadeforsikring i alt,2018,3,9,Alka,1682456.0,42413836.0,0.039667621669494835,3.9667621669494837,Bruttopræmieindtægter,t.DKK,F&P,reported,kvartalsvise-markedsandele-1-2026.xlsx,Skadeforsikring i alt,314
Forsikring,Skadeforsikring i alt,2018,3,9,PFA Pension,1842407.0,42413836.0,0.04343882029439639,4.343882029439639,Bruttopræmieindtægter,t.DKK,F&P,reported,kvartalsvise-markedsandele-1-2026.xlsx,Skadeforsikring i alt,315
Forsikring,Skadeforsikring i alt,2018,3,9,GF-Forsikring,1470964.0,42413836.0,0.03468122996467474,3.4681229964674736,Bruttopræmieindtægter,t.DKK,F&P,reported,kvartalsvise-markedsandele-1-2026.xlsx,Skadeforsikring i alt,316
Forsikring,Skadeforsikring i alt,2018,3,9,Danica Pension,1094002.0,42413836.0,0.025793517002329146,2.5793517002329147,Bruttopræmieindtægter,t.DKK,F&P,reported,kvartalsvise-markedsandele-1-2026.xlsx,Skadeforsikring i alt,317
Forsikring,Skadeforsikring i alt,2018,3,9,Købstædernes Forsikring,883974.0,42413836.0,0.020841642335769864,2.0841642335769865,Bruttopræmieindtægter,t.DKK,F&P,reported,kvartalsvise-markedsandele-1-2026.xlsx,Skadeforsikring i alt,318
Forsikring,Skadeforsikring i alt,2018,3,9,Himmerland Forsikring,300283.0,42413836.0,0.007079835929011468,0.7079835929011468,Bruttopræmieindtægter,t.DKK,F&P,reported,kvartalsvise-markedsandele-1-2026.xlsx,Skadeforsikring i alt,319
Forsikring,Skadeforsikring i alt,2018,3,9,Sønderjysk Forsikring,291151.0,42413836.0,0.006864528829696045,0.6864528829696045,Bruttopræmieindtægter,t.DKK,F&P,reported,kvartalsvise-markedsandele-1-2026.xlsx,Skadeforsikring i alt,320
Forsikring,Skadeforsikring i alt,2018,3,9,Thisted Forsikring,271234.0,42413836.0,0.006394941499750223,0.6394941499750223,Bruttopræmieindtægter,t.DKK,F&P,reported,kvartalsvise-markedsandele-1-2026.xlsx,Skadeforsikring i alt,321
Forsikring,Skadeforsikring i alt,2018,3,9,PenSam Forsikring,230760.0,42413836.0,0.005440677424225434,0.5440677424225434,Bruttopræmieindtægter,t.DKK,F&P,reported,kvartalsvise-markedsandele-1-2026.xlsx,Skadeforsikring i alt,322
Forsikring,Skadeforsikring i alt,2018,3,9,Lokal Forsikring,224122.0,42413836.0,0.005284171891455421,0.528417189145542,Bruttopræmieindtægter,t.DKK,F&P,reported,kvartalsvise-markedsandele-1-2026.xlsx,Skadeforsikring i alt,323
Forsikring,Skadeforsikring i alt,2018,3,9,Vestjylland Forsikring,211448.0,42413836.0,0.004985354307495318,0.4985354307495318,Bruttopræmieindtægter,t.DKK,F&P,reported,kvartalsvise-markedsandele-1-2026.xlsx,Skadeforsikring i alt,324
Forsikring,Skadeforsikring i alt,2018,3,9,Nem Forsikring,202849.0,42413836.0,0.004782613862136875,0.47826138621368747,Bruttopræmieindtægter,t.DKK,F&P,reported,kvartalsvise-markedsandele-1-2026.xlsx,Skadeforsikring i alt,325
Forsikring,Skadeforsikring i alt,2018,3,9,HDI-Gerling Forsikring,199697.0,42413836.0,0.004708298490143641,0.4708298490143641,Bruttopræmieindtægter,t.DKK,F&P,reported,kvartalsvise-markedsandele-1-2026.xlsx,Skadeforsikring i alt,326
Forsikring,Skadeforsikring i alt,2018,3,9,Popermo Forsikring,167613.0,42413836.0,0.003951847222684598,0.3951847222684598,Bruttopræmieindtægter,t.DKK,F&P,reported,kvartalsvise-markedsandele-1-2026.xlsx,Skadeforsikring i alt,327
Forsikring,Skadeforsikring i alt,2018,3,9,PensionDanmark,153262.0,42413836.0,0.003613490654323273,0.3613490654323273,Bruttopræmieindtægter,t.DKK,F&P,reported,kvartalsvise-markedsandele-1-2026.xlsx,Skadeforsikring i alt,328
Forsikring,Skadeforsikring i alt,2018,3,9,Dansk Boligforsikring,137758.0,42413836.0,0.0032479495606103632,0.3247949560610363,Bruttopræmieindtægter,t.DKK,F&P,reported,kvartalsvise-markedsandele-1-2026.xlsx,Skadeforsikring i alt,329
Forsikring,Skadeforsikring i alt,2018,3,9,Aros Forsikring,125966.0,42413836.0,0.0029699270775696875,0.29699270775696873,Bruttopræmieindtægter,t.DKK,F&P,reported,kvartalsvise-markedsandele-1-2026.xlsx,Skadeforsikring i alt,330
Forsikring,Skadeforsikring i alt,2018,3,9,Gartnernes Forsikring,108608.0,42413836.0,0.002560673832944513,0.25606738329445133,Bruttopræmieindtægter,t.DKK,F&P,reported,kvartalsvise-markedsandele-1-2026.xlsx,Skadeforsikring i alt,331
Forsikring,Skadeforsikring i alt,2018,3,9,Bornholms Brandforsikring,86847.0,42413836.0,0.0020476101242056957,0.20476101242056957,Bruttopræmieindtægter,t.DKK,F&P,reported,kvartalsvise-markedsandele-1-2026.xlsx,Skadeforsikring i alt,332
Forsikring,Skadeforsikring i alt,2018,3,9,Skandia,87818.0,42413836.0,0.002070503596986606,0.2070503596986606,Bruttopræmieindtægter,t.DKK,F&P,reported,kvartalsvise-markedsandele-1-2026.xlsx,Skadeforsikring i alt,333
Forsikring,Skadeforsikring i alt,2018,3,9,Forsikringsselskabet Nærsikring,79894.0,42413836.0,0.0018836777696787435,0.18836777696787435,Bruttopræmieindtægter,t.DKK,F&P,reported,kvartalsvise-markedsandele-1-2026.xlsx,Skadeforsikring i alt,334
Forsikring,Skadeforsikring i alt,2018,3,9,Vejle Brand,58890.0,42413836.0,0.0013884620103685034,0.13884620103685033,Bruttopræmieindtægter,t.DKK,F&P,reported,kvartalsvise-markedsandele-1-2026.xlsx,Skadeforsikring i alt,335
Forsikring,Skadeforsikring i alt,2018,3,9,AXA Forsikring,42589.0,42413836.0,0.0010041298787499438,0.10041298787499438,Bruttopræmieindtægter,t.DKK,F&P,reported,kvartalsvise-markedsandele-1-2026.xlsx,Skadeforsikring i alt,336
Forsikring,Skadeforsikring i alt,2018,3,9,HF Forsikring,29911.0,42413836.0,0.0007052179859421345,0.07052179859421345,Bruttopræmieindtægter,t.DKK,F&P,reported,kvartalsvise-markedsandele-1-2026.xlsx,Skadeforsikring i alt,337
Forsikring,Skadeforsikring i alt,2018,3,9,Forsikringsselskabet Vendsyssel,40757.0,42413836.0,0.0009609364265000694,0.09609364265000694,Bruttopræmieindtægter,t.DKK,F&P,reported,kvartalsvise-markedsandele-1-2026.xlsx,Skadeforsikring i alt,338
Forsikring,Skadeforsikring i alt,2018,3,9,Fiskernes Forsikring,20804.0,42413836.0,0.0004905003169248828,0.049050031692488276,Bruttopræmieindtægter,t.DKK,F&P,reported,kvartalsvise-markedsandele-1-2026.xlsx,Skadeforsikring i alt,339
Forsikring,Skadeforsikring i alt,2018,3,9,Dansk Musiker Forbund Forsikring,5202.0,42413836.0,0.00012264865644314748,0.012264865644314747,Bruttopræmieindtægter,t.DKK,F&P,reported,kvartalsvise-markedsandele-1-2026.xlsx,Skadeforsikring i alt,340
Forsikring,Skadeforsikring i alt,2018,4,12,Tryg,9968602.0,56596712.0,0.17613833968789527,17.61383396878953,Bruttopræmieindtægter,t.DKK,F&P,reported,kvartalsvise-markedsandele-1-2026.xlsx,Skadeforsikring i alt,306
Forsikring,Skadeforsikring i alt,2018,4,12,Topdanmark,9135254.0,56596712.0,0.16141365380894976,16.141365380894975,Bruttopræmieindtægter,t.DKK,F&P,reported,kvartalsvise-markedsandele-1-2026.xlsx,Skadeforsikring i alt,307
Forsikring,Skadeforsikring i alt,2018,4,12,Codan,5907608.0,56596712.0,0.1043833693678339,10.43833693678339,Bruttopræmieindtægter,t.DKK,F&P,reported,kvartalsvise-markedsandele-1-2026.xlsx,Skadeforsikring i alt,308
Forsikring,Skadeforsikring i alt,2018,4,12,Alm. Brand,5273671.0,56596712.0,0.09318213867904471,9.31821386790447,Bruttopræmieindtægter,t.DKK,F&P,reported,kvartalsvise-markedsandele-1-2026.xlsx,Skadeforsikring i alt,309
Forsikring,Skadeforsikring i alt,2018,4,12,Gjensidige Forsikring,3994151.0,56596712.0,0.07057390049304271,7.057390049304272,Bruttopræmieindtægter,t.DKK,F&P,reported,kvartalsvise-markedsandele-1-2026.xlsx,Skadeforsikring i alt,310
Forsikring,Skadeforsikring i alt,2018,4,12,Sygeforsikringen Danmark,3156198.0,56596712.0,0.05576784743199254,5.576784743199254,Bruttopræmieindtægter,t.DKK,F&P,reported,kvartalsvise-markedsandele-1-2026.xlsx,Skadeforsikring i alt,311
Forsikring,Skadeforsikring i alt,2018,4,12,If,3105467.0,56596712.0,0.054871465561123725,5.487146556112372,Bruttopræmieindtægter,t.DKK,F&P,reported,kvartalsvise-markedsandele-1-2026.xlsx,Skadeforsikring i alt,312
Forsikring,Skadeforsikring i alt,2018,4,12,LB Forsikring,2751771.0,56596712.0,0.04862190055750037,4.862190055750037,Bruttopræmieindtægter,t.DKK,F&P,reported,kvartalsvise-markedsandele-1-2026.xlsx,Skadeforsikring i alt,313
Forsikring,Skadeforsikring i alt,2018,4,12,Alka,2244844.0,56596712.0,0.03966484919533688,3.966484919533688,Bruttopræmieindtægter,t.DKK,F&P,reported,kvartalsvise-markedsandele-1-2026.xlsx,Skadeforsikring i alt,314
Forsikring,Skadeforsikring i alt,2018,4,12,PFA Pension,2051502.0,56596712.0,0.036248629060162754,3.6248629060162756,Bruttopræmieindtægter,t.DKK,F&P,reported,kvartalsvise-markedsandele-1-2026.xlsx,Skadeforsikring i alt,315
Forsikring,Skadeforsikring i alt,2018,4,12,GF-Forsikring,1985373.0,56596712.0,0.03508017512196552,3.508017512196552,Bruttopræmieindtægter,t.DKK,F&P,reported,kvartalsvise-markedsandele-1-2026.xlsx,Skadeforsikring i alt,316
Forsikring,Skadeforsikring i alt,2018,4,12,Danica Pension,1695637.0,56596712.0,0.029960739318649062,2.996073931864906,Bruttopræmieindtægter,t.DKK,F&P,reported,kvartalsvise-markedsandele-1-2026.xlsx,Skadeforsikring i alt,317
Forsikring,Skadeforsikring i alt,2018,4,12,Købstædernes Forsikring,1187749.0,56596712.0,0.02098670774758165,2.098670774758165,Bruttopræmieindtægter,t.DKK,F&P,reported,kvartalsvise-markedsandele-1-2026.xlsx,Skadeforsikring i alt,318
Forsikring,Skadeforsikring i alt,2018,4,12,Himmerland Forsikring,412712.0,56596712.0,0.00729233712503224,0.729233712503224,Bruttopræmieindtægter,t.DKK,F&P,reported,kvartalsvise-markedsandele-1-2026.xlsx,Skadeforsikring i alt,319
Forsikring,Skadeforsikring i alt,2018,4,12,Sønderjysk Forsikring,394443.0,56596712.0,0.00696953646273695,0.6969536462736949,Bruttopræmieindtægter,t.DKK,F&P,reported,kvartalsvise-markedsandele-1-2026.xlsx,Skadeforsikring i alt,320
Forsikring,Skadeforsikring i alt,2018,4,12,Thisted Forsikring,367341.0,56596712.0,0.006490662766884579,0.6490662766884578,Bruttopræmieindtægter,t.DKK,F&P,reported,kvartalsvise-markedsandele-1-2026.xlsx,Skadeforsikring i alt,321
Forsikring,Skadeforsikring i alt,2018,4,12,PenSam Forsikring,309363.0,56596712.0,0.005466231391409382,0.5466231391409382,Bruttopræmieindtægter,t.DKK,F&P,reported,kvartalsvise-markedsandele-1-2026.xlsx,Skadeforsikring i alt,322
Forsikring,Skadeforsikring i alt,2018,4,12,Lokal Forsikring,299988.0,56596712.0,0.005300581590707737,0.5300581590707737,Bruttopræmieindtægter,t.DKK,F&P,reported,kvartalsvise-markedsandele-1-2026.xlsx,Skadeforsikring i alt,323
Forsikring,Skadeforsikring i alt,2018,4,12,Vestjylland Forsikring,285779.0,56596712.0,0.005049518335436306,0.5049518335436306,Bruttopræmieindtægter,t.DKK,F&P,reported,kvartalsvise-markedsandele-1-2026.xlsx,Skadeforsikring i alt,324
Forsikring,Skadeforsikring i alt,2018,4,12,Nem Forsikring,273035.0,56596712.0,0.004824340622354518,0.48243406223545177,Bruttopræmieindtægter,t.DKK,F&P,reported,kvartalsvise-markedsandele-1-2026.xlsx,Skadeforsikring i alt,325
Forsikring,Skadeforsikring i alt,2018,4,12,HDI-Gerling Forsikring,270936.0,56596712.0,0.004787252736309424,0.47872527363094236,Bruttopræmieindtægter,t.DKK,F&P,reported,kvartalsvise-markedsandele-1-2026.xlsx,Skadeforsikring i alt,326
Forsikring,Skadeforsikring i alt,2018,4,12,Popermo Forsikring,225200.0,56596712.0,0.003979129079254445,0.3979129079254445,Bruttopræmieindtægter,t.DKK,F&P,reported,kvartalsvise-markedsandele-1-2026.xlsx,Skadeforsikring i alt,327
Forsikring,Skadeforsikring i alt,2018,4,12,PensionDanmark,207005.0,56596712.0,0.0036576359460526926,0.36576359460526925,Bruttopræmieindtægter,t.DKK,F&P,reported,kvartalsvise-markedsandele-1-2026.xlsx,Skadeforsikring i alt,328
Forsikring,Skadeforsikring i alt,2018,4,12,Dansk Boligforsikring,187723.0,56596712.0,0.0033169362706255865,0.33169362706255867,Bruttopræmieindtægter,t.DKK,F&P,reported,kvartalsvise-markedsandele-1-2026.xlsx,Skadeforsikring i alt,329
Forsikring,Skadeforsikring i alt,2018,4,12,Aros Forsikring,170081.0,56596712.0,0.0030052142670012223,0.3005214267001222,Bruttopræmieindtægter,t.DKK,F&P,reported,kvartalsvise-markedsandele-1-2026.xlsx,Skadeforsikring i alt,330
Forsikring,Skadeforsikring i alt,2018,4,12,Gartnernes Forsikring,145028.0,56596712.0,0.0025625449915902027,0.25625449915902027,Bruttopræmieindtægter,t.DKK,F&P,reported,kvartalsvise-markedsandele-1-2026.xlsx,Skadeforsikring i alt,331
Forsikring,Skadeforsikring i alt,2018,4,12,Bornholms Brandforsikring,116931.0,56596712.0,0.0020660903302233634,0.20660903302233635,Bruttopræmieindtægter,t.DKK,F&P,reported,kvartalsvise-markedsandele-1-2026.xlsx,Skadeforsikring i alt,332
Forsikring,Skadeforsikring i alt,2018,4,12,Skandia,112523.0,56596712.0,0.0019882040025974595,0.19882040025974596,Bruttopræmieindtægter,t.DKK,F&P,reported,kvartalsvise-markedsandele-1-2026.xlsx,Skadeforsikring i alt,333
Forsikring,Skadeforsikring i alt,2018,4,12,Forsikringsselskabet Nærsikring,108117.0,56596712.0,0.0019103530135957051,0.1910353013595705,Bruttopræmieindtægter,t.DKK,F&P,reported,kvartalsvise-markedsandele-1-2026.xlsx,Skadeforsikring i alt,334
Forsikring,Skadeforsikring i alt,2018,4,12,Vejle Brand,80274.0,56596712.0,0.0014183863574958764,0.14183863574958763,Bruttopræmieindtægter,t.DKK,F&P,reported,kvartalsvise-markedsandele-1-2026.xlsx,Skadeforsikring i alt,335
Forsikring,Skadeforsikring i alt,2018,4,12,AXA Forsikring,44849.0,56596712.0,0.000792450977244594,0.07924509772445941,Bruttopræmieindtægter,t.DKK,F&P,reported,kvartalsvise-markedsandele-1-2026.xlsx,Skadeforsikring i alt,336
Forsikring,Skadeforsikring i alt,2018,4,12,HF Forsikring,39853.0,56596712.0,0.0007041750941186829,0.07041750941186829,Bruttopræmieindtægter,t.DKK,F&P,reported,kvartalsvise-markedsandele-1-2026.xlsx,Skadeforsikring i alt,337
Forsikring,Skadeforsikring i alt,2018,4,12,Forsikringsselskabet Vendsyssel,54589.0,56596712.0,0.0009645500768535563,0.09645500768535563,Bruttopræmieindtægter,t.DKK,F&P,reported,kvartalsvise-markedsandele-1-2026.xlsx,Skadeforsikring i alt,338
Forsikring,Skadeforsikring i alt,2018,4,12,Fiskernes Forsikring,24758.0,56596712.0,0.0004374568283489411,0.04374568283489411,Bruttopræmieindtægter,t.DKK,F&P,reported,kvartalsvise-markedsandele-1-2026.xlsx,Skadeforsikring i alt,339
Forsikring,Skadeforsikring i alt,2018,4,12,Dansk Musiker Forbund Forsikring,6944.0,56596712.0,0.00012269570304770366,0.012269570304770366,Bruttopræmieindtægter,t.DKK,F&P,reported,kvartalsvise-markedsandele-1-2026.xlsx,Skadeforsikring i alt,340
Forsikring,Skadeforsikring i alt,2018,4,12,Domus Forsikring,1413.0,56596712.0,2.496611463930979e-05,0.002496611463930979,Bruttopræmieindtægter,t.DKK,F&P,reported,kvartalsvise-markedsandele-1-2026.xlsx,Skadeforsikring i alt,341
Forsikring,Skadeforsikring i alt,2017,1,3,Tryg,2382691.0,13303874.0,0.17909753204217058,17.909753204217058,Bruttopræmieindtægter,t.DKK,F&P,reported,kvartalsvise-markedsandele-1-2026.xlsx,Skadeforsikring i alt,346
Forsikring,Skadeforsikring i alt,2017,1,3,Topdanmark,2235226.0,13303874.0,0.16801316669114574,16.801316669114573,Bruttopræmieindtægter,t.DKK,F&P,reported,kvartalsvise-markedsandele-1-2026.xlsx,Skadeforsikring i alt,347
Forsikring,Skadeforsikring i alt,2017,1,3,Codan,1369032.0,13303874.0,0.10290476292845227,10.290476292845227,Bruttopræmieindtægter,t.DKK,F&P,reported,kvartalsvise-markedsandele-1-2026.xlsx,Skadeforsikring i alt,348
Forsikring,Skadeforsikring i alt,2017,1,3,Alm. Brand,1266610.0,13303874.0,0.09520610312454854,9.520610312454854,Bruttopræmieindtægter,t.DKK,F&P,reported,kvartalsvise-markedsandele-1-2026.xlsx,Skadeforsikring i alt,349
Forsikring,Skadeforsikring i alt,2017,1,3,Gjensidige Forsikring,899876.0,13303874.0,0.06764014752394679,6.7640147523946785,Bruttopræmieindtægter,t.DKK,F&P,reported,kvartalsvise-markedsandele-1-2026.xlsx,Skadeforsikring i alt,350
Forsikring,Skadeforsikring i alt,2017,1,3,Sygeforsikringen Danmark,770788.0,13303874.0,0.05793710914580218,5.793710914580219,Bruttopræmieindtægter,t.DKK,F&P,reported,kvartalsvise-markedsandele-1-2026.xlsx,Skadeforsikring i alt,351
Forsikring,Skadeforsikring i alt,2017,1,3,If,735308.0,13303874.0,0.0552702167804656,5.52702167804656,Bruttopræmieindtægter,t.DKK,F&P,reported,kvartalsvise-markedsandele-1-2026.xlsx,Skadeforsikring i alt,352
Forsikring,Skadeforsikring i alt,2017,1,3,LB Forsikring,645717.0,13303874.0,0.04853601289368796,4.853601289368796,Bruttopræmieindtægter,t.DKK,F&P,reported,kvartalsvise-markedsandele-1-2026.xlsx,Skadeforsikring i alt,353
Forsikring,Skadeforsikring i alt,2017,1,3,Alka,540303.0,13303874.0,0.04061245619133194,4.061245619133194,Bruttopræmieindtægter,t.DKK,F&P,reported,kvartalsvise-markedsandele-1-2026.xlsx,Skadeforsikring i alt,354
Forsikring,Skadeforsikring i alt,2017,1,3,GF-Forsikring,441825.0,13303874.0,0.03321025138993349,3.321025138993349,Bruttopræmieindtægter,t.DKK,F&P,reported,kvartalsvise-markedsandele-1-2026.xlsx,Skadeforsikring i alt,355
Forsikring,Skadeforsikring i alt,2017,1,3,PFA Pension,546843.0,13303874.0,0.04110404232631788,4.1104042326317884,Bruttopræmieindtægter,t.DKK,F&P,reported,kvartalsvise-markedsandele-1-2026.xlsx,Skadeforsikring i alt,356
Forsikring,Skadeforsikring i alt,2017,1,3,Danica Pension,287630.0,13303874.0,0.021620018349542396,2.1620018349542396,Bruttopræmieindtægter,t.DKK,F&P,reported,kvartalsvise-markedsandele-1-2026.xlsx,Skadeforsikring i alt,357
Forsikring,Skadeforsikring i alt,2017,1,3,Købstædernes Forsikring,242600.0,13303874.0,0.018235289961405228,1.8235289961405228,Bruttopræmieindtægter,t.DKK,F&P,reported,kvartalsvise-markedsandele-1-2026.xlsx,Skadeforsikring i alt,358
Forsikring,Skadeforsikring i alt,2017,1,3,Himmerland Forsikring,96304.0,13303874.0,0.007238793752857251,0.7238793752857251,Bruttopræmieindtægter,t.DKK,F&P,reported,kvartalsvise-markedsandele-1-2026.xlsx,Skadeforsikring i alt,359
Forsikring,Skadeforsikring i alt,2017,1,3,Sønderjysk Forsikring,85227.0,13303874.0,0.006406179132484268,0.6406179132484268,Bruttopræmieindtægter,t.DKK,F&P,reported,kvartalsvise-markedsandele-1-2026.xlsx,Skadeforsikring i alt,360
Forsikring,Skadeforsikring i alt,2017,1,3,Thisted Forsikring,78876.0,13303874.0,0.005928799385802963,0.5928799385802963,Bruttopræmieindtægter,t.DKK,F&P,reported,kvartalsvise-markedsandele-1-2026.xlsx,Skadeforsikring i alt,361
Forsikring,Skadeforsikring i alt,2017,1,3,Lokal Forsikring,70055.0,13303874.0,0.005265759432177424,0.5265759432177424,Bruttopræmieindtægter,t.DKK,F&P,reported,kvartalsvise-markedsandele-1-2026.xlsx,Skadeforsikring i alt,362
Forsikring,Skadeforsikring i alt,2017,1,3,PenSam Forsikring,67368.0,13303874.0,0.005063788186809346,0.5063788186809346,Bruttopræmieindtægter,t.DKK,F&P,reported,kvartalsvise-markedsandele-1-2026.xlsx,Skadeforsikring i alt,363
Forsikring,Skadeforsikring i alt,2017,1,3,HDI-Gerling Forsikring,57054.0,13303874.0,0.004288525282184723,0.4288525282184723,Bruttopræmieindtægter,t.DKK,F&P,reported,kvartalsvise-markedsandele-1-2026.xlsx,Skadeforsikring i alt,364
Forsikring,Skadeforsikring i alt,2017,1,3,Vestjylland Forsikring,62485.0,13303874.0,0.0046967522392349775,0.46967522392349775,Bruttopræmieindtægter,t.DKK,F&P,reported,kvartalsvise-markedsandele-1-2026.xlsx,Skadeforsikring i alt,365
Forsikring,Skadeforsikring i alt,2017,1,3,Nem Forsikring,61410.0,13303874.0,0.004615948707872609,0.4615948707872609,Bruttopræmieindtægter,t.DKK,F&P,reported,kvartalsvise-markedsandele-1-2026.xlsx,Skadeforsikring i alt,366
Forsikring,Skadeforsikring i alt,2017,1,3,Popermo Forsikring,52818.0,13303874.0,0.003970121785579148,0.39701217855791476,Bruttopræmieindtægter,t.DKK,F&P,reported,kvartalsvise-markedsandele-1-2026.xlsx,Skadeforsikring i alt,367
Forsikring,Skadeforsikring i alt,2017,1,3,PensionDanmark,47293.0,13303874.0,0.0035548292174144166,0.35548292174144164,Bruttopræmieindtægter,t.DKK,F&P,reported,kvartalsvise-markedsandele-1-2026.xlsx,Skadeforsikring i alt,368
Forsikring,Skadeforsikring i alt,2017,1,3,Aros Forsikring,39226.0,13303874.0,0.0029484644848560646,0.2948464484856065,Bruttopræmieindtægter,t.DKK,F&P,reported,kvartalsvise-markedsandele-1-2026.xlsx,Skadeforsikring i alt,369
Forsikring,Skadeforsikring i alt,2017,1,3,Gartnernes Forsikring,40281.0,13303874.0,0.0030277646947047153,0.30277646947047154,Bruttopræmieindtægter,t.DKK,F&P,reported,kvartalsvise-markedsandele-1-2026.xlsx,Skadeforsikring i alt,370
Forsikring,Skadeforsikring i alt,2017,1,3,Dansk Boligforsikring,30811.0,13303874.0,0.0023159419579590126,0.23159419579590126,Bruttopræmieindtægter,t.DKK,F&P,reported,kvartalsvise-markedsandele-1-2026.xlsx,Skadeforsikring i alt,371
Forsikring,Skadeforsikring i alt,2017,1,3,Skandia,32246.0,13303874.0,0.002423805276568314,0.2423805276568314,Bruttopræmieindtægter,t.DKK,F&P,reported,kvartalsvise-markedsandele-1-2026.xlsx,Skadeforsikring i alt,372
Forsikring,Skadeforsikring i alt,2017,1,3,Forsikringsselskabet Nærsikring,28620.0,13303874.0,0.0021512530861311527,0.21512530861311527,Bruttopræmieindtægter,t.DKK,F&P,reported,kvartalsvise-markedsandele-1-2026.xlsx,Skadeforsikring i alt,373
Forsikring,Skadeforsikring i alt,2017,1,3,Bornholms Brandforsikring,27649.0,13303874.0,0.00207826682664012,0.20782668266401202,Bruttopræmieindtægter,t.DKK,F&P,reported,kvartalsvise-markedsandele-1-2026.xlsx,Skadeforsikring i alt,374
Forsikring,Skadeforsikring i alt,2017,1,3,Forsikringsselskabet Vendsyssel,12993.0,13303874.0,0.000976632821387214,0.0976632821387214,Bruttopræmieindtægter,t.DKK,F&P,reported,kvartalsvise-markedsandele-1-2026.xlsx,Skadeforsikring i alt,375
Forsikring,Skadeforsikring i alt,2017,1,3,AXA Forsikring,22273.0,13303874.0,0.0016741740037525912,0.16741740037525912,Bruttopræmieindtægter,t.DKK,F&P,reported,kvartalsvise-markedsandele-1-2026.xlsx,Skadeforsikring i alt,376
Forsikring,Skadeforsikring i alt,2017,1,3,HF Forsikring,10458.0,13303874.0,0.0007860868195233959,0.0786086819523396,Bruttopræmieindtægter,t.DKK,F&P,reported,kvartalsvise-markedsandele-1-2026.xlsx,Skadeforsikring i alt,377
Forsikring,Skadeforsikring i alt,2017,1,3,Forsikringsselskabet TRAFIK,11437.0,13303874.0,0.0008596744076199158,0.08596744076199159,Bruttopræmieindtægter,t.DKK,F&P,reported,kvartalsvise-markedsandele-1-2026.xlsx,Skadeforsikring i alt,378
Forsikring,Skadeforsikring i alt,2017,1,3,"Ulykkesforsikringsforbundet for 
dansk Fiskeri",2684.0,13303874.0,0.00020174574714102074,0.020174574714102073,Bruttopræmieindtægter,t.DKK,F&P,reported,kvartalsvise-markedsandele-1-2026.xlsx,Skadeforsikring i alt,379
Forsikring,Skadeforsikring i alt,2017,1,3,Dansk Musiker Forbund Forsikring,1857.0,13303874.0,0.00013958340254876137,0.013958340254876137,Bruttopræmieindtægter,t.DKK,F&P,reported,kvartalsvise-markedsandele-1-2026.xlsx,Skadeforsikring i alt,380
Forsikring,Skadeforsikring i alt,2017,2,6,Tryg,4757189.0,26629166.0,0.17864581264017054,17.864581264017055,Bruttopræmieindtægter,t.DKK,F&P,reported,kvartalsvise-markedsandele-1-2026.xlsx,Skadeforsikring i alt,346
Forsikring,Skadeforsikring i alt,2017,2,6,Topdanmark,4476581.0,26629166.0,0.16810819385030684,16.810819385030683,Bruttopræmieindtægter,t.DKK,F&P,reported,kvartalsvise-markedsandele-1-2026.xlsx,Skadeforsikring i alt,347
Forsikring,Skadeforsikring i alt,2017,2,6,Codan,2806988.0,26629166.0,0.10541028584973333,10.541028584973333,Bruttopræmieindtægter,t.DKK,F&P,reported,kvartalsvise-markedsandele-1-2026.xlsx,Skadeforsikring i alt,348
Forsikring,Skadeforsikring i alt,2017,2,6,Alm. Brand,2545265.0,26629166.0,0.0955818518687367,9.55818518687367,Bruttopræmieindtægter,t.DKK,F&P,reported,kvartalsvise-markedsandele-1-2026.xlsx,Skadeforsikring i alt,349
Forsikring,Skadeforsikring i alt,2017,2,6,Gjensidige Forsikring,1882419.0,26629166.0,0.07069012225166947,7.069012225166947,Bruttopræmieindtægter,t.DKK,F&P,reported,kvartalsvise-markedsandele-1-2026.xlsx,Skadeforsikring i alt,350
Forsikring,Skadeforsikring i alt,2017,2,6,Sygeforsikringen Danmark,1544539.0,26629166.0,0.058001778951695296,5.800177895169529,Bruttopræmieindtægter,t.DKK,F&P,reported,kvartalsvise-markedsandele-1-2026.xlsx,Skadeforsikring i alt,351
Forsikring,Skadeforsikring i alt,2017,2,6,If,1499818.0,26629166.0,0.05632237975458938,5.6322379754589385,Bruttopræmieindtægter,t.DKK,F&P,reported,kvartalsvise-markedsandele-1-2026.xlsx,Skadeforsikring i alt,352
Forsikring,Skadeforsikring i alt,2017,2,6,LB Forsikring,1309815.0,26629166.0,0.049187233276475874,4.918723327647587,Bruttopræmieindtægter,t.DKK,F&P,reported,kvartalsvise-markedsandele-1-2026.xlsx,Skadeforsikring i alt,353
Forsikring,Skadeforsikring i alt,2017,2,6,Alka,1086324.0,26629166.0,0.04079451831123813,4.079451831123813,Bruttopræmieindtægter,t.DKK,F&P,reported,kvartalsvise-markedsandele-1-2026.xlsx,Skadeforsikring i alt,354
Forsikring,Skadeforsikring i alt,2017,2,6,GF-Forsikring,894265.0,26629166.0,0.03358216325663372,3.358216325663372,Bruttopræmieindtægter,t.DKK,F&P,reported,kvartalsvise-markedsandele-1-2026.xlsx,Skadeforsikring i alt,355
Forsikring,Skadeforsikring i alt,2017,2,6,PFA Pension,871572.0,26629166.0,0.03272997734889632,3.272997734889632,Bruttopræmieindtægter,t.DKK,F&P,reported,kvartalsvise-markedsandele-1-2026.xlsx,Skadeforsikring i alt,356
Forsikring,Skadeforsikring i alt,2017,2,6,Danica Pension,611695.0,26629166.0,0.022970865854379366,2.2970865854379365,Bruttopræmieindtægter,t.DKK,F&P,reported,kvartalsvise-markedsandele-1-2026.xlsx,Skadeforsikring i alt,357
Forsikring,Skadeforsikring i alt,2017,2,6,Købstædernes Forsikring,487939.0,26629166.0,0.018323480352332475,1.8323480352332475,Bruttopræmieindtægter,t.DKK,F&P,reported,kvartalsvise-markedsandele-1-2026.xlsx,Skadeforsikring i alt,358
Forsikring,Skadeforsikring i alt,2017,2,6,Himmerland Forsikring,194202.0,26629166.0,0.007292830725528543,0.7292830725528543,Bruttopræmieindtægter,t.DKK,F&P,reported,kvartalsvise-markedsandele-1-2026.xlsx,Skadeforsikring i alt,359
Forsikring,Skadeforsikring i alt,2017,2,6,Sønderjysk Forsikring,172621.0,26629166.0,0.006482403542041084,0.6482403542041084,Bruttopræmieindtægter,t.DKK,F&P,reported,kvartalsvise-markedsandele-1-2026.xlsx,Skadeforsikring i alt,360
Forsikring,Skadeforsikring i alt,2017,2,6,Thisted Forsikring,159319.0,26629166.0,0.005982876069043995,0.5982876069043995,Bruttopræmieindtægter,t.DKK,F&P,reported,kvartalsvise-markedsandele-1-2026.xlsx,Skadeforsikring i alt,361
Forsikring,Skadeforsikring i alt,2017,2,6,Lokal Forsikring,141846.0,26629166.0,0.005326715827300037,0.5326715827300037,Bruttopræmieindtægter,t.DKK,F&P,reported,kvartalsvise-markedsandele-1-2026.xlsx,Skadeforsikring i alt,362
Forsikring,Skadeforsikring i alt,2017,2,6,PenSam Forsikring,137755.0,26629166.0,0.00517308728331935,0.517308728331935,Bruttopræmieindtægter,t.DKK,F&P,reported,kvartalsvise-markedsandele-1-2026.xlsx,Skadeforsikring i alt,363
Forsikring,Skadeforsikring i alt,2017,2,6,HDI-Gerling Forsikring,75989.0,26629166.0,0.0028536004469685607,0.28536004469685605,Bruttopræmieindtægter,t.DKK,F&P,reported,kvartalsvise-markedsandele-1-2026.xlsx,Skadeforsikring i alt,364
Forsikring,Skadeforsikring i alt,2017,2,6,Vestjylland Forsikring,126868.0,26629166.0,0.004764249845451412,0.4764249845451412,Bruttopræmieindtægter,t.DKK,F&P,reported,kvartalsvise-markedsandele-1-2026.xlsx,Skadeforsikring i alt,365
Forsikring,Skadeforsikring i alt,2017,2,6,Nem Forsikring,125126.0,26629166.0,0.004698832851167776,0.4698832851167776,Bruttopræmieindtægter,t.DKK,F&P,reported,kvartalsvise-markedsandele-1-2026.xlsx,Skadeforsikring i alt,366
Forsikring,Skadeforsikring i alt,2017,2,6,Popermo Forsikring,107107.0,26629166.0,0.004022168775394618,0.4022168775394618,Bruttopræmieindtægter,t.DKK,F&P,reported,kvartalsvise-markedsandele-1-2026.xlsx,Skadeforsikring i alt,367
Forsikring,Skadeforsikring i alt,2017,2,6,PensionDanmark,94548.0,26629166.0,0.0035505430399134542,0.3550543039913454,Bruttopræmieindtægter,t.DKK,F&P,reported,kvartalsvise-markedsandele-1-2026.xlsx,Skadeforsikring i alt,368
Forsikring,Skadeforsikring i alt,2017,2,6,Aros Forsikring,79565.0,26629166.0,0.0029878892940169437,0.2987889294016944,Bruttopræmieindtægter,t.DKK,F&P,reported,kvartalsvise-markedsandele-1-2026.xlsx,Skadeforsikring i alt,369
Forsikring,Skadeforsikring i alt,2017,2,6,Gartnernes Forsikring,78454.0,26629166.0,0.0029461681225765764,0.2946168122576576,Bruttopræmieindtægter,t.DKK,F&P,reported,kvartalsvise-markedsandele-1-2026.xlsx,Skadeforsikring i alt,370
Forsikring,Skadeforsikring i alt,2017,2,6,Dansk Boligforsikring,65611.0,26629166.0,0.002463877389175463,0.24638773891754628,Bruttopræmieindtægter,t.DKK,F&P,reported,kvartalsvise-markedsandele-1-2026.xlsx,Skadeforsikring i alt,371
Forsikring,Skadeforsikring i alt,2017,2,6,Skandia,67016.0,26629166.0,0.002516639086631553,0.2516639086631553,Bruttopræmieindtægter,t.DKK,F&P,reported,kvartalsvise-markedsandele-1-2026.xlsx,Skadeforsikring i alt,372
Forsikring,Skadeforsikring i alt,2017,2,6,Forsikringsselskabet Nærsikring,58029.0,26629166.0,0.002179151986960463,0.21791519869604628,Bruttopræmieindtægter,t.DKK,F&P,reported,kvartalsvise-markedsandele-1-2026.xlsx,Skadeforsikring i alt,373
Forsikring,Skadeforsikring i alt,2017,2,6,Bornholms Brandforsikring,55656.0,26629166.0,0.0020900391698335575,0.20900391698335574,Bruttopræmieindtægter,t.DKK,F&P,reported,kvartalsvise-markedsandele-1-2026.xlsx,Skadeforsikring i alt,374
Forsikring,Skadeforsikring i alt,2017,2,6,Forsikringsselskabet Vendsyssel,26191.0,26629166.0,0.000983545635638758,0.0983545635638758,Bruttopræmieindtægter,t.DKK,F&P,reported,kvartalsvise-markedsandele-1-2026.xlsx,Skadeforsikring i alt,375
Forsikring,Skadeforsikring i alt,2017,2,6,AXA Forsikring,36675.0,26629166.0,0.0013772492912470485,0.13772492912470485,Bruttopræmieindtægter,t.DKK,F&P,reported,kvartalsvise-markedsandele-1-2026.xlsx,Skadeforsikring i alt,376
Forsikring,Skadeforsikring i alt,2017,2,6,HF Forsikring,20780.0,26629166.0,0.0007803473830160508,0.07803473830160508,Bruttopræmieindtægter,t.DKK,F&P,reported,kvartalsvise-markedsandele-1-2026.xlsx,Skadeforsikring i alt,377
Forsikring,Skadeforsikring i alt,2017,2,6,Forsikringsselskabet TRAFIK,22295.0,26629166.0,0.0008372398895256426,0.08372398895256426,Bruttopræmieindtægter,t.DKK,F&P,reported,kvartalsvise-markedsandele-1-2026.xlsx,Skadeforsikring i alt,378
Forsikring,Skadeforsikring i alt,2017,2,6,"Ulykkesforsikringsforbundet for 
dansk Fiskeri",5547.0,26629166.0,0.0002083054347252182,0.02083054347252182,Bruttopræmieindtægter,t.DKK,F&P,reported,kvartalsvise-markedsandele-1-2026.xlsx,Skadeforsikring i alt,379
Forsikring,Skadeforsikring i alt,2017,2,6,Dansk Musiker Forbund Forsikring,3557.0,26629166.0,0.00013357534366641448,0.013357534366641447,Bruttopræmieindtægter,t.DKK,F&P,reported,kvartalsvise-markedsandele-1-2026.xlsx,Skadeforsikring i alt,380
Forsikring,Skadeforsikring i alt,2017,3,9,Tryg,7164317.0,40184709.0,0.17828465548923098,17.8284655489231,Bruttopræmieindtægter,t.DKK,F&P,reported,kvartalsvise-markedsandele-1-2026.xlsx,Skadeforsikring i alt,346
Forsikring,Skadeforsikring i alt,2017,3,9,Topdanmark,6739548.0,40184709.0,0.16771424175300112,16.771424175300112,Bruttopræmieindtægter,t.DKK,F&P,reported,kvartalsvise-markedsandele-1-2026.xlsx,Skadeforsikring i alt,347
Forsikring,Skadeforsikring i alt,2017,3,9,Codan,4210381.0,40184709.0,0.10477569963241491,10.477569963241491,Bruttopræmieindtægter,t.DKK,F&P,reported,kvartalsvise-markedsandele-1-2026.xlsx,Skadeforsikring i alt,348
Forsikring,Skadeforsikring i alt,2017,3,9,Alm. Brand,3846320.0,40184709.0,0.09571600978869849,9.57160097886985,Bruttopræmieindtægter,t.DKK,F&P,reported,kvartalsvise-markedsandele-1-2026.xlsx,Skadeforsikring i alt,349
Forsikring,Skadeforsikring i alt,2017,3,9,Gjensidige Forsikring,2912538.0,40184709.0,0.07247876300410686,7.247876300410685,Bruttopræmieindtægter,t.DKK,F&P,reported,kvartalsvise-markedsandele-1-2026.xlsx,Skadeforsikring i alt,350
Forsikring,Skadeforsikring i alt,2017,3,9,Sygeforsikringen Danmark,2321517.0,40184709.0,0.05777115369928398,5.7771153699283975,Bruttopræmieindtægter,t.DKK,F&P,reported,kvartalsvise-markedsandele-1-2026.xlsx,Skadeforsikring i alt,351
Forsikring,Skadeforsikring i alt,2017,3,9,If,2264085.0,40184709.0,0.05634195335345094,5.634195335345094,Bruttopræmieindtægter,t.DKK,F&P,reported,kvartalsvise-markedsandele-1-2026.xlsx,Skadeforsikring i alt,352
Forsikring,Skadeforsikring i alt,2017,3,9,LB Forsikring,1993586.0,40184709.0,0.04961056206727788,4.961056206727788,Bruttopræmieindtægter,t.DKK,F&P,reported,kvartalsvise-markedsandele-1-2026.xlsx,Skadeforsikring i alt,353
Forsikring,Skadeforsikring i alt,2017,3,9,Alka,1623759.0,40184709.0,0.04040738480898294,4.040738480898294,Bruttopræmieindtægter,t.DKK,F&P,reported,kvartalsvise-markedsandele-1-2026.xlsx,Skadeforsikring i alt,354
Forsikring,Skadeforsikring i alt,2017,3,9,GF-Forsikring,1356983.0,40184709.0,0.03376864070360694,3.376864070360694,Bruttopræmieindtægter,t.DKK,F&P,reported,kvartalsvise-markedsandele-1-2026.xlsx,Skadeforsikring i alt,355
Forsikring,Skadeforsikring i alt,2017,3,9,PFA Pension,1262295.0,40184709.0,0.03141232153752812,3.141232153752812,Bruttopræmieindtægter,t.DKK,F&P,reported,kvartalsvise-markedsandele-1-2026.xlsx,Skadeforsikring i alt,356
Forsikring,Skadeforsikring i alt,2017,3,9,Danica Pension,942478.0,40184709.0,0.02345364750557233,2.3453647505572333,Bruttopræmieindtægter,t.DKK,F&P,reported,kvartalsvise-markedsandele-1-2026.xlsx,Skadeforsikring i alt,357
Forsikring,Skadeforsikring i alt,2017,3,9,Købstædernes Forsikring,744104.0,40184709.0,0.018517093156006182,1.8517093156006181,Bruttopræmieindtægter,t.DKK,F&P,reported,kvartalsvise-markedsandele-1-2026.xlsx,Skadeforsikring i alt,358
Forsikring,Skadeforsikring i alt,2017,3,9,Himmerland Forsikring,293787.0,40184709.0,0.007310915204089196,0.7310915204089197,Bruttopræmieindtægter,t.DKK,F&P,reported,kvartalsvise-markedsandele-1-2026.xlsx,Skadeforsikring i alt,359
Forsikring,Skadeforsikring i alt,2017,3,9,Sønderjysk Forsikring,263075.0,40184709.0,0.006546644396504153,0.6546644396504153,Bruttopræmieindtægter,t.DKK,F&P,reported,kvartalsvise-markedsandele-1-2026.xlsx,Skadeforsikring i alt,360
Forsikring,Skadeforsikring i alt,2017,3,9,Thisted Forsikring,243833.0,40184709.0,0.006067805542650564,0.6067805542650564,Bruttopræmieindtægter,t.DKK,F&P,reported,kvartalsvise-markedsandele-1-2026.xlsx,Skadeforsikring i alt,361
Forsikring,Skadeforsikring i alt,2017,3,9,Lokal Forsikring,215337.0,40184709.0,0.005358680088986088,0.5358680088986087,Bruttopræmieindtægter,t.DKK,F&P,reported,kvartalsvise-markedsandele-1-2026.xlsx,Skadeforsikring i alt,362
Forsikring,Skadeforsikring i alt,2017,3,9,PenSam Forsikring,210879.0,40184709.0,0.005247742368869711,0.5247742368869711,Bruttopræmieindtægter,t.DKK,F&P,reported,kvartalsvise-markedsandele-1-2026.xlsx,Skadeforsikring i alt,363
Forsikring,Skadeforsikring i alt,2017,3,9,HDI-Gerling Forsikring,110249.0,40184709.0,0.002743556012810744,0.2743556012810744,Bruttopræmieindtægter,t.DKK,F&P,reported,kvartalsvise-markedsandele-1-2026.xlsx,Skadeforsikring i alt,364
Forsikring,Skadeforsikring i alt,2017,3,9,Vestjylland Forsikring,193826.0,40184709.0,0.004823376971573938,0.48233769715739383,Bruttopræmieindtægter,t.DKK,F&P,reported,kvartalsvise-markedsandele-1-2026.xlsx,Skadeforsikring i alt,365
Forsikring,Skadeforsikring i alt,2017,3,9,Nem Forsikring,190496.0,40184709.0,0.004740509630168033,0.4740509630168033,Bruttopræmieindtægter,t.DKK,F&P,reported,kvartalsvise-markedsandele-1-2026.xlsx,Skadeforsikring i alt,366
Forsikring,Skadeforsikring i alt,2017,3,9,Popermo Forsikring,161945.0,40184709.0,0.004030015496690544,0.40300154966905444,Bruttopræmieindtægter,t.DKK,F&P,reported,kvartalsvise-markedsandele-1-2026.xlsx,Skadeforsikring i alt,367
Forsikring,Skadeforsikring i alt,2017,3,9,PensionDanmark,142708.0,40184709.0,0.003551301068274502,0.3551301068274502,Bruttopræmieindtægter,t.DKK,F&P,reported,kvartalsvise-markedsandele-1-2026.xlsx,Skadeforsikring i alt,368
Forsikring,Skadeforsikring i alt,2017,3,9,Aros Forsikring,120868.0,40184709.0,0.0030078107570718003,0.30078107570718005,Bruttopræmieindtægter,t.DKK,F&P,reported,kvartalsvise-markedsandele-1-2026.xlsx,Skadeforsikring i alt,369
Forsikring,Skadeforsikring i alt,2017,3,9,Gartnernes Forsikring,116184.0,40184709.0,0.0028912490071783276,0.28912490071783276,Bruttopræmieindtægter,t.DKK,F&P,reported,kvartalsvise-markedsandele-1-2026.xlsx,Skadeforsikring i alt,370
Forsikring,Skadeforsikring i alt,2017,3,9,Dansk Boligforsikring,106084.0,40184709.0,0.002639909623334587,0.2639909623334587,Bruttopræmieindtægter,t.DKK,F&P,reported,kvartalsvise-markedsandele-1-2026.xlsx,Skadeforsikring i alt,371
Forsikring,Skadeforsikring i alt,2017,3,9,Skandia,101460.0,40184709.0,0.002524840978691671,0.2524840978691671,Bruttopræmieindtægter,t.DKK,F&P,reported,kvartalsvise-markedsandele-1-2026.xlsx,Skadeforsikring i alt,372
Forsikring,Skadeforsikring i alt,2017,3,9,Forsikringsselskabet Nærsikring,87297.0,40184709.0,0.002172393484297721,0.2172393484297721,Bruttopræmieindtægter,t.DKK,F&P,reported,kvartalsvise-markedsandele-1-2026.xlsx,Skadeforsikring i alt,373
Forsikring,Skadeforsikring i alt,2017,3,9,Bornholms Brandforsikring,84004.0,40184709.0,0.0020904468911296585,0.20904468911296584,Bruttopræmieindtægter,t.DKK,F&P,reported,kvartalsvise-markedsandele-1-2026.xlsx,Skadeforsikring i alt,374
Forsikring,Skadeforsikring i alt,2017,3,9,Forsikringsselskabet Vendsyssel,39671.0,40184709.0,0.0009872163065806946,0.09872163065806946,Bruttopræmieindtægter,t.DKK,F&P,reported,kvartalsvise-markedsandele-1-2026.xlsx,Skadeforsikring i alt,375
Forsikring,Skadeforsikring i alt,2017,3,9,AXA Forsikring,46948.0,40184709.0,0.001168305088385734,0.11683050883857339,Bruttopræmieindtægter,t.DKK,F&P,reported,kvartalsvise-markedsandele-1-2026.xlsx,Skadeforsikring i alt,376
Forsikring,Skadeforsikring i alt,2017,3,9,HF Forsikring,31268.0,40184709.0,0.0007781069162402046,0.07781069162402046,Bruttopræmieindtægter,t.DKK,F&P,reported,kvartalsvise-markedsandele-1-2026.xlsx,Skadeforsikring i alt,377
Forsikring,Skadeforsikring i alt,2017,3,9,Forsikringsselskabet TRAFIK,29717.0,40184709.0,0.0007395101455133096,0.07395101455133096,Bruttopræmieindtægter,t.DKK,F&P,reported,kvartalsvise-markedsandele-1-2026.xlsx,Skadeforsikring i alt,378
Forsikring,Skadeforsikring i alt,2017,3,9,"Ulykkesforsikringsforbundet for 
dansk Fiskeri",7920.0,40184709.0,0.00019708989307350714,0.019708989307350714,Bruttopræmieindtægter,t.DKK,F&P,reported,kvartalsvise-markedsandele-1-2026.xlsx,Skadeforsikring i alt,379
Forsikring,Skadeforsikring i alt,2017,3,9,Dansk Musiker Forbund Forsikring,5242.0,40184709.0,0.00013044762872365209,0.01304476287236521,Bruttopræmieindtægter,t.DKK,F&P,reported,kvartalsvise-markedsandele-1-2026.xlsx,Skadeforsikring i alt,380
Forsikring,Skadeforsikring i alt,2017,4,12,Tryg,9612460.0,54129704.0,0.17758197975736206,17.758197975736206,Bruttopræmieindtægter,t.DKK,F&P,reported,kvartalsvise-markedsandele-1-2026.xlsx,Skadeforsikring i alt,346
Forsikring,Skadeforsikring i alt,2017,4,12,Topdanmark,8984539.0,54129704.0,0.16598167616065293,16.598167616065293,Bruttopræmieindtægter,t.DKK,F&P,reported,kvartalsvise-markedsandele-1-2026.xlsx,Skadeforsikring i alt,347
Forsikring,Skadeforsikring i alt,2017,4,12,Codan,5671003.0,54129704.0,0.10476693166472885,10.476693166472884,Bruttopræmieindtægter,t.DKK,F&P,reported,kvartalsvise-markedsandele-1-2026.xlsx,Skadeforsikring i alt,348
Forsikring,Skadeforsikring i alt,2017,4,12,Alm. Brand,5156968.0,54129704.0,0.09527057454443127,9.527057454443128,Bruttopræmieindtægter,t.DKK,F&P,reported,kvartalsvise-markedsandele-1-2026.xlsx,Skadeforsikring i alt,349
Forsikring,Skadeforsikring i alt,2017,4,12,Gjensidige Forsikring,3935293.0,54129704.0,0.0727011734629105,7.27011734629105,Bruttopræmieindtægter,t.DKK,F&P,reported,kvartalsvise-markedsandele-1-2026.xlsx,Skadeforsikring i alt,350
Forsikring,Skadeforsikring i alt,2017,4,12,Sygeforsikringen Danmark,3104804.0,54129704.0,0.05735859926372404,5.735859926372404,Bruttopræmieindtægter,t.DKK,F&P,reported,kvartalsvise-markedsandele-1-2026.xlsx,Skadeforsikring i alt,351
Forsikring,Skadeforsikring i alt,2017,4,12,If,3041187.0,54129704.0,0.05618332958185029,5.618332958185029,Bruttopræmieindtægter,t.DKK,F&P,reported,kvartalsvise-markedsandele-1-2026.xlsx,Skadeforsikring i alt,352
Forsikring,Skadeforsikring i alt,2017,4,12,LB Forsikring,2853672.0,54129704.0,0.05271915028391804,5.271915028391804,Bruttopræmieindtægter,t.DKK,F&P,reported,kvartalsvise-markedsandele-1-2026.xlsx,Skadeforsikring i alt,353
Forsikring,Skadeforsikring i alt,2017,4,12,Alka,2170950.0,54129704.0,0.04010644506757325,4.010644506757325,Bruttopræmieindtægter,t.DKK,F&P,reported,kvartalsvise-markedsandele-1-2026.xlsx,Skadeforsikring i alt,354
Forsikring,Skadeforsikring i alt,2017,4,12,GF-Forsikring,1824190.0,54129704.0,0.03370035055059603,3.370035055059603,Bruttopræmieindtægter,t.DKK,F&P,reported,kvartalsvise-markedsandele-1-2026.xlsx,Skadeforsikring i alt,355
Forsikring,Skadeforsikring i alt,2017,4,12,PFA Pension,1653818.0,54129704.0,0.030552873520239457,3.055287352023946,Bruttopræmieindtægter,t.DKK,F&P,reported,kvartalsvise-markedsandele-1-2026.xlsx,Skadeforsikring i alt,356
Forsikring,Skadeforsikring i alt,2017,4,12,Danica Pension,1242145.0,54129704.0,0.022947566829480535,2.2947566829480537,Bruttopræmieindtægter,t.DKK,F&P,reported,kvartalsvise-markedsandele-1-2026.xlsx,Skadeforsikring i alt,357
Forsikring,Skadeforsikring i alt,2017,4,12,Købstædernes Forsikring,998975.0,54129704.0,0.018455208992090553,1.8455208992090553,Bruttopræmieindtægter,t.DKK,F&P,reported,kvartalsvise-markedsandele-1-2026.xlsx,Skadeforsikring i alt,358
Forsikring,Skadeforsikring i alt,2017,4,12,Himmerland Forsikring,393306.0,54129704.0,0.0072659920697146245,0.7265992069714624,Bruttopræmieindtægter,t.DKK,F&P,reported,kvartalsvise-markedsandele-1-2026.xlsx,Skadeforsikring i alt,359
Forsikring,Skadeforsikring i alt,2017,4,12,Sønderjysk Forsikring,356092.0,54129704.0,0.0065784952380304905,0.6578495238030491,Bruttopræmieindtægter,t.DKK,F&P,reported,kvartalsvise-markedsandele-1-2026.xlsx,Skadeforsikring i alt,360
Forsikring,Skadeforsikring i alt,2017,4,12,Thisted Forsikring,333213.0,54129704.0,0.006155825274788127,0.6155825274788127,Bruttopræmieindtægter,t.DKK,F&P,reported,kvartalsvise-markedsandele-1-2026.xlsx,Skadeforsikring i alt,361
Forsikring,Skadeforsikring i alt,2017,4,12,Lokal Forsikring,289249.0,54129704.0,0.005343627964416728,0.5343627964416728,Bruttopræmieindtægter,t.DKK,F&P,reported,kvartalsvise-markedsandele-1-2026.xlsx,Skadeforsikring i alt,362
Forsikring,Skadeforsikring i alt,2017,4,12,PenSam Forsikring,283108.0,54129704.0,0.005230178240028802,0.5230178240028802,Bruttopræmieindtægter,t.DKK,F&P,reported,kvartalsvise-markedsandele-1-2026.xlsx,Skadeforsikring i alt,363
Forsikring,Skadeforsikring i alt,2017,4,12,HDI-Gerling Forsikring,282125.0,54129704.0,0.005212018155502939,0.5212018155502939,Bruttopræmieindtægter,t.DKK,F&P,reported,kvartalsvise-markedsandele-1-2026.xlsx,Skadeforsikring i alt,364
Forsikring,Skadeforsikring i alt,2017,4,12,Vestjylland Forsikring,262304.0,54129704.0,0.004845842127642154,0.4845842127642154,Bruttopræmieindtægter,t.DKK,F&P,reported,kvartalsvise-markedsandele-1-2026.xlsx,Skadeforsikring i alt,365
Forsikring,Skadeforsikring i alt,2017,4,12,Nem Forsikring,256612.0,54129704.0,0.0047406872943550555,0.47406872943550554,Bruttopræmieindtægter,t.DKK,F&P,reported,kvartalsvise-markedsandele-1-2026.xlsx,Skadeforsikring i alt,366
Forsikring,Skadeforsikring i alt,2017,4,12,Popermo Forsikring,216180.0,54129704.0,0.003993740664090829,0.3993740664090829,Bruttopræmieindtægter,t.DKK,F&P,reported,kvartalsvise-markedsandele-1-2026.xlsx,Skadeforsikring i alt,367
Forsikring,Skadeforsikring i alt,2017,4,12,PensionDanmark,192670.0,54129704.0,0.0035594135153593303,0.35594135153593304,Bruttopræmieindtægter,t.DKK,F&P,reported,kvartalsvise-markedsandele-1-2026.xlsx,Skadeforsikring i alt,368
Forsikring,Skadeforsikring i alt,2017,4,12,Aros Forsikring,162089.0,54129704.0,0.002994455687398549,0.2994455687398549,Bruttopræmieindtægter,t.DKK,F&P,reported,kvartalsvise-markedsandele-1-2026.xlsx,Skadeforsikring i alt,369
Forsikring,Skadeforsikring i alt,2017,4,12,Gartnernes Forsikring,152480.0,54129704.0,0.002816937628182855,0.2816937628182855,Bruttopræmieindtægter,t.DKK,F&P,reported,kvartalsvise-markedsandele-1-2026.xlsx,Skadeforsikring i alt,370
Forsikring,Skadeforsikring i alt,2017,4,12,Dansk Boligforsikring,149715.0,54129704.0,0.002765856617283553,0.2765856617283553,Bruttopræmieindtægter,t.DKK,F&P,reported,kvartalsvise-markedsandele-1-2026.xlsx,Skadeforsikring i alt,371
Forsikring,Skadeforsikring i alt,2017,4,12,Skandia,128441.0,54129704.0,0.0023728376567512728,0.23728376567512727,Bruttopræmieindtægter,t.DKK,F&P,reported,kvartalsvise-markedsandele-1-2026.xlsx,Skadeforsikring i alt,372
Forsikring,Skadeforsikring i alt,2017,4,12,Forsikringsselskabet Nærsikring,117497.0,54129704.0,0.002170656613972986,0.2170656613972986,Bruttopræmieindtægter,t.DKK,F&P,reported,kvartalsvise-markedsandele-1-2026.xlsx,Skadeforsikring i alt,373
Forsikring,Skadeforsikring i alt,2017,4,12,Bornholms Brandforsikring,112478.0,54129704.0,0.0020779348802646325,0.20779348802646325,Bruttopræmieindtægter,t.DKK,F&P,reported,kvartalsvise-markedsandele-1-2026.xlsx,Skadeforsikring i alt,374
Forsikring,Skadeforsikring i alt,2017,4,12,Forsikringsselskabet Vendsyssel,53255.0,54129704.0,0.0009838405914800495,0.09838405914800495,Bruttopræmieindtægter,t.DKK,F&P,reported,kvartalsvise-markedsandele-1-2026.xlsx,Skadeforsikring i alt,375
Forsikring,Skadeforsikring i alt,2017,4,12,AXA Forsikring,49866.0,54129704.0,0.0009212317141065468,0.09212317141065468,Bruttopræmieindtægter,t.DKK,F&P,reported,kvartalsvise-markedsandele-1-2026.xlsx,Skadeforsikring i alt,376
Forsikring,Skadeforsikring i alt,2017,4,12,HF Forsikring,41549.0,54129704.0,0.0007675822502188446,0.07675822502188447,Bruttopræmieindtægter,t.DKK,F&P,reported,kvartalsvise-markedsandele-1-2026.xlsx,Skadeforsikring i alt,377
Forsikring,Skadeforsikring i alt,2017,4,12,Forsikringsselskabet TRAFIK,29717.0,54129704.0,0.000548996166688811,0.0548996166688811,Bruttopræmieindtægter,t.DKK,F&P,reported,kvartalsvise-markedsandele-1-2026.xlsx,Skadeforsikring i alt,378
Forsikring,Skadeforsikring i alt,2017,4,12,"Ulykkesforsikringsforbundet for 
dansk Fiskeri",10804.0,54129704.0,0.0001995946624795879,0.01995946624795879,Bruttopræmieindtægter,t.DKK,F&P,reported,kvartalsvise-markedsandele-1-2026.xlsx,Skadeforsikring i alt,379
Forsikring,Skadeforsikring i alt,2017,4,12,Dansk Musiker Forbund Forsikring,6950.0,54129704.0,0.0001283953076854069,0.01283953076854069,Bruttopræmieindtægter,t.DKK,F&P,reported,kvartalsvise-markedsandele-1-2026.xlsx,Skadeforsikring i alt,380
Forsikring,Skadeforsikring i alt,2016,1,3,Tryg,2334454.0,13147004.0,0.17756547423276056,17.756547423276057,Bruttopræmieindtægter,t.DKK,F&P,reported,kvartalsvise-markedsandele-1-2026.xlsx,Skadeforsikring i alt,385
Forsikring,Skadeforsikring i alt,2016,1,3,Topdanmark,2201689.0,13147004.0,0.16746697574595704,16.746697574595704,Bruttopræmieindtægter,t.DKK,F&P,reported,kvartalsvise-markedsandele-1-2026.xlsx,Skadeforsikring i alt,386
Forsikring,Skadeforsikring i alt,2016,1,3,Codan,1452869.0,13147004.0,0.11050951228127716,11.050951228127715,Bruttopræmieindtægter,t.DKK,F&P,reported,kvartalsvise-markedsandele-1-2026.xlsx,Skadeforsikring i alt,387
Forsikring,Skadeforsikring i alt,2016,1,3,Alm. Brand,1244513.0,13147004.0,0.09466133881148892,9.466133881148892,Bruttopræmieindtægter,t.DKK,F&P,reported,kvartalsvise-markedsandele-1-2026.xlsx,Skadeforsikring i alt,388
Forsikring,Skadeforsikring i alt,2016,1,3,Gjensidige Forsikring,906188.0,13147004.0,0.06892733888268385,6.892733888268385,Bruttopræmieindtægter,t.DKK,F&P,reported,kvartalsvise-markedsandele-1-2026.xlsx,Skadeforsikring i alt,389
Forsikring,Skadeforsikring i alt,2016,1,3,Sygeforsikringen Danmark,747879.0,13147004.0,0.05688588822213791,5.688588822213791,Bruttopræmieindtægter,t.DKK,F&P,reported,kvartalsvise-markedsandele-1-2026.xlsx,Skadeforsikring i alt,390
Forsikring,Skadeforsikring i alt,2016,1,3,If,743830.0,13147004.0,0.05657790930922361,5.657790930922361,Bruttopræmieindtægter,t.DKK,F&P,reported,kvartalsvise-markedsandele-1-2026.xlsx,Skadeforsikring i alt,391
Forsikring,Skadeforsikring i alt,2016,1,3,LB Forsikring,672896.0,13147004.0,0.051182459517012384,5.118245951701239,Bruttopræmieindtægter,t.DKK,F&P,reported,kvartalsvise-markedsandele-1-2026.xlsx,Skadeforsikring i alt,392
Forsikring,Skadeforsikring i alt,2016,1,3,Alka,521372.0,13147004.0,0.03965709601974716,3.965709601974716,Bruttopræmieindtægter,t.DKK,F&P,reported,kvartalsvise-markedsandele-1-2026.xlsx,Skadeforsikring i alt,393
Forsikring,Skadeforsikring i alt,2016,1,3,GF-Forsikring,423652.0,13147004.0,0.032224223861193016,3.2224223861193018,Bruttopræmieindtægter,t.DKK,F&P,reported,kvartalsvise-markedsandele-1-2026.xlsx,Skadeforsikring i alt,394
Forsikring,Skadeforsikring i alt,2016,1,3,PFA Pension,386554.0,13147004.0,0.029402440282211825,2.9402440282211826,Bruttopræmieindtægter,t.DKK,F&P,reported,kvartalsvise-markedsandele-1-2026.xlsx,Skadeforsikring i alt,395
Forsikring,Skadeforsikring i alt,2016,1,3,Danica Pension,342887.0,13147004.0,0.02608099913866307,2.6080999138663072,Bruttopræmieindtægter,t.DKK,F&P,reported,kvartalsvise-markedsandele-1-2026.xlsx,Skadeforsikring i alt,396
Forsikring,Skadeforsikring i alt,2016,1,3,Købstædernes Forsikring,199198.0,13147004.0,0.015151588909534063,1.5151588909534064,Bruttopræmieindtægter,t.DKK,F&P,reported,kvartalsvise-markedsandele-1-2026.xlsx,Skadeforsikring i alt,397
Forsikring,Skadeforsikring i alt,2016,1,3,Himmerland Forsikring,94008.0,13147004.0,0.007150526462150616,0.7150526462150616,Bruttopræmieindtægter,t.DKK,F&P,reported,kvartalsvise-markedsandele-1-2026.xlsx,Skadeforsikring i alt,398
Forsikring,Skadeforsikring i alt,2016,1,3,Sønderjysk Forsikring,78353.0,13147004.0,0.00595976087023325,0.5959760870233249,Bruttopræmieindtægter,t.DKK,F&P,reported,kvartalsvise-markedsandele-1-2026.xlsx,Skadeforsikring i alt,399
Forsikring,Skadeforsikring i alt,2016,1,3,Thisted Forsikring,75468.0,13147004.0,0.00574031923927307,0.574031923927307,Bruttopræmieindtægter,t.DKK,F&P,reported,kvartalsvise-markedsandele-1-2026.xlsx,Skadeforsikring i alt,400
Forsikring,Skadeforsikring i alt,2016,1,3,Lokal Forsikring,67278.0,13147004.0,0.005117363621399978,0.5117363621399978,Bruttopræmieindtægter,t.DKK,F&P,reported,kvartalsvise-markedsandele-1-2026.xlsx,Skadeforsikring i alt,401
Forsikring,Skadeforsikring i alt,2016,1,3,PenSam Forsikring,66510.0,13147004.0,0.005058947270419938,0.5058947270419938,Bruttopræmieindtægter,t.DKK,F&P,reported,kvartalsvise-markedsandele-1-2026.xlsx,Skadeforsikring i alt,402
Forsikring,Skadeforsikring i alt,2016,1,3,Vestjylland Forsikring,59712.0,13147004.0,0.004541871288698171,0.45418712886981705,Bruttopræmieindtægter,t.DKK,F&P,reported,kvartalsvise-markedsandele-1-2026.xlsx,Skadeforsikring i alt,403
Forsikring,Skadeforsikring i alt,2016,1,3,HDI-Gerling Forsikring,110830.0,13147004.0,0.008430057524893123,0.8430057524893123,Bruttopræmieindtægter,t.DKK,F&P,reported,kvartalsvise-markedsandele-1-2026.xlsx,Skadeforsikring i alt,404
Forsikring,Skadeforsikring i alt,2016,1,3,Nem Forsikring,49675.0,13147004.0,0.003778427389236361,0.3778427389236361,Bruttopræmieindtægter,t.DKK,F&P,reported,kvartalsvise-markedsandele-1-2026.xlsx,Skadeforsikring i alt,405
Forsikring,Skadeforsikring i alt,2016,1,3,Popermo Forsikring,51328.0,13147004.0,0.003904159457166058,0.3904159457166058,Bruttopræmieindtægter,t.DKK,F&P,reported,kvartalsvise-markedsandele-1-2026.xlsx,Skadeforsikring i alt,406
Forsikring,Skadeforsikring i alt,2016,1,3,PensionDanmark,44787.0,13147004.0,0.0034066316553946433,0.34066316553946435,Bruttopræmieindtægter,t.DKK,F&P,reported,kvartalsvise-markedsandele-1-2026.xlsx,Skadeforsikring i alt,407
Forsikring,Skadeforsikring i alt,2016,1,3,Aros Forsikring,38547.0,13147004.0,0.0029319988036818124,0.29319988036818123,Bruttopræmieindtægter,t.DKK,F&P,reported,kvartalsvise-markedsandele-1-2026.xlsx,Skadeforsikring i alt,408
Forsikring,Skadeforsikring i alt,2016,1,3,Gartnernes Forsikring,38819.0,13147004.0,0.0029526879279872433,0.2952687927987243,Bruttopræmieindtægter,t.DKK,F&P,reported,kvartalsvise-markedsandele-1-2026.xlsx,Skadeforsikring i alt,409
Forsikring,Skadeforsikring i alt,2016,1,3,Skandia,36187.0,13147004.0,0.0027524902251493955,0.27524902251493955,Bruttopræmieindtægter,t.DKK,F&P,reported,kvartalsvise-markedsandele-1-2026.xlsx,Skadeforsikring i alt,410
Forsikring,Skadeforsikring i alt,2016,1,3,Forsikringsselskabet Nærsikring,28749.0,13147004.0,0.0021867339509442606,0.21867339509442607,Bruttopræmieindtægter,t.DKK,F&P,reported,kvartalsvise-markedsandele-1-2026.xlsx,Skadeforsikring i alt,411
Forsikring,Skadeforsikring i alt,2016,1,3,Bornholms Brandforsikring,27483.0,13147004.0,0.0020904382473755996,0.20904382473755997,Bruttopræmieindtægter,t.DKK,F&P,reported,kvartalsvise-markedsandele-1-2026.xlsx,Skadeforsikring i alt,412
Forsikring,Skadeforsikring i alt,2016,1,3,Dansk Boligforsikring,19158.0,13147004.0,0.0014572141303067984,0.14572141303067984,Bruttopræmieindtægter,t.DKK,F&P,reported,kvartalsvise-markedsandele-1-2026.xlsx,Skadeforsikring i alt,413
Forsikring,Skadeforsikring i alt,2016,1,3,AXA Forsikring,25277.0,13147004.0,0.0019226433642219932,0.1922643364221993,Bruttopræmieindtægter,t.DKK,F&P,reported,kvartalsvise-markedsandele-1-2026.xlsx,Skadeforsikring i alt,414
Forsikring,Skadeforsikring i alt,2016,1,3,Forsikringsselskabet Vendsyssel,12356.0,13147004.0,0.0009398338967570103,0.09398338967570102,Bruttopræmieindtægter,t.DKK,F&P,reported,kvartalsvise-markedsandele-1-2026.xlsx,Skadeforsikring i alt,415
Forsikring,Skadeforsikring i alt,2016,1,3,Forsikringsselskabet TRAFIK,11450.0,13147004.0,0.0008709208577102433,0.08709208577102433,Bruttopræmieindtægter,t.DKK,F&P,reported,kvartalsvise-markedsandele-1-2026.xlsx,Skadeforsikring i alt,416
Forsikring,Skadeforsikring i alt,2016,1,3,HF Forsikring,10667.0,13147004.0,0.0008113635623751236,0.08113635623751236,Bruttopræmieindtægter,t.DKK,F&P,reported,kvartalsvise-markedsandele-1-2026.xlsx,Skadeforsikring i alt,417
Forsikring,Skadeforsikring i alt,2016,1,3,"Ulykkesforsikringsforbundet for 
dansk Fiskeri",2993.0,13147004.0,0.00022765643031674745,0.022765643031674745,Bruttopræmieindtægter,t.DKK,F&P,reported,kvartalsvise-markedsandele-1-2026.xlsx,Skadeforsikring i alt,418
Forsikring,Skadeforsikring i alt,2016,1,3,Dansk Musiker Forbund Forsikring,1880.0,13147004.0,0.00014299835916989148,0.014299835916989148,Bruttopræmieindtægter,t.DKK,F&P,reported,kvartalsvise-markedsandele-1-2026.xlsx,Skadeforsikring i alt,419
Forsikring,Skadeforsikring i alt,2016,1,3,Husejernes Forsikring,17508.0,13147004.0,0.0013317102512481168,0.1331710251248117,Bruttopræmieindtægter,t.DKK,F&P,reported,kvartalsvise-markedsandele-1-2026.xlsx,Skadeforsikring i alt,420
Forsikring,Skadeforsikring i alt,2016,2,6,Tryg,4675316.0,26291582.0,0.1778255869121911,17.782558691219112,Bruttopræmieindtægter,t.DKK,F&P,reported,kvartalsvise-markedsandele-1-2026.xlsx,Skadeforsikring i alt,385
Forsikring,Skadeforsikring i alt,2016,2,6,Topdanmark,4436144.0,26291582.0,0.1687286828156632,16.87286828156632,Bruttopræmieindtægter,t.DKK,F&P,reported,kvartalsvise-markedsandele-1-2026.xlsx,Skadeforsikring i alt,386
Forsikring,Skadeforsikring i alt,2016,2,6,Codan,2900039.0,26291582.0,0.11030294791694165,11.030294791694164,Bruttopræmieindtægter,t.DKK,F&P,reported,kvartalsvise-markedsandele-1-2026.xlsx,Skadeforsikring i alt,387
Forsikring,Skadeforsikring i alt,2016,2,6,Alm. Brand,2491445.0,26291582.0,0.09476208012131031,9.47620801213103,Bruttopræmieindtægter,t.DKK,F&P,reported,kvartalsvise-markedsandele-1-2026.xlsx,Skadeforsikring i alt,388
Forsikring,Skadeforsikring i alt,2016,2,6,Gjensidige Forsikring,1795444.0,26291582.0,0.06828969059374214,6.828969059374214,Bruttopræmieindtægter,t.DKK,F&P,reported,kvartalsvise-markedsandele-1-2026.xlsx,Skadeforsikring i alt,389
Forsikring,Skadeforsikring i alt,2016,2,6,Sygeforsikringen Danmark,1498455.0,26291582.0,0.056993717608928976,5.699371760892897,Bruttopræmieindtægter,t.DKK,F&P,reported,kvartalsvise-markedsandele-1-2026.xlsx,Skadeforsikring i alt,390
Forsikring,Skadeforsikring i alt,2016,2,6,If,1492376.0,26291582.0,0.05676250291823444,5.676250291823444,Bruttopræmieindtægter,t.DKK,F&P,reported,kvartalsvise-markedsandele-1-2026.xlsx,Skadeforsikring i alt,391
Forsikring,Skadeforsikring i alt,2016,2,6,LB Forsikring,1324988.0,26291582.0,0.05039590238426885,5.039590238426885,Bruttopræmieindtægter,t.DKK,F&P,reported,kvartalsvise-markedsandele-1-2026.xlsx,Skadeforsikring i alt,392
Forsikring,Skadeforsikring i alt,2016,2,6,Alka,1050354.0,26291582.0,0.039950201551203726,3.995020155120373,Bruttopræmieindtægter,t.DKK,F&P,reported,kvartalsvise-markedsandele-1-2026.xlsx,Skadeforsikring i alt,393
Forsikring,Skadeforsikring i alt,2016,2,6,GF-Forsikring,852574.0,26291582.0,0.032427641668728795,3.2427641668728793,Bruttopræmieindtægter,t.DKK,F&P,reported,kvartalsvise-markedsandele-1-2026.xlsx,Skadeforsikring i alt,394
Forsikring,Skadeforsikring i alt,2016,2,6,PFA Pension,776589.0,26291582.0,0.029537553122516554,2.9537553122516553,Bruttopræmieindtægter,t.DKK,F&P,reported,kvartalsvise-markedsandele-1-2026.xlsx,Skadeforsikring i alt,395
Forsikring,Skadeforsikring i alt,2016,2,6,Danica Pension,708197.0,26291582.0,0.02693626423849276,2.693626423849276,Bruttopræmieindtægter,t.DKK,F&P,reported,kvartalsvise-markedsandele-1-2026.xlsx,Skadeforsikring i alt,396
Forsikring,Skadeforsikring i alt,2016,2,6,Købstædernes Forsikring,406623.0,26291582.0,0.01546590083472345,1.546590083472345,Bruttopræmieindtægter,t.DKK,F&P,reported,kvartalsvise-markedsandele-1-2026.xlsx,Skadeforsikring i alt,397
Forsikring,Skadeforsikring i alt,2016,2,6,Himmerland Forsikring,190408.0,26291582.0,0.007242165952585128,0.7242165952585128,Bruttopræmieindtægter,t.DKK,F&P,reported,kvartalsvise-markedsandele-1-2026.xlsx,Skadeforsikring i alt,398
Forsikring,Skadeforsikring i alt,2016,2,6,Sønderjysk Forsikring,159081.0,26291582.0,0.0060506438905045725,0.6050643890504572,Bruttopræmieindtægter,t.DKK,F&P,reported,kvartalsvise-markedsandele-1-2026.xlsx,Skadeforsikring i alt,399
Forsikring,Skadeforsikring i alt,2016,2,6,Thisted Forsikring,150911.0,26291582.0,0.005739898040368967,0.5739898040368967,Bruttopræmieindtægter,t.DKK,F&P,reported,kvartalsvise-markedsandele-1-2026.xlsx,Skadeforsikring i alt,400
Forsikring,Skadeforsikring i alt,2016,2,6,Lokal Forsikring,135217.0,26291582.0,0.0051429769422015005,0.51429769422015,Bruttopræmieindtægter,t.DKK,F&P,reported,kvartalsvise-markedsandele-1-2026.xlsx,Skadeforsikring i alt,401
Forsikring,Skadeforsikring i alt,2016,2,6,PenSam Forsikring,131239.0,26291582.0,0.004991673760825804,0.4991673760825804,Bruttopræmieindtægter,t.DKK,F&P,reported,kvartalsvise-markedsandele-1-2026.xlsx,Skadeforsikring i alt,402
Forsikring,Skadeforsikring i alt,2016,2,6,Vestjylland Forsikring,120101.0,26291582.0,0.004568040066968964,0.4568040066968964,Bruttopræmieindtægter,t.DKK,F&P,reported,kvartalsvise-markedsandele-1-2026.xlsx,Skadeforsikring i alt,403
Forsikring,Skadeforsikring i alt,2016,2,6,HDI-Gerling Forsikring,166382.0,26291582.0,0.006328337336262231,0.6328337336262231,Bruttopræmieindtægter,t.DKK,F&P,reported,kvartalsvise-markedsandele-1-2026.xlsx,Skadeforsikring i alt,404
Forsikring,Skadeforsikring i alt,2016,2,6,Nem Forsikring,103811.0,26291582.0,0.003948450116086587,0.39484501160865865,Bruttopræmieindtægter,t.DKK,F&P,reported,kvartalsvise-markedsandele-1-2026.xlsx,Skadeforsikring i alt,405
Forsikring,Skadeforsikring i alt,2016,2,6,Popermo Forsikring,104062.0,26291582.0,0.003957996898018537,0.3957996898018537,Bruttopræmieindtægter,t.DKK,F&P,reported,kvartalsvise-markedsandele-1-2026.xlsx,Skadeforsikring i alt,406
Forsikring,Skadeforsikring i alt,2016,2,6,PensionDanmark,89876.0,26291582.0,0.003418432561418328,0.3418432561418328,Bruttopræmieindtægter,t.DKK,F&P,reported,kvartalsvise-markedsandele-1-2026.xlsx,Skadeforsikring i alt,407
Forsikring,Skadeforsikring i alt,2016,2,6,Aros Forsikring,77170.0,26291582.0,0.0029351600067276285,0.29351600067276284,Bruttopræmieindtægter,t.DKK,F&P,reported,kvartalsvise-markedsandele-1-2026.xlsx,Skadeforsikring i alt,408
Forsikring,Skadeforsikring i alt,2016,2,6,Gartnernes Forsikring,78111.0,26291582.0,0.0029709509302254995,0.29709509302254994,Bruttopræmieindtægter,t.DKK,F&P,reported,kvartalsvise-markedsandele-1-2026.xlsx,Skadeforsikring i alt,409
Forsikring,Skadeforsikring i alt,2016,2,6,Skandia,75761.0,26291582.0,0.002881568708950264,0.2881568708950264,Bruttopræmieindtægter,t.DKK,F&P,reported,kvartalsvise-markedsandele-1-2026.xlsx,Skadeforsikring i alt,410
Forsikring,Skadeforsikring i alt,2016,2,6,Forsikringsselskabet Nærsikring,56718.0,26291582.0,0.0021572684367186425,0.21572684367186426,Bruttopræmieindtægter,t.DKK,F&P,reported,kvartalsvise-markedsandele-1-2026.xlsx,Skadeforsikring i alt,411
Forsikring,Skadeforsikring i alt,2016,2,6,Bornholms Brandforsikring,54647.0,26291582.0,0.002078497977033105,0.2078497977033105,Bruttopræmieindtægter,t.DKK,F&P,reported,kvartalsvise-markedsandele-1-2026.xlsx,Skadeforsikring i alt,412
Forsikring,Skadeforsikring i alt,2016,2,6,Dansk Boligforsikring,38583.0,26291582.0,0.0014675039333882612,0.1467503933388261,Bruttopræmieindtægter,t.DKK,F&P,reported,kvartalsvise-markedsandele-1-2026.xlsx,Skadeforsikring i alt,413
Forsikring,Skadeforsikring i alt,2016,2,6,AXA Forsikring,35484.0,26291582.0,0.0013496335062682802,0.13496335062682802,Bruttopræmieindtægter,t.DKK,F&P,reported,kvartalsvise-markedsandele-1-2026.xlsx,Skadeforsikring i alt,414
Forsikring,Skadeforsikring i alt,2016,2,6,Forsikringsselskabet Vendsyssel,25163.0,26291582.0,0.0009570743974250009,0.0957074397425001,Bruttopræmieindtægter,t.DKK,F&P,reported,kvartalsvise-markedsandele-1-2026.xlsx,Skadeforsikring i alt,415
Forsikring,Skadeforsikring i alt,2016,2,6,Forsikringsselskabet TRAFIK,22700.0,26291582.0,0.0008633942225309987,0.08633942225309987,Bruttopræmieindtægter,t.DKK,F&P,reported,kvartalsvise-markedsandele-1-2026.xlsx,Skadeforsikring i alt,416
Forsikring,Skadeforsikring i alt,2016,2,6,HF Forsikring,21312.0,26291582.0,0.0008106016594969447,0.08106016594969447,Bruttopræmieindtægter,t.DKK,F&P,reported,kvartalsvise-markedsandele-1-2026.xlsx,Skadeforsikring i alt,417
Forsikring,Skadeforsikring i alt,2016,2,6,"Ulykkesforsikringsforbundet for 
dansk Fiskeri",5707.0,26291582.0,0.00021706567524160396,0.021706567524160395,Bruttopræmieindtægter,t.DKK,F&P,reported,kvartalsvise-markedsandele-1-2026.xlsx,Skadeforsikring i alt,418
Forsikring,Skadeforsikring i alt,2016,2,6,Dansk Musiker Forbund Forsikring,3572.0,26291582.0,0.00013586097633835802,0.013586097633835802,Bruttopræmieindtægter,t.DKK,F&P,reported,kvartalsvise-markedsandele-1-2026.xlsx,Skadeforsikring i alt,419
Forsikring,Skadeforsikring i alt,2016,2,6,Husejernes Forsikring,37022.0,26291582.0,0.0014081313174688385,0.14081313174688384,Bruttopræmieindtægter,t.DKK,F&P,reported,kvartalsvise-markedsandele-1-2026.xlsx,Skadeforsikring i alt,420
Forsikring,Skadeforsikring i alt,2016,3,9,Tryg,7066529.0,39761918.0,0.17772102945335785,17.772102945335785,Bruttopræmieindtægter,t.DKK,F&P,reported,kvartalsvise-markedsandele-1-2026.xlsx,Skadeforsikring i alt,385
Forsikring,Skadeforsikring i alt,2016,3,9,Topdanmark,6671902.0,39761918.0,0.16779628185944148,16.779628185944148,Bruttopræmieindtægter,t.DKK,F&P,reported,kvartalsvise-markedsandele-1-2026.xlsx,Skadeforsikring i alt,386
Forsikring,Skadeforsikring i alt,2016,3,9,Codan,4339084.0,39761918.0,0.10912662714107503,10.912662714107503,Bruttopræmieindtægter,t.DKK,F&P,reported,kvartalsvise-markedsandele-1-2026.xlsx,Skadeforsikring i alt,387
Forsikring,Skadeforsikring i alt,2016,3,9,Alm. Brand,3758599.0,39761918.0,0.09452760804949097,9.452760804949097,Bruttopræmieindtægter,t.DKK,F&P,reported,kvartalsvise-markedsandele-1-2026.xlsx,Skadeforsikring i alt,388
Forsikring,Skadeforsikring i alt,2016,3,9,Gjensidige Forsikring,2694380.0,39761918.0,0.06776282773884298,6.776282773884298,Bruttopræmieindtægter,t.DKK,F&P,reported,kvartalsvise-markedsandele-1-2026.xlsx,Skadeforsikring i alt,389
Forsikring,Skadeforsikring i alt,2016,3,9,Sygeforsikringen Danmark,2252537.0,39761918.0,0.05665061227680214,5.665061227680214,Bruttopræmieindtægter,t.DKK,F&P,reported,kvartalsvise-markedsandele-1-2026.xlsx,Skadeforsikring i alt,390
Forsikring,Skadeforsikring i alt,2016,3,9,If,2239967.0,39761918.0,0.056334480645526194,5.63344806455262,Bruttopræmieindtægter,t.DKK,F&P,reported,kvartalsvise-markedsandele-1-2026.xlsx,Skadeforsikring i alt,391
Forsikring,Skadeforsikring i alt,2016,3,9,LB Forsikring,1975116.0,39761918.0,0.04967355950988078,4.967355950988078,Bruttopræmieindtægter,t.DKK,F&P,reported,kvartalsvise-markedsandele-1-2026.xlsx,Skadeforsikring i alt,392
Forsikring,Skadeforsikring i alt,2016,3,9,Alka,1576986.0,39761918.0,0.0396607125440981,3.96607125440981,Bruttopræmieindtægter,t.DKK,F&P,reported,kvartalsvise-markedsandele-1-2026.xlsx,Skadeforsikring i alt,393
Forsikring,Skadeforsikring i alt,2016,3,9,GF-Forsikring,1291366.0,39761918.0,0.03247745745061895,3.2477457450618954,Bruttopræmieindtægter,t.DKK,F&P,reported,kvartalsvise-markedsandele-1-2026.xlsx,Skadeforsikring i alt,394
Forsikring,Skadeforsikring i alt,2016,3,9,PFA Pension,1438157.0,39761918.0,0.036169205922108684,3.6169205922108683,Bruttopræmieindtægter,t.DKK,F&P,reported,kvartalsvise-markedsandele-1-2026.xlsx,Skadeforsikring i alt,395
Forsikring,Skadeforsikring i alt,2016,3,9,Danica Pension,1036407.0,39761918.0,0.026065317070469288,2.606531707046929,Bruttopræmieindtægter,t.DKK,F&P,reported,kvartalsvise-markedsandele-1-2026.xlsx,Skadeforsikring i alt,396
Forsikring,Skadeforsikring i alt,2016,3,9,Købstædernes Forsikring,624670.0,39761918.0,0.015710258242572706,1.5710258242572706,Bruttopræmieindtægter,t.DKK,F&P,reported,kvartalsvise-markedsandele-1-2026.xlsx,Skadeforsikring i alt,397
Forsikring,Skadeforsikring i alt,2016,3,9,Himmerland Forsikring,288912.0,39761918.0,0.007266047880285855,0.7266047880285855,Bruttopræmieindtægter,t.DKK,F&P,reported,kvartalsvise-markedsandele-1-2026.xlsx,Skadeforsikring i alt,398
Forsikring,Skadeforsikring i alt,2016,3,9,Sønderjysk Forsikring,242053.0,39761918.0,0.006087558452285928,0.6087558452285928,Bruttopræmieindtægter,t.DKK,F&P,reported,kvartalsvise-markedsandele-1-2026.xlsx,Skadeforsikring i alt,399
Forsikring,Skadeforsikring i alt,2016,3,9,Thisted Forsikring,230258.0,39761918.0,0.005790917832484841,0.5790917832484841,Bruttopræmieindtægter,t.DKK,F&P,reported,kvartalsvise-markedsandele-1-2026.xlsx,Skadeforsikring i alt,400
Forsikring,Skadeforsikring i alt,2016,3,9,Lokal Forsikring,204643.0,39761918.0,0.0051467084661258045,0.5146708466125804,Bruttopræmieindtægter,t.DKK,F&P,reported,kvartalsvise-markedsandele-1-2026.xlsx,Skadeforsikring i alt,401
Forsikring,Skadeforsikring i alt,2016,3,9,PenSam Forsikring,198222.0,39761918.0,0.004985222292345153,0.49852222923451533,Bruttopræmieindtægter,t.DKK,F&P,reported,kvartalsvise-markedsandele-1-2026.xlsx,Skadeforsikring i alt,402
Forsikring,Skadeforsikring i alt,2016,3,9,Vestjylland Forsikring,182471.0,39761918.0,0.004589089490099547,0.4589089490099547,Bruttopræmieindtægter,t.DKK,F&P,reported,kvartalsvise-markedsandele-1-2026.xlsx,Skadeforsikring i alt,403
Forsikring,Skadeforsikring i alt,2016,3,9,HDI-Gerling Forsikring,191743.0,39761918.0,0.004822277436415417,0.48222774364154164,Bruttopræmieindtægter,t.DKK,F&P,reported,kvartalsvise-markedsandele-1-2026.xlsx,Skadeforsikring i alt,404
Forsikring,Skadeforsikring i alt,2016,3,9,Nem Forsikring,161729.0,39761918.0,0.004067434573955914,0.4067434573955914,Bruttopræmieindtægter,t.DKK,F&P,reported,kvartalsvise-markedsandele-1-2026.xlsx,Skadeforsikring i alt,405
Forsikring,Skadeforsikring i alt,2016,3,9,Popermo Forsikring,157539.0,39761918.0,0.003962057363530602,0.3962057363530602,Bruttopræmieindtægter,t.DKK,F&P,reported,kvartalsvise-markedsandele-1-2026.xlsx,Skadeforsikring i alt,406
Forsikring,Skadeforsikring i alt,2016,3,9,PensionDanmark,136369.0,39761918.0,0.003429638379114408,0.3429638379114408,Bruttopræmieindtægter,t.DKK,F&P,reported,kvartalsvise-markedsandele-1-2026.xlsx,Skadeforsikring i alt,407
Forsikring,Skadeforsikring i alt,2016,3,9,Aros Forsikring,116690.0,39761918.0,0.0029347175858065997,0.29347175858066,Bruttopræmieindtægter,t.DKK,F&P,reported,kvartalsvise-markedsandele-1-2026.xlsx,Skadeforsikring i alt,408
Forsikring,Skadeforsikring i alt,2016,3,9,Gartnernes Forsikring,117161.0,39761918.0,0.002946563090844863,0.2946563090844863,Bruttopræmieindtægter,t.DKK,F&P,reported,kvartalsvise-markedsandele-1-2026.xlsx,Skadeforsikring i alt,409
Forsikring,Skadeforsikring i alt,2016,3,9,Skandia,113783.0,39761918.0,0.002861607430506748,0.2861607430506748,Bruttopræmieindtægter,t.DKK,F&P,reported,kvartalsvise-markedsandele-1-2026.xlsx,Skadeforsikring i alt,410
Forsikring,Skadeforsikring i alt,2016,3,9,Forsikringsselskabet Nærsikring,85684.0,39761918.0,0.0021549262286592917,0.21549262286592918,Bruttopræmieindtægter,t.DKK,F&P,reported,kvartalsvise-markedsandele-1-2026.xlsx,Skadeforsikring i alt,411
Forsikring,Skadeforsikring i alt,2016,3,9,Bornholms Brandforsikring,82769.0,39761918.0,0.0020816148758216343,0.20816148758216343,Bruttopræmieindtægter,t.DKK,F&P,reported,kvartalsvise-markedsandele-1-2026.xlsx,Skadeforsikring i alt,412
Forsikring,Skadeforsikring i alt,2016,3,9,Dansk Boligforsikring,63935.0,39761918.0,0.001607945572444468,0.1607945572444468,Bruttopræmieindtægter,t.DKK,F&P,reported,kvartalsvise-markedsandele-1-2026.xlsx,Skadeforsikring i alt,413
Forsikring,Skadeforsikring i alt,2016,3,9,AXA Forsikring,46726.0,39761918.0,0.0011751445189339207,0.11751445189339207,Bruttopræmieindtægter,t.DKK,F&P,reported,kvartalsvise-markedsandele-1-2026.xlsx,Skadeforsikring i alt,414
Forsikring,Skadeforsikring i alt,2016,3,9,Forsikringsselskabet Vendsyssel,38380.0,39761918.0,0.0009652451876189674,0.09652451876189674,Bruttopræmieindtægter,t.DKK,F&P,reported,kvartalsvise-markedsandele-1-2026.xlsx,Skadeforsikring i alt,415
Forsikring,Skadeforsikring i alt,2016,3,9,Forsikringsselskabet TRAFIK,33895.0,39761918.0,0.0008524488179871,0.08524488179871001,Bruttopræmieindtægter,t.DKK,F&P,reported,kvartalsvise-markedsandele-1-2026.xlsx,Skadeforsikring i alt,416
Forsikring,Skadeforsikring i alt,2016,3,9,HF Forsikring,31932.0,39761918.0,0.0008030799721482248,0.08030799721482249,Bruttopræmieindtægter,t.DKK,F&P,reported,kvartalsvise-markedsandele-1-2026.xlsx,Skadeforsikring i alt,417
Forsikring,Skadeforsikring i alt,2016,3,9,"Ulykkesforsikringsforbundet for 
dansk Fiskeri",8604.0,39761918.0,0.0002163879519091609,0.02163879519091609,Bruttopræmieindtægter,t.DKK,F&P,reported,kvartalsvise-markedsandele-1-2026.xlsx,Skadeforsikring i alt,418
Forsikring,Skadeforsikring i alt,2016,3,9,Dansk Musiker Forbund Forsikring,5262.0,39761918.0,0.00013233768049116746,0.013233768049116745,Bruttopræmieindtægter,t.DKK,F&P,reported,kvartalsvise-markedsandele-1-2026.xlsx,Skadeforsikring i alt,419
Forsikring,Skadeforsikring i alt,2016,3,9,Husejernes Forsikring,57458.0,39761918.0,0.0014450510158991827,0.14450510158991828,Bruttopræmieindtægter,t.DKK,F&P,reported,kvartalsvise-markedsandele-1-2026.xlsx,Skadeforsikring i alt,420
Forsikring,Skadeforsikring i alt,2016,4,12,Tryg,9474915.0,52722120.0,0.17971422621093386,17.971422621093385,Bruttopræmieindtægter,t.DKK,F&P,reported,kvartalsvise-markedsandele-1-2026.xlsx,Skadeforsikring i alt,385
Forsikring,Skadeforsikring i alt,2016,4,12,Topdanmark,8858211.0,52722120.0,0.1680169727620968,16.80169727620968,Bruttopræmieindtægter,t.DKK,F&P,reported,kvartalsvise-markedsandele-1-2026.xlsx,Skadeforsikring i alt,386
Forsikring,Skadeforsikring i alt,2016,4,12,Codan,5793012.0,52722120.0,0.10987820671854621,10.987820671854621,Bruttopræmieindtægter,t.DKK,F&P,reported,kvartalsvise-markedsandele-1-2026.xlsx,Skadeforsikring i alt,387
Forsikring,Skadeforsikring i alt,2016,4,12,Alm. Brand,5027774.0,52722120.0,0.09536365381361751,9.536365381361751,Bruttopræmieindtægter,t.DKK,F&P,reported,kvartalsvise-markedsandele-1-2026.xlsx,Skadeforsikring i alt,388
Forsikring,Skadeforsikring i alt,2016,4,12,Gjensidige Forsikring,3625304.0,52722120.0,0.06876248527183657,6.876248527183656,Bruttopræmieindtægter,t.DKK,F&P,reported,kvartalsvise-markedsandele-1-2026.xlsx,Skadeforsikring i alt,389
Forsikring,Skadeforsikring i alt,2016,4,12,Sygeforsikringen Danmark,3009895.0,52722120.0,0.05708979456820021,5.708979456820021,Bruttopræmieindtægter,t.DKK,F&P,reported,kvartalsvise-markedsandele-1-2026.xlsx,Skadeforsikring i alt,390
Forsikring,Skadeforsikring i alt,2016,4,12,If,2994542.0,52722120.0,0.056798588524133706,5.67985885241337,Bruttopræmieindtægter,t.DKK,F&P,reported,kvartalsvise-markedsandele-1-2026.xlsx,Skadeforsikring i alt,391
Forsikring,Skadeforsikring i alt,2016,4,12,LB Forsikring,2589009.0,52722120.0,0.049106693736898285,4.910669373689829,Bruttopræmieindtægter,t.DKK,F&P,reported,kvartalsvise-markedsandele-1-2026.xlsx,Skadeforsikring i alt,392
Forsikring,Skadeforsikring i alt,2016,4,12,Alka,2096145.0,52722120.0,0.03975835948933768,3.975835948933768,Bruttopræmieindtægter,t.DKK,F&P,reported,kvartalsvise-markedsandele-1-2026.xlsx,Skadeforsikring i alt,393
Forsikring,Skadeforsikring i alt,2016,4,12,GF-Forsikring,1721640.0,52722120.0,0.03265498428363654,3.2654984283636543,Bruttopræmieindtægter,t.DKK,F&P,reported,kvartalsvise-markedsandele-1-2026.xlsx,Skadeforsikring i alt,394
Forsikring,Skadeforsikring i alt,2016,4,12,PFA Pension,1710532.0,52722120.0,0.032444294728664176,3.244429472866418,Bruttopræmieindtægter,t.DKK,F&P,reported,kvartalsvise-markedsandele-1-2026.xlsx,Skadeforsikring i alt,395
Forsikring,Skadeforsikring i alt,2016,4,12,Danica Pension,1324491.0,52722120.0,0.02512211193328341,2.512211193328341,Bruttopræmieindtægter,t.DKK,F&P,reported,kvartalsvise-markedsandele-1-2026.xlsx,Skadeforsikring i alt,396
Forsikring,Skadeforsikring i alt,2016,4,12,Købstædernes Forsikring,854382.0,52722120.0,0.01620538020853486,1.620538020853486,Bruttopræmieindtægter,t.DKK,F&P,reported,kvartalsvise-markedsandele-1-2026.xlsx,Skadeforsikring i alt,397
Forsikring,Skadeforsikring i alt,2016,4,12,Himmerland Forsikring,387713.0,52722120.0,0.007353896239377325,0.7353896239377324,Bruttopræmieindtægter,t.DKK,F&P,reported,kvartalsvise-markedsandele-1-2026.xlsx,Skadeforsikring i alt,398
Forsikring,Skadeforsikring i alt,2016,4,12,Sønderjysk Forsikring,326936.0,52722120.0,0.006201116343576472,0.6201116343576473,Bruttopræmieindtægter,t.DKK,F&P,reported,kvartalsvise-markedsandele-1-2026.xlsx,Skadeforsikring i alt,399
Forsikring,Skadeforsikring i alt,2016,4,12,Thisted Forsikring,309482.0,52722120.0,0.005870059853435332,0.5870059853435332,Bruttopræmieindtægter,t.DKK,F&P,reported,kvartalsvise-markedsandele-1-2026.xlsx,Skadeforsikring i alt,400
Forsikring,Skadeforsikring i alt,2016,4,12,Lokal Forsikring,274881.0,52722120.0,0.005213769855992134,0.5213769855992134,Bruttopræmieindtægter,t.DKK,F&P,reported,kvartalsvise-markedsandele-1-2026.xlsx,Skadeforsikring i alt,401
Forsikring,Skadeforsikring i alt,2016,4,12,PenSam Forsikring,268284.0,52722120.0,0.005088642110749719,0.5088642110749719,Bruttopræmieindtægter,t.DKK,F&P,reported,kvartalsvise-markedsandele-1-2026.xlsx,Skadeforsikring i alt,402
Forsikring,Skadeforsikring i alt,2016,4,12,Vestjylland Forsikring,245086.0,52722120.0,0.0046486370426682385,0.46486370426682383,Bruttopræmieindtægter,t.DKK,F&P,reported,kvartalsvise-markedsandele-1-2026.xlsx,Skadeforsikring i alt,403
Forsikring,Skadeforsikring i alt,2016,4,12,HDI-Gerling Forsikring,226578.0,52722120.0,0.0042975889436919455,0.42975889436919457,Bruttopræmieindtægter,t.DKK,F&P,reported,kvartalsvise-markedsandele-1-2026.xlsx,Skadeforsikring i alt,404
Forsikring,Skadeforsikring i alt,2016,4,12,Nem Forsikring,221332.0,52722120.0,0.0041980861164156525,0.41980861164156524,Bruttopræmieindtægter,t.DKK,F&P,reported,kvartalsvise-markedsandele-1-2026.xlsx,Skadeforsikring i alt,405
Forsikring,Skadeforsikring i alt,2016,4,12,Popermo Forsikring,210483.0,52722120.0,0.003992309110483418,0.3992309110483418,Bruttopræmieindtægter,t.DKK,F&P,reported,kvartalsvise-markedsandele-1-2026.xlsx,Skadeforsikring i alt,406
Forsikring,Skadeforsikring i alt,2016,4,12,PensionDanmark,184486.0,52722120.0,0.0034992143715009945,0.34992143715009943,Bruttopræmieindtægter,t.DKK,F&P,reported,kvartalsvise-markedsandele-1-2026.xlsx,Skadeforsikring i alt,407
Forsikring,Skadeforsikring i alt,2016,4,12,Aros Forsikring,156300.0,52722120.0,0.0029646000578125464,0.29646000578125464,Bruttopræmieindtægter,t.DKK,F&P,reported,kvartalsvise-markedsandele-1-2026.xlsx,Skadeforsikring i alt,408
Forsikring,Skadeforsikring i alt,2016,4,12,Gartnernes Forsikring,154981.0,52722120.0,0.0029395820957123873,0.29395820957123875,Bruttopræmieindtægter,t.DKK,F&P,reported,kvartalsvise-markedsandele-1-2026.xlsx,Skadeforsikring i alt,409
Forsikring,Skadeforsikring i alt,2016,4,12,Skandia,140405.0,52722120.0,0.002663113698766287,0.2663113698766287,Bruttopræmieindtægter,t.DKK,F&P,reported,kvartalsvise-markedsandele-1-2026.xlsx,Skadeforsikring i alt,410
Forsikring,Skadeforsikring i alt,2016,4,12,Forsikringsselskabet Nærsikring,113724.0,52722120.0,0.002157045278148906,0.2157045278148906,Bruttopræmieindtægter,t.DKK,F&P,reported,kvartalsvise-markedsandele-1-2026.xlsx,Skadeforsikring i alt,411
Forsikring,Skadeforsikring i alt,2016,4,12,Bornholms Brandforsikring,110848.0,52722120.0,0.0021024951196954903,0.21024951196954902,Bruttopræmieindtægter,t.DKK,F&P,reported,kvartalsvise-markedsandele-1-2026.xlsx,Skadeforsikring i alt,412
Forsikring,Skadeforsikring i alt,2016,4,12,Dansk Boligforsikring,94189.0,52722120.0,0.0017865176893493663,0.17865176893493662,Bruttopræmieindtægter,t.DKK,F&P,reported,kvartalsvise-markedsandele-1-2026.xlsx,Skadeforsikring i alt,413
Forsikring,Skadeforsikring i alt,2016,4,12,AXA Forsikring,57203.0,52722120.0,0.0010849905125211202,0.10849905125211202,Bruttopræmieindtægter,t.DKK,F&P,reported,kvartalsvise-markedsandele-1-2026.xlsx,Skadeforsikring i alt,414
Forsikring,Skadeforsikring i alt,2016,4,12,Forsikringsselskabet Vendsyssel,51589.0,52722120.0,0.0009785076927862537,0.09785076927862538,Bruttopræmieindtægter,t.DKK,F&P,reported,kvartalsvise-markedsandele-1-2026.xlsx,Skadeforsikring i alt,415
Forsikring,Skadeforsikring i alt,2016,4,12,Forsikringsselskabet TRAFIK,45641.0,52722120.0,0.0008656897712003993,0.08656897712003993,Bruttopræmieindtægter,t.DKK,F&P,reported,kvartalsvise-markedsandele-1-2026.xlsx,Skadeforsikring i alt,416
Forsikring,Skadeforsikring i alt,2016,4,12,HF Forsikring,43687.0,52722120.0,0.0008286275286350398,0.08286275286350397,Bruttopræmieindtægter,t.DKK,F&P,reported,kvartalsvise-markedsandele-1-2026.xlsx,Skadeforsikring i alt,417
Forsikring,Skadeforsikring i alt,2016,4,12,"Ulykkesforsikringsforbundet for 
dansk Fiskeri",11500.0,52722120.0,0.00021812476433041766,0.021812476433041766,Bruttopræmieindtægter,t.DKK,F&P,reported,kvartalsvise-markedsandele-1-2026.xlsx,Skadeforsikring i alt,418
Forsikring,Skadeforsikring i alt,2016,4,12,Dansk Musiker Forbund Forsikring,6940.0,52722120.0,0.00013163355343070424,0.013163355343070424,Bruttopræmieindtægter,t.DKK,F&P,reported,kvartalsvise-markedsandele-1-2026.xlsx,Skadeforsikring i alt,419
Forsikring,Skadeforsikring i alt,2015,1,3,Tryg,2330978.0,12861918.0,0.1812309797030272,18.12309797030272,Bruttopræmieindtægter,t.DKK,F&P,reported,kvartalsvise-markedsandele-1-2026.xlsx,Skadeforsikring i alt,425
Forsikring,Skadeforsikring i alt,2015,1,3,Topdanmark,2241727.0,12861918.0,0.17429181246529482,17.42918124652948,Bruttopræmieindtægter,t.DKK,F&P,reported,kvartalsvise-markedsandele-1-2026.xlsx,Skadeforsikring i alt,426
Forsikring,Skadeforsikring i alt,2015,1,3,Codan,1458677.0,12861918.0,0.11341053488290004,11.341053488290004,Bruttopræmieindtægter,t.DKK,F&P,reported,kvartalsvise-markedsandele-1-2026.xlsx,Skadeforsikring i alt,427
Forsikring,Skadeforsikring i alt,2015,1,3,Alm. Brand,1241211.0,12861918.0,0.09650279219631162,9.650279219631162,Bruttopræmieindtægter,t.DKK,F&P,reported,kvartalsvise-markedsandele-1-2026.xlsx,Skadeforsikring i alt,428
Forsikring,Skadeforsikring i alt,2015,1,3,Gjensidige Forsikring,841389.0,12861918.0,0.06541707076658396,6.541707076658396,Bruttopræmieindtægter,t.DKK,F&P,reported,kvartalsvise-markedsandele-1-2026.xlsx,Skadeforsikring i alt,429
Forsikring,Skadeforsikring i alt,2015,1,3,If,744350.0,12861918.0,0.05787239508135567,5.787239508135567,Bruttopræmieindtægter,t.DKK,F&P,reported,kvartalsvise-markedsandele-1-2026.xlsx,Skadeforsikring i alt,430
Forsikring,Skadeforsikring i alt,2015,1,3,Sygeforsikringen Danmark,723005.0,12861918.0,0.056212844771674014,5.621284477167402,Bruttopræmieindtægter,t.DKK,F&P,reported,kvartalsvise-markedsandele-1-2026.xlsx,Skadeforsikring i alt,431
Forsikring,Skadeforsikring i alt,2015,1,3,LB Forsikring,558384.0,12861918.0,0.043413742802589785,4.341374280258979,Bruttopræmieindtægter,t.DKK,F&P,reported,kvartalsvise-markedsandele-1-2026.xlsx,Skadeforsikring i alt,432
Forsikring,Skadeforsikring i alt,2015,1,3,Alka,520832.0,12861918.0,0.04049411604085798,4.049411604085798,Bruttopræmieindtægter,t.DKK,F&P,reported,kvartalsvise-markedsandele-1-2026.xlsx,Skadeforsikring i alt,433
Forsikring,Skadeforsikring i alt,2015,1,3,PFA Pension,433593.0,12861918.0,0.03371137959361893,3.371137959361893,Bruttopræmieindtægter,t.DKK,F&P,reported,kvartalsvise-markedsandele-1-2026.xlsx,Skadeforsikring i alt,434
Forsikring,Skadeforsikring i alt,2015,1,3,GF-Forsikring,395943.0,12861918.0,0.030784133439507234,3.0784133439507233,Bruttopræmieindtægter,t.DKK,F&P,reported,kvartalsvise-markedsandele-1-2026.xlsx,Skadeforsikring i alt,435
Forsikring,Skadeforsikring i alt,2015,1,3,Danica Pension,293274.0,12861918.0,0.02280173143694432,2.280173143694432,Bruttopræmieindtægter,t.DKK,F&P,reported,kvartalsvise-markedsandele-1-2026.xlsx,Skadeforsikring i alt,436
Forsikring,Skadeforsikring i alt,2015,1,3,Købstædernes Forsikring,185185.0,12861918.0,0.014397930386432257,1.4397930386432258,Bruttopræmieindtægter,t.DKK,F&P,reported,kvartalsvise-markedsandele-1-2026.xlsx,Skadeforsikring i alt,437
Forsikring,Skadeforsikring i alt,2015,1,3,Himmerland Forsikring,90346.0,12861918.0,0.007024302285242372,0.7024302285242372,Bruttopræmieindtægter,t.DKK,F&P,reported,kvartalsvise-markedsandele-1-2026.xlsx,Skadeforsikring i alt,438
Forsikring,Skadeforsikring i alt,2015,1,3,Sønderjysk Forsikring,71771.0,12861918.0,0.005580116433645433,0.5580116433645433,Bruttopræmieindtægter,t.DKK,F&P,reported,kvartalsvise-markedsandele-1-2026.xlsx,Skadeforsikring i alt,439
Forsikring,Skadeforsikring i alt,2015,1,3,Thisted Forsikring,70999.0,12861918.0,0.005520094281428323,0.5520094281428323,Bruttopræmieindtægter,t.DKK,F&P,reported,kvartalsvise-markedsandele-1-2026.xlsx,Skadeforsikring i alt,440
Forsikring,Skadeforsikring i alt,2015,1,3,Lokal Forsikring,63310.0,12861918.0,0.004922282975214117,0.4922282975214117,Bruttopræmieindtægter,t.DKK,F&P,reported,kvartalsvise-markedsandele-1-2026.xlsx,Skadeforsikring i alt,441
Forsikring,Skadeforsikring i alt,2015,1,3,PenSam Forsikring,60254.0,12861918.0,0.004684682331204413,0.4684682331204413,Bruttopræmieindtægter,t.DKK,F&P,reported,kvartalsvise-markedsandele-1-2026.xlsx,Skadeforsikring i alt,442
Forsikring,Skadeforsikring i alt,2015,1,3,Vestjylland Forsikring,57850.0,12861918.0,0.004497773971191544,0.4497773971191544,Bruttopræmieindtægter,t.DKK,F&P,reported,kvartalsvise-markedsandele-1-2026.xlsx,Skadeforsikring i alt,443
Forsikring,Skadeforsikring i alt,2015,1,3,Popermo Forsikring,49395.0,12861918.0,0.0038404070061712416,0.38404070061712414,Bruttopræmieindtægter,t.DKK,F&P,reported,kvartalsvise-markedsandele-1-2026.xlsx,Skadeforsikring i alt,444
Forsikring,Skadeforsikring i alt,2015,1,3,HDI-Gerling Forsikring,85729.0,12861918.0,0.006665335605467239,0.666533560546724,Bruttopræmieindtægter,t.DKK,F&P,reported,kvartalsvise-markedsandele-1-2026.xlsx,Skadeforsikring i alt,445
Forsikring,Skadeforsikring i alt,2015,1,3,Skandia,49950.0,12861918.0,0.0038835576466900194,0.38835576466900196,Bruttopræmieindtægter,t.DKK,F&P,reported,kvartalsvise-markedsandele-1-2026.xlsx,Skadeforsikring i alt,446
Forsikring,Skadeforsikring i alt,2015,1,3,Nem Forsikring,35526.0,12861918.0,0.0027621074866128054,0.27621074866128054,Bruttopræmieindtægter,t.DKK,F&P,reported,kvartalsvise-markedsandele-1-2026.xlsx,Skadeforsikring i alt,447
Forsikring,Skadeforsikring i alt,2015,1,3,PensionDanmark,38271.0,12861918.0,0.002975528222151627,0.29755282221516266,Bruttopræmieindtægter,t.DKK,F&P,reported,kvartalsvise-markedsandele-1-2026.xlsx,Skadeforsikring i alt,448
Forsikring,Skadeforsikring i alt,2015,1,3,Gartnernes Forsikring,38170.0,12861918.0,0.002967675583066227,0.2967675583066227,Bruttopræmieindtægter,t.DKK,F&P,reported,kvartalsvise-markedsandele-1-2026.xlsx,Skadeforsikring i alt,449
Forsikring,Skadeforsikring i alt,2015,1,3,Aros Forsikring,36909.0,12861918.0,0.00286963421785149,0.286963421785149,Bruttopræmieindtægter,t.DKK,F&P,reported,kvartalsvise-markedsandele-1-2026.xlsx,Skadeforsikring i alt,450
Forsikring,Skadeforsikring i alt,2015,1,3,Forsikringsselskabet Nærsikring,28494.0,12861918.0,0.002215377208904613,0.22153772089046128,Bruttopræmieindtægter,t.DKK,F&P,reported,kvartalsvise-markedsandele-1-2026.xlsx,Skadeforsikring i alt,451
Forsikring,Skadeforsikring i alt,2015,1,3,Bornholms Brandforsikring,27501.0,12861918.0,0.0021381725493818263,0.21381725493818263,Bruttopræmieindtægter,t.DKK,F&P,reported,kvartalsvise-markedsandele-1-2026.xlsx,Skadeforsikring i alt,452
Forsikring,Skadeforsikring i alt,2015,1,3,Dansk Boligforsikring,18693.0,12861918.0,0.0014533602220135442,0.14533602220135441,Bruttopræmieindtægter,t.DKK,F&P,reported,kvartalsvise-markedsandele-1-2026.xlsx,Skadeforsikring i alt,453
Forsikring,Skadeforsikring i alt,2015,1,3,AXA Forsikring,22028.0,12861918.0,0.0017126528096353903,0.17126528096353902,Bruttopræmieindtægter,t.DKK,F&P,reported,kvartalsvise-markedsandele-1-2026.xlsx,Skadeforsikring i alt,454
Forsikring,Skadeforsikring i alt,2015,1,3,Forsikringsselskabet TRAFIK,12409.0,12861918.0,0.0009647861228784075,0.09647861228784074,Bruttopræmieindtægter,t.DKK,F&P,reported,kvartalsvise-markedsandele-1-2026.xlsx,Skadeforsikring i alt,455
Forsikring,Skadeforsikring i alt,2015,1,3,Forsikringsselskabet Vendsyssel,11448.0,12861918.0,0.0008900694282143612,0.08900694282143612,Bruttopræmieindtægter,t.DKK,F&P,reported,kvartalsvise-markedsandele-1-2026.xlsx,Skadeforsikring i alt,456
Forsikring,Skadeforsikring i alt,2015,1,3,Husejernes Forsikring,8012.0,12861918.0,0.0006229242015071159,0.06229242015071158,Bruttopræmieindtægter,t.DKK,F&P,reported,kvartalsvise-markedsandele-1-2026.xlsx,Skadeforsikring i alt,457
Forsikring,Skadeforsikring i alt,2015,1,3,HF Forsikring,11415.0,12861918.0,0.0008875037144537852,0.08875037144537852,Bruttopræmieindtægter,t.DKK,F&P,reported,kvartalsvise-markedsandele-1-2026.xlsx,Skadeforsikring i alt,458
Forsikring,Skadeforsikring i alt,2015,1,3,"Ulykkesforsikringsforbundet for 
dansk Fiskeri",3004.0,12861918.0,0.00023355770111425063,0.02335577011142506,Bruttopræmieindtægter,t.DKK,F&P,reported,kvartalsvise-markedsandele-1-2026.xlsx,Skadeforsikring i alt,459
Forsikring,Skadeforsikring i alt,2015,1,3,Dansk Musiker Forbund Forsikring,1886.0,12861918.0,0.00014663442886200955,0.014663442886200955,Bruttopræmieindtægter,t.DKK,F&P,reported,kvartalsvise-markedsandele-1-2026.xlsx,Skadeforsikring i alt,460
Forsikring,Skadeforsikring i alt,2015,2,6,Tryg,4634764.0,25786137.0,0.17973859364820718,17.97385936482072,Bruttopræmieindtægter,t.DKK,F&P,reported,kvartalsvise-markedsandele-1-2026.xlsx,Skadeforsikring i alt,425
Forsikring,Skadeforsikring i alt,2015,2,6,Topdanmark,4485525.0,25786137.0,0.1739510264759704,17.395102647597042,Bruttopræmieindtægter,t.DKK,F&P,reported,kvartalsvise-markedsandele-1-2026.xlsx,Skadeforsikring i alt,426
Forsikring,Skadeforsikring i alt,2015,2,6,Codan,2893776.0,25786137.0,0.11222216030264635,11.222216030264635,Bruttopræmieindtægter,t.DKK,F&P,reported,kvartalsvise-markedsandele-1-2026.xlsx,Skadeforsikring i alt,427
Forsikring,Skadeforsikring i alt,2015,2,6,Alm. Brand,2499516.0,25786137.0,0.09693254945477099,9.693254945477099,Bruttopræmieindtægter,t.DKK,F&P,reported,kvartalsvise-markedsandele-1-2026.xlsx,Skadeforsikring i alt,428
Forsikring,Skadeforsikring i alt,2015,2,6,Gjensidige Forsikring,1670441.0,25786137.0,0.0647805834584684,6.478058345846841,Bruttopræmieindtægter,t.DKK,F&P,reported,kvartalsvise-markedsandele-1-2026.xlsx,Skadeforsikring i alt,429
Forsikring,Skadeforsikring i alt,2015,2,6,If,1491292.0,25786137.0,0.05783309070296183,5.783309070296183,Bruttopræmieindtægter,t.DKK,F&P,reported,kvartalsvise-markedsandele-1-2026.xlsx,Skadeforsikring i alt,430
Forsikring,Skadeforsikring i alt,2015,2,6,Sygeforsikringen Danmark,1457848.0,25786137.0,0.05653611473482825,5.653611473482825,Bruttopræmieindtægter,t.DKK,F&P,reported,kvartalsvise-markedsandele-1-2026.xlsx,Skadeforsikring i alt,431
Forsikring,Skadeforsikring i alt,2015,2,6,LB Forsikring,1235568.0,25786137.0,0.04791597903943503,4.791597903943503,Bruttopræmieindtægter,t.DKK,F&P,reported,kvartalsvise-markedsandele-1-2026.xlsx,Skadeforsikring i alt,432
Forsikring,Skadeforsikring i alt,2015,2,6,Alka,1046390.0,25786137.0,0.04057955637170469,4.057955637170469,Bruttopræmieindtægter,t.DKK,F&P,reported,kvartalsvise-markedsandele-1-2026.xlsx,Skadeforsikring i alt,433
Forsikring,Skadeforsikring i alt,2015,2,6,PFA Pension,857282.0,25786137.0,0.03324584834091279,3.3245848340912794,Bruttopræmieindtægter,t.DKK,F&P,reported,kvartalsvise-markedsandele-1-2026.xlsx,Skadeforsikring i alt,434
Forsikring,Skadeforsikring i alt,2015,2,6,GF-Forsikring,798442.0,25786137.0,0.03096400209151142,3.0964002091511422,Bruttopræmieindtægter,t.DKK,F&P,reported,kvartalsvise-markedsandele-1-2026.xlsx,Skadeforsikring i alt,435
Forsikring,Skadeforsikring i alt,2015,2,6,Danica Pension,589792.0,25786137.0,0.022872444988561103,2.2872444988561105,Bruttopræmieindtægter,t.DKK,F&P,reported,kvartalsvise-markedsandele-1-2026.xlsx,Skadeforsikring i alt,436
Forsikring,Skadeforsikring i alt,2015,2,6,Købstædernes Forsikring,374088.0,25786137.0,0.014507330043270926,1.4507330043270925,Bruttopræmieindtægter,t.DKK,F&P,reported,kvartalsvise-markedsandele-1-2026.xlsx,Skadeforsikring i alt,437
Forsikring,Skadeforsikring i alt,2015,2,6,Himmerland Forsikring,181817.0,25786137.0,0.007050959203389015,0.7050959203389014,Bruttopræmieindtægter,t.DKK,F&P,reported,kvartalsvise-markedsandele-1-2026.xlsx,Skadeforsikring i alt,438
Forsikring,Skadeforsikring i alt,2015,2,6,Sønderjysk Forsikring,146171.0,25786137.0,0.0056685885132775025,0.5668588513277503,Bruttopræmieindtægter,t.DKK,F&P,reported,kvartalsvise-markedsandele-1-2026.xlsx,Skadeforsikring i alt,439
Forsikring,Skadeforsikring i alt,2015,2,6,Thisted Forsikring,144067.0,25786137.0,0.005586994283013389,0.5586994283013389,Bruttopræmieindtægter,t.DKK,F&P,reported,kvartalsvise-markedsandele-1-2026.xlsx,Skadeforsikring i alt,440
Forsikring,Skadeforsikring i alt,2015,2,6,Lokal Forsikring,127941.0,25786137.0,0.004961619493451074,0.4961619493451074,Bruttopræmieindtægter,t.DKK,F&P,reported,kvartalsvise-markedsandele-1-2026.xlsx,Skadeforsikring i alt,441
Forsikring,Skadeforsikring i alt,2015,2,6,PenSam Forsikring,123217.0,25786137.0,0.004778420280633738,0.4778420280633738,Bruttopræmieindtægter,t.DKK,F&P,reported,kvartalsvise-markedsandele-1-2026.xlsx,Skadeforsikring i alt,442
Forsikring,Skadeforsikring i alt,2015,2,6,Vestjylland Forsikring,117013.0,25786137.0,0.004537825886832138,0.45378258868321375,Bruttopræmieindtægter,t.DKK,F&P,reported,kvartalsvise-markedsandele-1-2026.xlsx,Skadeforsikring i alt,443
Forsikring,Skadeforsikring i alt,2015,2,6,Popermo Forsikring,100578.0,25786137.0,0.0039004679142129743,0.39004679142129745,Bruttopræmieindtægter,t.DKK,F&P,reported,kvartalsvise-markedsandele-1-2026.xlsx,Skadeforsikring i alt,444
Forsikring,Skadeforsikring i alt,2015,2,6,HDI-Gerling Forsikring,127210.0,25786137.0,0.004933270927708172,0.49332709277081715,Bruttopræmieindtægter,t.DKK,F&P,reported,kvartalsvise-markedsandele-1-2026.xlsx,Skadeforsikring i alt,445
Forsikring,Skadeforsikring i alt,2015,2,6,Skandia,99285.0,25786137.0,0.0038503246919071284,0.3850324691907128,Bruttopræmieindtægter,t.DKK,F&P,reported,kvartalsvise-markedsandele-1-2026.xlsx,Skadeforsikring i alt,446
Forsikring,Skadeforsikring i alt,2015,2,6,Nem Forsikring,74352.0,25786137.0,0.0028834097949607574,0.28834097949607573,Bruttopræmieindtægter,t.DKK,F&P,reported,kvartalsvise-markedsandele-1-2026.xlsx,Skadeforsikring i alt,447
Forsikring,Skadeforsikring i alt,2015,2,6,PensionDanmark,75516.0,25786137.0,0.0029285503291943266,0.29285503291943266,Bruttopræmieindtægter,t.DKK,F&P,reported,kvartalsvise-markedsandele-1-2026.xlsx,Skadeforsikring i alt,448
Forsikring,Skadeforsikring i alt,2015,2,6,Gartnernes Forsikring,77496.0,25786137.0,0.003005335774024624,0.3005335774024624,Bruttopræmieindtægter,t.DKK,F&P,reported,kvartalsvise-markedsandele-1-2026.xlsx,Skadeforsikring i alt,449
Forsikring,Skadeforsikring i alt,2015,2,6,Aros Forsikring,74706.0,25786137.0,0.00289713810176375,0.289713810176375,Bruttopræmieindtægter,t.DKK,F&P,reported,kvartalsvise-markedsandele-1-2026.xlsx,Skadeforsikring i alt,450
Forsikring,Skadeforsikring i alt,2015,2,6,Forsikringsselskabet Nærsikring,57372.0,25786137.0,0.002224916434749416,0.2224916434749416,Bruttopræmieindtægter,t.DKK,F&P,reported,kvartalsvise-markedsandele-1-2026.xlsx,Skadeforsikring i alt,451
Forsikring,Skadeforsikring i alt,2015,2,6,Bornholms Brandforsikring,55407.0,25786137.0,0.002148712697834499,0.2148712697834499,Bruttopræmieindtægter,t.DKK,F&P,reported,kvartalsvise-markedsandele-1-2026.xlsx,Skadeforsikring i alt,452
Forsikring,Skadeforsikring i alt,2015,2,6,Dansk Boligforsikring,38752.0,25786137.0,0.0015028230091230805,0.15028230091230804,Bruttopræmieindtægter,t.DKK,F&P,reported,kvartalsvise-markedsandele-1-2026.xlsx,Skadeforsikring i alt,453
Forsikring,Skadeforsikring i alt,2015,2,6,AXA Forsikring,31854.0,25786137.0,0.0012353149291031843,0.12353149291031842,Bruttopræmieindtægter,t.DKK,F&P,reported,kvartalsvise-markedsandele-1-2026.xlsx,Skadeforsikring i alt,454
Forsikring,Skadeforsikring i alt,2015,2,6,Forsikringsselskabet TRAFIK,24874.0,25786137.0,0.0009646268458125387,0.09646268458125387,Bruttopræmieindtægter,t.DKK,F&P,reported,kvartalsvise-markedsandele-1-2026.xlsx,Skadeforsikring i alt,455
Forsikring,Skadeforsikring i alt,2015,2,6,Forsikringsselskabet Vendsyssel,23228.0,25786137.0,0.0009007940972313923,0.09007940972313923,Bruttopræmieindtægter,t.DKK,F&P,reported,kvartalsvise-markedsandele-1-2026.xlsx,Skadeforsikring i alt,456
Forsikring,Skadeforsikring i alt,2015,2,6,Husejernes Forsikring,18101.0,25786137.0,0.0007019663317541515,0.07019663317541515,Bruttopræmieindtægter,t.DKK,F&P,reported,kvartalsvise-markedsandele-1-2026.xlsx,Skadeforsikring i alt,457
Forsikring,Skadeforsikring i alt,2015,2,6,HF Forsikring,22722.0,25786137.0,0.0008811711502192048,0.08811711502192049,Bruttopræmieindtægter,t.DKK,F&P,reported,kvartalsvise-markedsandele-1-2026.xlsx,Skadeforsikring i alt,458
Forsikring,Skadeforsikring i alt,2015,2,6,"Ulykkesforsikringsforbundet for 
dansk Fiskeri",6125.0,25786137.0,0.0002375307321139262,0.023753073211392618,Bruttopræmieindtægter,t.DKK,F&P,reported,kvartalsvise-markedsandele-1-2026.xlsx,Skadeforsikring i alt,459
Forsikring,Skadeforsikring i alt,2015,2,6,Dansk Musiker Forbund Forsikring,3609.0,25786137.0,0.00013995892444067912,0.013995892444067912,Bruttopræmieindtægter,t.DKK,F&P,reported,kvartalsvise-markedsandele-1-2026.xlsx,Skadeforsikring i alt,460
Forsikring,Skadeforsikring i alt,2015,3,9,Tryg,7022778.0,38961393.0,0.18024966407130258,18.024966407130258,Bruttopræmieindtægter,t.DKK,F&P,reported,kvartalsvise-markedsandele-1-2026.xlsx,Skadeforsikring i alt,425
Forsikring,Skadeforsikring i alt,2015,3,9,Topdanmark,6711837.0,38961393.0,0.17226891759234583,17.226891759234583,Bruttopræmieindtægter,t.DKK,F&P,reported,kvartalsvise-markedsandele-1-2026.xlsx,Skadeforsikring i alt,426
Forsikring,Skadeforsikring i alt,2015,3,9,Codan,4378252.0,38961393.0,0.11237411352309708,11.237411352309708,Bruttopræmieindtægter,t.DKK,F&P,reported,kvartalsvise-markedsandele-1-2026.xlsx,Skadeforsikring i alt,427
Forsikring,Skadeforsikring i alt,2015,3,9,Alm. Brand,3776611.0,38961393.0,0.09693213484435734,9.693213484435734,Bruttopræmieindtægter,t.DKK,F&P,reported,kvartalsvise-markedsandele-1-2026.xlsx,Skadeforsikring i alt,428
Forsikring,Skadeforsikring i alt,2015,3,9,Gjensidige Forsikring,2551723.0,38961393.0,0.06549362852606425,6.549362852606425,Bruttopræmieindtægter,t.DKK,F&P,reported,kvartalsvise-markedsandele-1-2026.xlsx,Skadeforsikring i alt,429
Forsikring,Skadeforsikring i alt,2015,3,9,If,2239097.0,38961393.0,0.057469634106768204,5.746963410676821,Bruttopræmieindtægter,t.DKK,F&P,reported,kvartalsvise-markedsandele-1-2026.xlsx,Skadeforsikring i alt,430
Forsikring,Skadeforsikring i alt,2015,3,9,Sygeforsikringen Danmark,2175824.0,38961393.0,0.05584564186398572,5.5845641863985716,Bruttopræmieindtægter,t.DKK,F&P,reported,kvartalsvise-markedsandele-1-2026.xlsx,Skadeforsikring i alt,431
Forsikring,Skadeforsikring i alt,2015,3,9,LB Forsikring,1965043.0,38961393.0,0.0504356453579573,5.0435645357957295,Bruttopræmieindtægter,t.DKK,F&P,reported,kvartalsvise-markedsandele-1-2026.xlsx,Skadeforsikring i alt,432
Forsikring,Skadeforsikring i alt,2015,3,9,Alka,1574025.0,38961393.0,0.040399607888763116,4.039960788876312,Bruttopræmieindtægter,t.DKK,F&P,reported,kvartalsvise-markedsandele-1-2026.xlsx,Skadeforsikring i alt,433
Forsikring,Skadeforsikring i alt,2015,3,9,PFA Pension,1283064.0,38961393.0,0.032931676749853374,3.2931676749853374,Bruttopræmieindtægter,t.DKK,F&P,reported,kvartalsvise-markedsandele-1-2026.xlsx,Skadeforsikring i alt,434
Forsikring,Skadeforsikring i alt,2015,3,9,GF-Forsikring,1202631.0,38961393.0,0.030867248509312793,3.0867248509312795,Bruttopræmieindtægter,t.DKK,F&P,reported,kvartalsvise-markedsandele-1-2026.xlsx,Skadeforsikring i alt,435
Forsikring,Skadeforsikring i alt,2015,3,9,Danica Pension,887616.0,38961393.0,0.022781936980538656,2.2781936980538657,Bruttopræmieindtægter,t.DKK,F&P,reported,kvartalsvise-markedsandele-1-2026.xlsx,Skadeforsikring i alt,436
Forsikring,Skadeforsikring i alt,2015,3,9,Købstædernes Forsikring,565635.0,38961393.0,0.014517833076450834,1.4517833076450835,Bruttopræmieindtægter,t.DKK,F&P,reported,kvartalsvise-markedsandele-1-2026.xlsx,Skadeforsikring i alt,437
Forsikring,Skadeforsikring i alt,2015,3,9,Himmerland Forsikring,275031.0,38961393.0,0.007059064854277669,0.7059064854277669,Bruttopræmieindtægter,t.DKK,F&P,reported,kvartalsvise-markedsandele-1-2026.xlsx,Skadeforsikring i alt,438
Forsikring,Skadeforsikring i alt,2015,3,9,Sønderjysk Forsikring,223063.0,38961393.0,0.0057252316414867395,0.572523164148674,Bruttopræmieindtægter,t.DKK,F&P,reported,kvartalsvise-markedsandele-1-2026.xlsx,Skadeforsikring i alt,439
Forsikring,Skadeforsikring i alt,2015,3,9,Thisted Forsikring,219239.0,38961393.0,0.005627083200028294,0.5627083200028294,Bruttopræmieindtægter,t.DKK,F&P,reported,kvartalsvise-markedsandele-1-2026.xlsx,Skadeforsikring i alt,440
Forsikring,Skadeforsikring i alt,2015,3,9,Lokal Forsikring,194240.0,38961393.0,0.004985448030567079,0.4985448030567079,Bruttopræmieindtægter,t.DKK,F&P,reported,kvartalsvise-markedsandele-1-2026.xlsx,Skadeforsikring i alt,441
Forsikring,Skadeforsikring i alt,2015,3,9,PenSam Forsikring,187556.0,38961393.0,0.0048138935894822855,0.48138935894822854,Bruttopræmieindtægter,t.DKK,F&P,reported,kvartalsvise-markedsandele-1-2026.xlsx,Skadeforsikring i alt,442
Forsikring,Skadeforsikring i alt,2015,3,9,Vestjylland Forsikring,179931.0,38961393.0,0.004618187034534417,0.4618187034534417,Bruttopræmieindtægter,t.DKK,F&P,reported,kvartalsvise-markedsandele-1-2026.xlsx,Skadeforsikring i alt,443
Forsikring,Skadeforsikring i alt,2015,3,9,Popermo Forsikring,152070.0,38961393.0,0.0039030945325799825,0.39030945325799826,Bruttopræmieindtægter,t.DKK,F&P,reported,kvartalsvise-markedsandele-1-2026.xlsx,Skadeforsikring i alt,444
Forsikring,Skadeforsikring i alt,2015,3,9,HDI-Gerling Forsikring,161666.0,38961393.0,0.004149389627829785,0.41493896278297854,Bruttopræmieindtægter,t.DKK,F&P,reported,kvartalsvise-markedsandele-1-2026.xlsx,Skadeforsikring i alt,445
Forsikring,Skadeforsikring i alt,2015,3,9,Skandia,144475.0,38961393.0,0.0037081579706351874,0.37081579706351875,Bruttopræmieindtægter,t.DKK,F&P,reported,kvartalsvise-markedsandele-1-2026.xlsx,Skadeforsikring i alt,446
Forsikring,Skadeforsikring i alt,2015,3,9,Nem Forsikring,116463.0,38961393.0,0.0029891898372319484,0.29891898372319486,Bruttopræmieindtægter,t.DKK,F&P,reported,kvartalsvise-markedsandele-1-2026.xlsx,Skadeforsikring i alt,447
Forsikring,Skadeforsikring i alt,2015,3,9,PensionDanmark,114423.0,38961393.0,0.0029368303130229458,0.29368303130229456,Bruttopræmieindtægter,t.DKK,F&P,reported,kvartalsvise-markedsandele-1-2026.xlsx,Skadeforsikring i alt,448
Forsikring,Skadeforsikring i alt,2015,3,9,Gartnernes Forsikring,116892.0,38961393.0,0.003000200737175901,0.3000200737175901,Bruttopræmieindtægter,t.DKK,F&P,reported,kvartalsvise-markedsandele-1-2026.xlsx,Skadeforsikring i alt,449
Forsikring,Skadeforsikring i alt,2015,3,9,Aros Forsikring,113236.0,38961393.0,0.0029063642565346675,0.29063642565346676,Bruttopræmieindtægter,t.DKK,F&P,reported,kvartalsvise-markedsandele-1-2026.xlsx,Skadeforsikring i alt,450
Forsikring,Skadeforsikring i alt,2015,3,9,Forsikringsselskabet Nærsikring,87136.0,38961393.0,0.002236470343860652,0.2236470343860652,Bruttopræmieindtægter,t.DKK,F&P,reported,kvartalsvise-markedsandele-1-2026.xlsx,Skadeforsikring i alt,451
Forsikring,Skadeforsikring i alt,2015,3,9,Bornholms Brandforsikring,83729.0,38961393.0,0.002149024805144929,0.21490248051449287,Bruttopræmieindtægter,t.DKK,F&P,reported,kvartalsvise-markedsandele-1-2026.xlsx,Skadeforsikring i alt,452
Forsikring,Skadeforsikring i alt,2015,3,9,Dansk Boligforsikring,60800.0,38961393.0,0.0015605191528957909,0.1560519152895791,Bruttopræmieindtægter,t.DKK,F&P,reported,kvartalsvise-markedsandele-1-2026.xlsx,Skadeforsikring i alt,453
Forsikring,Skadeforsikring i alt,2015,3,9,AXA Forsikring,46005.0,38961393.0,0.0011807842702133366,0.11807842702133366,Bruttopræmieindtægter,t.DKK,F&P,reported,kvartalsvise-markedsandele-1-2026.xlsx,Skadeforsikring i alt,454
Forsikring,Skadeforsikring i alt,2015,3,9,Forsikringsselskabet TRAFIK,36613.0,38961393.0,0.0009397251273844341,0.09397251273844341,Bruttopræmieindtægter,t.DKK,F&P,reported,kvartalsvise-markedsandele-1-2026.xlsx,Skadeforsikring i alt,455
Forsikring,Skadeforsikring i alt,2015,3,9,Forsikringsselskabet Vendsyssel,35341.0,38961393.0,0.0009070774240541143,0.09070774240541142,Bruttopræmieindtægter,t.DKK,F&P,reported,kvartalsvise-markedsandele-1-2026.xlsx,Skadeforsikring i alt,456
Forsikring,Skadeforsikring i alt,2015,3,9,Husejernes Forsikring,30801.0,38961393.0,0.0007905518162556456,0.07905518162556456,Bruttopræmieindtægter,t.DKK,F&P,reported,kvartalsvise-markedsandele-1-2026.xlsx,Skadeforsikring i alt,457
Forsikring,Skadeforsikring i alt,2015,3,9,HF Forsikring,33897.0,38961393.0,0.0008700150941728393,0.08700150941728392,Bruttopræmieindtægter,t.DKK,F&P,reported,kvartalsvise-markedsandele-1-2026.xlsx,Skadeforsikring i alt,458
Forsikring,Skadeforsikring i alt,2015,3,9,"Ulykkesforsikringsforbundet for 
dansk Fiskeri",9306.0,38961393.0,0.00023885182955342486,0.023885182955342487,Bruttopræmieindtægter,t.DKK,F&P,reported,kvartalsvise-markedsandele-1-2026.xlsx,Skadeforsikring i alt,459
Forsikring,Skadeforsikring i alt,2015,3,9,Dansk Musiker Forbund Forsikring,5344.0,38961393.0,0.00013716142028084058,0.013716142028084058,Bruttopræmieindtægter,t.DKK,F&P,reported,kvartalsvise-markedsandele-1-2026.xlsx,Skadeforsikring i alt,460
Forsikring,Skadeforsikring i alt,2015,4,12,Tryg,9360425.0,51931791.0,0.18024460200111336,18.024460200111335,Bruttopræmieindtægter,t.DKK,F&P,reported,kvartalsvise-markedsandele-1-2026.xlsx,Skadeforsikring i alt,425
Forsikring,Skadeforsikring i alt,2015,4,12,Topdanmark,8955507.0,51931791.0,0.17244748982371896,17.244748982371895,Bruttopræmieindtægter,t.DKK,F&P,reported,kvartalsvise-markedsandele-1-2026.xlsx,Skadeforsikring i alt,426
Forsikring,Skadeforsikring i alt,2015,4,12,Codan,5816062.0,51931791.0,0.11199425030421153,11.199425030421153,Bruttopræmieindtægter,t.DKK,F&P,reported,kvartalsvise-markedsandele-1-2026.xlsx,Skadeforsikring i alt,427
Forsikring,Skadeforsikring i alt,2015,4,12,Alm. Brand,5043361.0,51931791.0,0.09711509853376711,9.711509853376711,Bruttopræmieindtægter,t.DKK,F&P,reported,kvartalsvise-markedsandele-1-2026.xlsx,Skadeforsikring i alt,428
Forsikring,Skadeforsikring i alt,2015,4,12,Gjensidige Forsikring,3446183.0,51931791.0,0.06635979490867165,6.635979490867165,Bruttopræmieindtægter,t.DKK,F&P,reported,kvartalsvise-markedsandele-1-2026.xlsx,Skadeforsikring i alt,429
Forsikring,Skadeforsikring i alt,2015,4,12,If,2963282.0,51931791.0,0.05706103993216795,5.706103993216795,Bruttopræmieindtægter,t.DKK,F&P,reported,kvartalsvise-markedsandele-1-2026.xlsx,Skadeforsikring i alt,430
Forsikring,Skadeforsikring i alt,2015,4,12,Sygeforsikringen Danmark,2904749.0,51931791.0,0.05593392686957397,5.593392686957397,Bruttopræmieindtægter,t.DKK,F&P,reported,kvartalsvise-markedsandele-1-2026.xlsx,Skadeforsikring i alt,431
Forsikring,Skadeforsikring i alt,2015,4,12,LB Forsikring,2589805.0,51931791.0,0.04986935651805268,4.986935651805268,Bruttopræmieindtægter,t.DKK,F&P,reported,kvartalsvise-markedsandele-1-2026.xlsx,Skadeforsikring i alt,432
Forsikring,Skadeforsikring i alt,2015,4,12,Alka,2091500.0,51931791.0,0.04027398169263987,4.027398169263987,Bruttopræmieindtægter,t.DKK,F&P,reported,kvartalsvise-markedsandele-1-2026.xlsx,Skadeforsikring i alt,433
Forsikring,Skadeforsikring i alt,2015,4,12,PFA Pension,1748286.0,51931791.0,0.03366504344130939,3.3665043441309392,Bruttopræmieindtægter,t.DKK,F&P,reported,kvartalsvise-markedsandele-1-2026.xlsx,Skadeforsikring i alt,434
Forsikring,Skadeforsikring i alt,2015,4,12,GF-Forsikring,1609570.0,51931791.0,0.030993924318920563,3.0993924318920563,Bruttopræmieindtægter,t.DKK,F&P,reported,kvartalsvise-markedsandele-1-2026.xlsx,Skadeforsikring i alt,435
Forsikring,Skadeforsikring i alt,2015,4,12,Danica Pension,1164265.0,51931791.0,0.02241911895547758,2.241911895547758,Bruttopræmieindtægter,t.DKK,F&P,reported,kvartalsvise-markedsandele-1-2026.xlsx,Skadeforsikring i alt,436
Forsikring,Skadeforsikring i alt,2015,4,12,Købstædernes Forsikring,758968.0,51931791.0,0.014614708743628736,1.4614708743628735,Bruttopræmieindtægter,t.DKK,F&P,reported,kvartalsvise-markedsandele-1-2026.xlsx,Skadeforsikring i alt,437
Forsikring,Skadeforsikring i alt,2015,4,12,Himmerland Forsikring,370348.0,51931791.0,0.007131431303803868,0.7131431303803868,Bruttopræmieindtægter,t.DKK,F&P,reported,kvartalsvise-markedsandele-1-2026.xlsx,Skadeforsikring i alt,438
Forsikring,Skadeforsikring i alt,2015,4,12,Sønderjysk Forsikring,301684.0,51931791.0,0.005809235425752984,0.5809235425752984,Bruttopræmieindtægter,t.DKK,F&P,reported,kvartalsvise-markedsandele-1-2026.xlsx,Skadeforsikring i alt,439
Forsikring,Skadeforsikring i alt,2015,4,12,Thisted Forsikring,294577.0,51931791.0,0.005672382837711104,0.5672382837711104,Bruttopræmieindtægter,t.DKK,F&P,reported,kvartalsvise-markedsandele-1-2026.xlsx,Skadeforsikring i alt,440
Forsikring,Skadeforsikring i alt,2015,4,12,Lokal Forsikring,261153.0,51931791.0,0.00502876937173224,0.502876937173224,Bruttopræmieindtægter,t.DKK,F&P,reported,kvartalsvise-markedsandele-1-2026.xlsx,Skadeforsikring i alt,441
Forsikring,Skadeforsikring i alt,2015,4,12,PenSam Forsikring,249628.0,51931791.0,0.0048068436538227614,0.48068436538227616,Bruttopræmieindtægter,t.DKK,F&P,reported,kvartalsvise-markedsandele-1-2026.xlsx,Skadeforsikring i alt,442
Forsikring,Skadeforsikring i alt,2015,4,12,Vestjylland Forsikring,233782.0,51931791.0,0.004501712640721365,0.4501712640721365,Bruttopræmieindtægter,t.DKK,F&P,reported,kvartalsvise-markedsandele-1-2026.xlsx,Skadeforsikring i alt,443
Forsikring,Skadeforsikring i alt,2015,4,12,Popermo Forsikring,203053.0,51931791.0,0.003909994169082287,0.3909994169082287,Bruttopræmieindtægter,t.DKK,F&P,reported,kvartalsvise-markedsandele-1-2026.xlsx,Skadeforsikring i alt,444
Forsikring,Skadeforsikring i alt,2015,4,12,HDI-Gerling Forsikring,186258.0,51931791.0,0.0035865891858033547,0.3586589185803355,Bruttopræmieindtægter,t.DKK,F&P,reported,kvartalsvise-markedsandele-1-2026.xlsx,Skadeforsikring i alt,445
Forsikring,Skadeforsikring i alt,2015,4,12,Skandia,186254.0,51931791.0,0.0035865121616930175,0.35865121616930173,Bruttopræmieindtægter,t.DKK,F&P,reported,kvartalsvise-markedsandele-1-2026.xlsx,Skadeforsikring i alt,446
Forsikring,Skadeforsikring i alt,2015,4,12,Nem Forsikring,161897.0,51931791.0,0.003117493097821332,0.3117493097821332,Bruttopræmieindtægter,t.DKK,F&P,reported,kvartalsvise-markedsandele-1-2026.xlsx,Skadeforsikring i alt,447
Forsikring,Skadeforsikring i alt,2015,4,12,PensionDanmark,156122.0,51931791.0,0.0030062895385217893,0.3006289538521789,Bruttopræmieindtægter,t.DKK,F&P,reported,kvartalsvise-markedsandele-1-2026.xlsx,Skadeforsikring i alt,448
Forsikring,Skadeforsikring i alt,2015,4,12,Gartnernes Forsikring,153916.0,51931791.0,0.0029638107416707425,0.29638107416707427,Bruttopræmieindtægter,t.DKK,F&P,reported,kvartalsvise-markedsandele-1-2026.xlsx,Skadeforsikring i alt,449
Forsikring,Skadeforsikring i alt,2015,4,12,Aros Forsikring,152185.0,51931791.0,0.002930478557922256,0.2930478557922256,Bruttopræmieindtægter,t.DKK,F&P,reported,kvartalsvise-markedsandele-1-2026.xlsx,Skadeforsikring i alt,450
Forsikring,Skadeforsikring i alt,2015,4,12,Forsikringsselskabet Nærsikring,116402.0,51931791.0,0.0022414401228719417,0.22414401228719416,Bruttopræmieindtægter,t.DKK,F&P,reported,kvartalsvise-markedsandele-1-2026.xlsx,Skadeforsikring i alt,451
Forsikring,Skadeforsikring i alt,2015,4,12,Bornholms Brandforsikring,111551.0,51931791.0,0.0021480291330603254,0.21480291330603254,Bruttopræmieindtægter,t.DKK,F&P,reported,kvartalsvise-markedsandele-1-2026.xlsx,Skadeforsikring i alt,452
Forsikring,Skadeforsikring i alt,2015,4,12,Dansk Boligforsikring,81267.0,51931791.0,0.0015648795936962772,0.15648795936962773,Bruttopræmieindtægter,t.DKK,F&P,reported,kvartalsvise-markedsandele-1-2026.xlsx,Skadeforsikring i alt,453
Forsikring,Skadeforsikring i alt,2015,4,12,AXA Forsikring,53183.0,51931791.0,0.0010240933150177701,0.10240933150177702,Bruttopræmieindtægter,t.DKK,F&P,reported,kvartalsvise-markedsandele-1-2026.xlsx,Skadeforsikring i alt,454
Forsikring,Skadeforsikring i alt,2015,4,12,Forsikringsselskabet TRAFIK,48633.0,51931791.0,0.000936478389509039,0.0936478389509039,Bruttopræmieindtægter,t.DKK,F&P,reported,kvartalsvise-markedsandele-1-2026.xlsx,Skadeforsikring i alt,455
Forsikring,Skadeforsikring i alt,2015,4,12,Forsikringsselskabet Vendsyssel,47566.0,51931791.0,0.0009159322080765518,0.09159322080765518,Bruttopræmieindtægter,t.DKK,F&P,reported,kvartalsvise-markedsandele-1-2026.xlsx,Skadeforsikring i alt,456
Forsikring,Skadeforsikring i alt,2015,4,12,Husejernes Forsikring,46111.0,51931791.0,0.0008879146879413422,0.08879146879413422,Bruttopræmieindtægter,t.DKK,F&P,reported,kvartalsvise-markedsandele-1-2026.xlsx,Skadeforsikring i alt,457
Forsikring,Skadeforsikring i alt,2015,4,12,HF Forsikring,44884.0,51931791.0,0.0008642875420953613,0.08642875420953612,Bruttopræmieindtægter,t.DKK,F&P,reported,kvartalsvise-markedsandele-1-2026.xlsx,Skadeforsikring i alt,458
Forsikring,Skadeforsikring i alt,2015,4,12,"Ulykkesforsikringsforbundet for 
dansk Fiskeri",12376.0,51931791.0,0.00023831259738374899,0.0238312597383749,Bruttopræmieindtægter,t.DKK,F&P,reported,kvartalsvise-markedsandele-1-2026.xlsx,Skadeforsikring i alt,459
Forsikring,Skadeforsikring i alt,2015,4,12,Dansk Musiker Forbund Forsikring,6998.0,51931791.0,0.0001347536810351871,0.01347536810351871,Bruttopræmieindtægter,t.DKK,F&P,reported,kvartalsvise-markedsandele-1-2026.xlsx,Skadeforsikring i alt,460
Forsikring,Skadeforsikring i alt,2014,1,3,Tryg,2332987.0,12892238.0,0.1809987493715825,18.09987493715825,Bruttopræmieindtægter,t.DKK,F&P,reported,kvartalsvise-markedsandele-1-2026.xlsx,Skadeforsikring i alt,465
Forsikring,Skadeforsikring i alt,2014,1,3,Topdanmark,2260582.0,12892238.0,0.17538139511789425,17.538139511789424,Bruttopræmieindtægter,t.DKK,F&P,reported,kvartalsvise-markedsandele-1-2026.xlsx,Skadeforsikring i alt,466
Forsikring,Skadeforsikring i alt,2014,1,3,Codan,1508464.0,12892238.0,0.11703026955231847,11.703026955231847,Bruttopræmieindtægter,t.DKK,F&P,reported,kvartalsvise-markedsandele-1-2026.xlsx,Skadeforsikring i alt,467
Forsikring,Skadeforsikring i alt,2014,1,3,Alm. Brand,1238726.0,12892238.0,0.09610334597409369,9.610334597409368,Bruttopræmieindtægter,t.DKK,F&P,reported,kvartalsvise-markedsandele-1-2026.xlsx,Skadeforsikring i alt,468
Forsikring,Skadeforsikring i alt,2014,1,3,Gjensidige Forsikring,805163.0,12892238.0,0.05998082162873404,5.998082162873404,Bruttopræmieindtægter,t.DKK,F&P,reported,kvartalsvise-markedsandele-1-2026.xlsx,Skadeforsikring i alt,469
Forsikring,Skadeforsikring i alt,2014,1,3,If,773124.0,12892238.0,0.06246648439972939,6.246648439972939,Bruttopræmieindtægter,t.DKK,F&P,reported,kvartalsvise-markedsandele-1-2026.xlsx,Skadeforsikring i alt,470
Forsikring,Skadeforsikring i alt,2014,1,3,Sygeforsikringen Danmark,702901.0,12892238.0,0.05453275218937556,5.453275218937556,Bruttopræmieindtægter,t.DKK,F&P,reported,kvartalsvise-markedsandele-1-2026.xlsx,Skadeforsikring i alt,471
Forsikring,Skadeforsikring i alt,2014,1,3,LB Forsikring,625457.0,12892238.0,0.0485244601816049,4.8524460181604905,Bruttopræmieindtægter,t.DKK,F&P,reported,kvartalsvise-markedsandele-1-2026.xlsx,Skadeforsikring i alt,472
Forsikring,Skadeforsikring i alt,2014,1,3,Alka,498366.0,12892238.0,0.038664434362179506,3.8664434362179505,Bruttopræmieindtægter,t.DKK,F&P,reported,kvartalsvise-markedsandele-1-2026.xlsx,Skadeforsikring i alt,473
Forsikring,Skadeforsikring i alt,2014,1,3,PFA Pension,329106.0,12892238.0,0.02249626052793277,2.249626052793277,Bruttopræmieindtægter,t.DKK,F&P,reported,kvartalsvise-markedsandele-1-2026.xlsx,Skadeforsikring i alt,474
Forsikring,Skadeforsikring i alt,2014,1,3,GF-Forsikring,384546.0,12892238.0,0.02553283597837623,2.553283597837623,Bruttopræmieindtægter,t.DKK,F&P,reported,kvartalsvise-markedsandele-1-2026.xlsx,Skadeforsikring i alt,475
Forsikring,Skadeforsikring i alt,2014,1,3,Danica Pension,289966.0,12892238.0,0.02983400467977085,2.983400467977085,Bruttopræmieindtægter,t.DKK,F&P,reported,kvartalsvise-markedsandele-1-2026.xlsx,Skadeforsikring i alt,476
Forsikring,Skadeforsikring i alt,2014,1,3,Købstædernes Forsikring,172003.0,12892238.0,0.013344406929040027,1.3344406929040027,Bruttopræmieindtægter,t.DKK,F&P,reported,kvartalsvise-markedsandele-1-2026.xlsx,Skadeforsikring i alt,477
Forsikring,Skadeforsikring i alt,2014,1,3,PKA,138505.0,12892238.0,0.00015857844202111485,0.015857844202111483,Bruttopræmieindtægter,t.DKK,F&P,reported,kvartalsvise-markedsandele-1-2026.xlsx,Skadeforsikring i alt,478
Forsikring,Skadeforsikring i alt,2014,1,3,Himmerland Forsikring,88959.0,12892238.0,0.01074555142472334,1.074555142472334,Bruttopræmieindtægter,t.DKK,F&P,reported,kvartalsvise-markedsandele-1-2026.xlsx,Skadeforsikring i alt,479
Forsikring,Skadeforsikring i alt,2014,1,3,Sønderjysk Forsikring,68112.0,12892238.0,0.006901653436280016,0.6901653436280016,Bruttopræmieindtægter,t.DKK,F&P,reported,kvartalsvise-markedsandele-1-2026.xlsx,Skadeforsikring i alt,480
Forsikring,Skadeforsikring i alt,2014,1,3,Thisted Forsikring,66152.0,12892238.0,0.0052842929759991065,0.5284292975999106,Bruttopræmieindtægter,t.DKK,F&P,reported,kvartalsvise-markedsandele-1-2026.xlsx,Skadeforsikring i alt,481
Forsikring,Skadeforsikring i alt,2014,1,3,Lokal Forsikring,59413.0,12892238.0,0.005132231456252832,0.5132231456252832,Bruttopræmieindtægter,t.DKK,F&P,reported,kvartalsvise-markedsandele-1-2026.xlsx,Skadeforsikring i alt,482
Forsikring,Skadeforsikring i alt,2014,1,3,Vestjylland Forsikring,54726.0,12892238.0,0.004245774862058478,0.42457748620584784,Bruttopræmieindtægter,t.DKK,F&P,reported,kvartalsvise-markedsandele-1-2026.xlsx,Skadeforsikring i alt,483
Forsikring,Skadeforsikring i alt,2014,1,3,PenSam Forsikring,55394.0,12892238.0,0.0037832285453608823,0.3783228545360882,Bruttopræmieindtægter,t.DKK,F&P,reported,kvartalsvise-markedsandele-1-2026.xlsx,Skadeforsikring i alt,484
Forsikring,Skadeforsikring i alt,2014,1,3,Popermo Forsikring,48764.0,12892238.0,0.004609403608512963,0.46094036085129625,Bruttopræmieindtægter,t.DKK,F&P,reported,kvartalsvise-markedsandele-1-2026.xlsx,Skadeforsikring i alt,485
Forsikring,Skadeforsikring i alt,2014,1,3,Skandia,47271.0,12892238.0,0.004297599910625066,0.4297599910625066,Bruttopræmieindtægter,t.DKK,F&P,reported,kvartalsvise-markedsandele-1-2026.xlsx,Skadeforsikring i alt,486
Forsikring,Skadeforsikring i alt,2014,1,3,Gartnernes Forsikring,37784.0,12892238.0,0.0027394348276739556,0.27394348276739555,Bruttopræmieindtægter,t.DKK,F&P,reported,kvartalsvise-markedsandele-1-2026.xlsx,Skadeforsikring i alt,487
Forsikring,Skadeforsikring i alt,2014,1,3,Aros Forsikring,35310.0,12892238.0,0.00274502076105239,0.27450207610523897,Bruttopræmieindtægter,t.DKK,F&P,reported,kvartalsvise-markedsandele-1-2026.xlsx,Skadeforsikring i alt,488
Forsikring,Skadeforsikring i alt,2014,1,3,Nem Forsikring,35382.0,12892238.0,0.003667398010166399,0.3667398010166399,Bruttopræmieindtægter,t.DKK,F&P,reported,kvartalsvise-markedsandele-1-2026.xlsx,Skadeforsikring i alt,489
Forsikring,Skadeforsikring i alt,2014,1,3,PensionDanmark,33232.0,12892238.0,0.002180763907422464,0.2180763907422464,Bruttopræmieindtægter,t.DKK,F&P,reported,kvartalsvise-markedsandele-1-2026.xlsx,Skadeforsikring i alt,490
Forsikring,Skadeforsikring i alt,2014,1,3,HDI-Gerling Forsikring,64341.0,12892238.0,0.00293137370514961,0.29313737051496097,Bruttopræmieindtægter,t.DKK,F&P,reported,kvartalsvise-markedsandele-1-2026.xlsx,Skadeforsikring i alt,491
Forsikring,Skadeforsikring i alt,2014,1,3,Forsikringsselskabet Nærsikring,28109.0,12892238.0,0.0025782185837796906,0.25782185837796906,Bruttopræmieindtægter,t.DKK,F&P,reported,kvartalsvise-markedsandele-1-2026.xlsx,Skadeforsikring i alt,492
Forsikring,Skadeforsikring i alt,2014,1,3,Bornholms Brandforsikring,27505.0,12892238.0,0.004991729715303595,0.49917297153035955,Bruttopræmieindtægter,t.DKK,F&P,reported,kvartalsvise-markedsandele-1-2026.xlsx,Skadeforsikring i alt,493
Forsikring,Skadeforsikring i alt,2014,1,3,Dansk Boligforsikring,20645.0,12892238.0,0.00160168881385808,0.160168881385808,Bruttopræmieindtægter,t.DKK,F&P,reported,kvartalsvise-markedsandele-1-2026.xlsx,Skadeforsikring i alt,494
Forsikring,Skadeforsikring i alt,2014,1,3,Forsikringsselskabet TRAFIK,12353.0,12892238.0,0.0009583754864416984,0.09583754864416984,Bruttopræmieindtægter,t.DKK,F&P,reported,kvartalsvise-markedsandele-1-2026.xlsx,Skadeforsikring i alt,495
Forsikring,Skadeforsikring i alt,2014,1,3,AXA Forsikring,17205.0,12892238.0,0.002133904132970041,0.2133904132970041,Bruttopræmieindtægter,t.DKK,F&P,reported,kvartalsvise-markedsandele-1-2026.xlsx,Skadeforsikring i alt,496
Forsikring,Skadeforsikring i alt,2014,1,3,HF Forsikring,12344.0,12892238.0,0.0013348053302217617,0.13348053302217616,Bruttopræmieindtægter,t.DKK,F&P,reported,kvartalsvise-markedsandele-1-2026.xlsx,Skadeforsikring i alt,497
Forsikring,Skadeforsikring i alt,2014,1,3,Forsikringsselskabet Vendsyssel,11397.0,12892238.0,0.0009576772447693941,0.0957677244769394,Bruttopræmieindtægter,t.DKK,F&P,reported,kvartalsvise-markedsandele-1-2026.xlsx,Skadeforsikring i alt,498
Forsikring,Skadeforsikring i alt,2014,1,3,Husejernes Forsikring,2718.0,12892238.0,0.00021086898503590513,0.021086898503590513,Bruttopræmieindtægter,t.DKK,F&P,reported,kvartalsvise-markedsandele-1-2026.xlsx,Skadeforsikring i alt,499
Forsikring,Skadeforsikring i alt,2014,1,3,"Ulykkesforsikringsforbundet for 
dansk Fiskeri",3182.0,12892238.0,0.0008842067043613726,0.08842067043613726,Bruttopræmieindtægter,t.DKK,F&P,reported,kvartalsvise-markedsandele-1-2026.xlsx,Skadeforsikring i alt,500
Forsikring,Skadeforsikring i alt,2014,1,3,Dansk Musiker Forbund Forsikring,2044.0,12892238.0,0.0002468672223635946,0.02468672223635946,Bruttopræmieindtægter,t.DKK,F&P,reported,kvartalsvise-markedsandele-1-2026.xlsx,Skadeforsikring i alt,501
Forsikring,Skadeforsikring i alt,2014,2,6,Tryg,4662783.0,25777390.0,0.18093275778801796,18.093275778801797,Bruttopræmieindtægter,t.DKK,F&P,reported,kvartalsvise-markedsandele-1-2026.xlsx,Skadeforsikring i alt,465
Forsikring,Skadeforsikring i alt,2014,2,6,Topdanmark,4527472.0,25777390.0,0.17568220411887775,17.568220411887776,Bruttopræmieindtægter,t.DKK,F&P,reported,kvartalsvise-markedsandele-1-2026.xlsx,Skadeforsikring i alt,466
Forsikring,Skadeforsikring i alt,2014,2,6,Codan,3024635.0,25777390.0,0.11736672108741962,11.736672108741962,Bruttopræmieindtægter,t.DKK,F&P,reported,kvartalsvise-markedsandele-1-2026.xlsx,Skadeforsikring i alt,467
Forsikring,Skadeforsikring i alt,2014,2,6,Alm. Brand,2504658.0,25777390.0,0.09718974253269379,9.718974253269378,Bruttopræmieindtægter,t.DKK,F&P,reported,kvartalsvise-markedsandele-1-2026.xlsx,Skadeforsikring i alt,468
Forsikring,Skadeforsikring i alt,2014,2,6,Gjensidige Forsikring,1627443.0,25777390.0,0.06063229066254272,6.063229066254272,Bruttopræmieindtægter,t.DKK,F&P,reported,kvartalsvise-markedsandele-1-2026.xlsx,Skadeforsikring i alt,469
Forsikring,Skadeforsikring i alt,2014,2,6,If,1562543.0,25777390.0,0.06315064418241323,6.315064418241323,Bruttopræmieindtægter,t.DKK,F&P,reported,kvartalsvise-markedsandele-1-2026.xlsx,Skadeforsikring i alt,470
Forsikring,Skadeforsikring i alt,2014,2,6,Sygeforsikringen Danmark,1408316.0,25777390.0,0.054647728130815934,5.464772813081593,Bruttopræmieindtægter,t.DKK,F&P,reported,kvartalsvise-markedsandele-1-2026.xlsx,Skadeforsikring i alt,471
Forsikring,Skadeforsikring i alt,2014,2,6,LB Forsikring,1140405.0,25777390.0,0.044251817347117514,4.425181734711751,Bruttopræmieindtægter,t.DKK,F&P,reported,kvartalsvise-markedsandele-1-2026.xlsx,Skadeforsikring i alt,472
Forsikring,Skadeforsikring i alt,2014,2,6,Alka,992257.0,25777390.0,0.038503141888538525,3.8503141888538526,Bruttopræmieindtægter,t.DKK,F&P,reported,kvartalsvise-markedsandele-1-2026.xlsx,Skadeforsikring i alt,473
Forsikring,Skadeforsikring i alt,2014,2,6,PFA Pension,696256.0,25777390.0,0.023073822370941754,2.3073822370941754,Bruttopræmieindtægter,t.DKK,F&P,reported,kvartalsvise-markedsandele-1-2026.xlsx,Skadeforsikring i alt,474
Forsikring,Skadeforsikring i alt,2014,2,6,GF-Forsikring,774102.0,25777390.0,0.027017238032834515,2.7017238032834516,Bruttopræmieindtægter,t.DKK,F&P,reported,kvartalsvise-markedsandele-1-2026.xlsx,Skadeforsikring i alt,475
Forsikring,Skadeforsikring i alt,2014,2,6,Danica Pension,594631.0,25777390.0,0.030037942934342064,3.0037942934342063,Bruttopræmieindtægter,t.DKK,F&P,reported,kvartalsvise-markedsandele-1-2026.xlsx,Skadeforsikring i alt,476
Forsikring,Skadeforsikring i alt,2014,2,6,Købstædernes Forsikring,345815.0,25777390.0,0.013418866293898608,1.3418866293898608,Bruttopræmieindtægter,t.DKK,F&P,reported,kvartalsvise-markedsandele-1-2026.xlsx,Skadeforsikring i alt,477
Forsikring,Skadeforsikring i alt,2014,2,6,PKA,277010.0,25777390.0,0.00015168326516446556,0.015168326516446555,Bruttopræmieindtægter,t.DKK,F&P,reported,kvartalsvise-markedsandele-1-2026.xlsx,Skadeforsikring i alt,478
Forsikring,Skadeforsikring i alt,2014,2,6,Himmerland Forsikring,178323.0,25777390.0,0.010748984723256229,1.074898472325623,Bruttopræmieindtægter,t.DKK,F&P,reported,kvartalsvise-markedsandele-1-2026.xlsx,Skadeforsikring i alt,479
Forsikring,Skadeforsikring i alt,2014,2,6,Sønderjysk Forsikring,138564.0,25777390.0,0.006919574032725247,0.6919574032725248,Bruttopræmieindtægter,t.DKK,F&P,reported,kvartalsvise-markedsandele-1-2026.xlsx,Skadeforsikring i alt,480
Forsikring,Skadeforsikring i alt,2014,2,6,Thisted Forsikring,134323.0,25777390.0,0.005376781773918906,0.5376781773918906,Bruttopræmieindtægter,t.DKK,F&P,reported,kvartalsvise-markedsandele-1-2026.xlsx,Skadeforsikring i alt,481
Forsikring,Skadeforsikring i alt,2014,2,6,Lokal Forsikring,120336.0,25777390.0,0.005212215714168971,0.5212215714168971,Bruttopræmieindtægter,t.DKK,F&P,reported,kvartalsvise-markedsandele-1-2026.xlsx,Skadeforsikring i alt,482
Forsikring,Skadeforsikring i alt,2014,2,6,Vestjylland Forsikring,111226.0,25777390.0,0.004315969007721373,0.4315969007721373,Bruttopræmieindtægter,t.DKK,F&P,reported,kvartalsvise-markedsandele-1-2026.xlsx,Skadeforsikring i alt,483
Forsikring,Skadeforsikring i alt,2014,2,6,PenSam Forsikring,111101.0,25777390.0,0.0038393056080589794,0.38393056080589794,Bruttopræmieindtægter,t.DKK,F&P,reported,kvartalsvise-markedsandele-1-2026.xlsx,Skadeforsikring i alt,484
Forsikring,Skadeforsikring i alt,2014,2,6,Popermo Forsikring,98942.0,25777390.0,0.00466946978685882,0.466946978685882,Bruttopræmieindtægter,t.DKK,F&P,reported,kvartalsvise-markedsandele-1-2026.xlsx,Skadeforsikring i alt,485
Forsikring,Skadeforsikring i alt,2014,2,6,Skandia,93642.0,25777390.0,0.0043111185579527474,0.4311118557952747,Bruttopræmieindtægter,t.DKK,F&P,reported,kvartalsvise-markedsandele-1-2026.xlsx,Skadeforsikring i alt,486
Forsikring,Skadeforsikring i alt,2014,2,6,Gartnernes Forsikring,76975.0,25777390.0,0.0027738364100835648,0.2773836410083565,Bruttopræmieindtægter,t.DKK,F&P,reported,kvartalsvise-markedsandele-1-2026.xlsx,Skadeforsikring i alt,487
Forsikring,Skadeforsikring i alt,2014,2,6,Aros Forsikring,71484.0,25777390.0,0.0027600223291425192,0.2760022329142519,Bruttopræmieindtægter,t.DKK,F&P,reported,kvartalsvise-markedsandele-1-2026.xlsx,Skadeforsikring i alt,488
Forsikring,Skadeforsikring i alt,2014,2,6,Nem Forsikring,71128.0,25777390.0,0.003633646537869246,0.3633646537869246,Bruttopræmieindtægter,t.DKK,F&P,reported,kvartalsvise-markedsandele-1-2026.xlsx,Skadeforsikring i alt,489
Forsikring,Skadeforsikring i alt,2014,2,6,PensionDanmark,66666.0,25777390.0,0.0021726134603628614,0.21726134603628616,Bruttopræmieindtægter,t.DKK,F&P,reported,kvartalsvise-markedsandele-1-2026.xlsx,Skadeforsikring i alt,490
Forsikring,Skadeforsikring i alt,2014,2,6,HDI-Gerling Forsikring,94015.0,25777390.0,0.0029869069675197584,0.29869069675197585,Bruttopræmieindtægter,t.DKK,F&P,reported,kvartalsvise-markedsandele-1-2026.xlsx,Skadeforsikring i alt,491
Forsikring,Skadeforsikring i alt,2014,2,6,Forsikringsselskabet Nærsikring,55990.0,25777390.0,0.0025868806742016526,0.25868806742016526,Bruttopræmieindtægter,t.DKK,F&P,reported,kvartalsvise-markedsandele-1-2026.xlsx,Skadeforsikring i alt,492
Forsikring,Skadeforsikring i alt,2014,2,6,Bornholms Brandforsikring,55583.0,25777390.0,0.003648120279978825,0.36481202799788254,Bruttopræmieindtægter,t.DKK,F&P,reported,kvartalsvise-markedsandele-1-2026.xlsx,Skadeforsikring i alt,493
Forsikring,Skadeforsikring i alt,2014,2,6,Dansk Boligforsikring,41102.0,25777390.0,0.0015949054911204563,0.15949054911204563,Bruttopræmieindtægter,t.DKK,F&P,reported,kvartalsvise-markedsandele-1-2026.xlsx,Skadeforsikring i alt,494
Forsikring,Skadeforsikring i alt,2014,2,6,Forsikringsselskabet TRAFIK,25509.0,25777390.0,0.0009898409851830012,0.09898409851830013,Bruttopræmieindtægter,t.DKK,F&P,reported,kvartalsvise-markedsandele-1-2026.xlsx,Skadeforsikring i alt,495
Forsikring,Skadeforsikring i alt,2014,2,6,AXA Forsikring,29451.0,25777390.0,0.0021568203959162163,0.21568203959162163,Bruttopræmieindtægter,t.DKK,F&P,reported,kvartalsvise-markedsandele-1-2026.xlsx,Skadeforsikring i alt,496
Forsikring,Skadeforsikring i alt,2014,2,6,HF Forsikring,24555.0,25777390.0,0.001142804769086384,0.1142804769086384,Bruttopræmieindtægter,t.DKK,F&P,reported,kvartalsvise-markedsandele-1-2026.xlsx,Skadeforsikring i alt,497
Forsikring,Skadeforsikring i alt,2014,2,6,Forsikringsselskabet Vendsyssel,22907.0,25777390.0,0.0009528223525488493,0.09528223525488493,Bruttopræmieindtægter,t.DKK,F&P,reported,kvartalsvise-markedsandele-1-2026.xlsx,Skadeforsikring i alt,498
Forsikring,Skadeforsikring i alt,2014,2,6,Husejernes Forsikring,6584.0,25777390.0,0.00025548289021305737,0.025548289021305737,Bruttopræmieindtægter,t.DKK,F&P,reported,kvartalsvise-markedsandele-1-2026.xlsx,Skadeforsikring i alt,499
Forsikring,Skadeforsikring i alt,2014,2,6,"Ulykkesforsikringsforbundet for 
dansk Fiskeri",6749.0,25777390.0,0.000888874022799287,0.0888874022799287,Bruttopræmieindtægter,t.DKK,F&P,reported,kvartalsvise-markedsandele-1-2026.xlsx,Skadeforsikring i alt,500
Forsikring,Skadeforsikring i alt,2014,2,6,Dansk Musiker Forbund Forsikring,3909.0,25777390.0,0.0002618854839076434,0.02618854839076434,Bruttopræmieindtægter,t.DKK,F&P,reported,kvartalsvise-markedsandele-1-2026.xlsx,Skadeforsikring i alt,501
Forsikring,Skadeforsikring i alt,2014,3,9,Tryg,6997391.0,38816686.0,0.18032300676514942,18.032300676514943,Bruttopræmieindtægter,t.DKK,F&P,reported,kvartalsvise-markedsandele-1-2026.xlsx,Skadeforsikring i alt,465
Forsikring,Skadeforsikring i alt,2014,3,9,Topdanmark,6811985.0,38816686.0,0.17554508776758315,17.554508776758315,Bruttopræmieindtægter,t.DKK,F&P,reported,kvartalsvise-markedsandele-1-2026.xlsx,Skadeforsikring i alt,466
Forsikring,Skadeforsikring i alt,2014,3,9,Codan,4533810.0,38816686.0,0.11683643965327965,11.683643965327965,Bruttopræmieindtægter,t.DKK,F&P,reported,kvartalsvise-markedsandele-1-2026.xlsx,Skadeforsikring i alt,467
Forsikring,Skadeforsikring i alt,2014,3,9,Alm. Brand,3781542.0,38816686.0,0.09745046741688392,9.745046741688391,Bruttopræmieindtægter,t.DKK,F&P,reported,kvartalsvise-markedsandele-1-2026.xlsx,Skadeforsikring i alt,468
Forsikring,Skadeforsikring i alt,2014,3,9,Gjensidige Forsikring,2445286.0,38816686.0,0.06038248915854653,6.038248915854653,Bruttopræmieindtægter,t.DKK,F&P,reported,kvartalsvise-markedsandele-1-2026.xlsx,Skadeforsikring i alt,469
Forsikring,Skadeforsikring i alt,2014,3,9,If,2343128.0,38816686.0,0.06301510433256126,6.3015104332561265,Bruttopræmieindtægter,t.DKK,F&P,reported,kvartalsvise-markedsandele-1-2026.xlsx,Skadeforsikring i alt,470
Forsikring,Skadeforsikring i alt,2014,3,9,Sygeforsikringen Danmark,2116641.0,38816686.0,0.054545911377882506,5.454591137788251,Bruttopræmieindtægter,t.DKK,F&P,reported,kvartalsvise-markedsandele-1-2026.xlsx,Skadeforsikring i alt,471
Forsikring,Skadeforsikring i alt,2014,3,9,LB Forsikring,1754066.0,38816686.0,0.04520234115608497,4.520234115608497,Bruttopræmieindtægter,t.DKK,F&P,reported,kvartalsvise-markedsandele-1-2026.xlsx,Skadeforsikring i alt,472
Forsikring,Skadeforsikring i alt,2014,3,9,Alka,1492807.0,38816686.0,0.038469687739339196,3.8469687739339196,Bruttopræmieindtægter,t.DKK,F&P,reported,kvartalsvise-markedsandele-1-2026.xlsx,Skadeforsikring i alt,473
Forsikring,Skadeforsikring i alt,2014,3,9,PFA Pension,1118119.0,38816686.0,0.023033102124584714,2.3033102124584715,Bruttopræmieindtægter,t.DKK,F&P,reported,kvartalsvise-markedsandele-1-2026.xlsx,Skadeforsikring i alt,474
Forsikring,Skadeforsikring i alt,2014,3,9,GF-Forsikring,1143285.0,38816686.0,0.028813965090880602,2.88139650908806,Bruttopræmieindtægter,t.DKK,F&P,reported,kvartalsvise-markedsandele-1-2026.xlsx,Skadeforsikring i alt,475
Forsikring,Skadeforsikring i alt,2014,3,9,Danica Pension,893794.0,38816686.0,0.029462493776536692,2.946249377653669,Bruttopræmieindtægter,t.DKK,F&P,reported,kvartalsvise-markedsandele-1-2026.xlsx,Skadeforsikring i alt,476
Forsikring,Skadeforsikring i alt,2014,3,9,Købstædernes Forsikring,519937.0,38816686.0,0.013398794374710732,1.3398794374710732,Bruttopræmieindtægter,t.DKK,F&P,reported,kvartalsvise-markedsandele-1-2026.xlsx,Skadeforsikring i alt,477
Forsikring,Skadeforsikring i alt,2014,3,9,PKA,415628.0,38816686.0,0.00014889925875073058,0.014889925875073057,Bruttopræmieindtægter,t.DKK,F&P,reported,kvartalsvise-markedsandele-1-2026.xlsx,Skadeforsikring i alt,478
Forsikring,Skadeforsikring i alt,2014,3,9,Himmerland Forsikring,269512.0,38816686.0,0.01071074785670624,1.071074785670624,Bruttopræmieindtægter,t.DKK,F&P,reported,kvartalsvise-markedsandele-1-2026.xlsx,Skadeforsikring i alt,479
Forsikring,Skadeforsikring i alt,2014,3,9,Sønderjysk Forsikring,210179.0,38816686.0,0.00694533351063117,0.694533351063117,Bruttopræmieindtægter,t.DKK,F&P,reported,kvartalsvise-markedsandele-1-2026.xlsx,Skadeforsikring i alt,480
Forsikring,Skadeforsikring i alt,2014,3,9,Thisted Forsikring,204806.0,38816686.0,0.0054163200597040165,0.5416320059704016,Bruttopræmieindtægter,t.DKK,F&P,reported,kvartalsvise-markedsandele-1-2026.xlsx,Skadeforsikring i alt,481
Forsikring,Skadeforsikring i alt,2014,3,9,Lokal Forsikring,182904.0,38816686.0,0.005277857664884411,0.5277857664884411,Bruttopræmieindtægter,t.DKK,F&P,reported,kvartalsvise-markedsandele-1-2026.xlsx,Skadeforsikring i alt,482
Forsikring,Skadeforsikring i alt,2014,3,9,Vestjylland Forsikring,169328.0,38816686.0,0.004363588384517776,0.4363588384517776,Bruttopræmieindtægter,t.DKK,F&P,reported,kvartalsvise-markedsandele-1-2026.xlsx,Skadeforsikring i alt,483
Forsikring,Skadeforsikring i alt,2014,3,9,PenSam Forsikring,172564.0,38816686.0,0.003853419013543699,0.3853419013543699,Bruttopræmieindtægter,t.DKK,F&P,reported,kvartalsvise-markedsandele-1-2026.xlsx,Skadeforsikring i alt,484
Forsikring,Skadeforsikring i alt,2014,3,9,Popermo Forsikring,149531.0,38816686.0,0.004713442371502877,0.4713442371502877,Bruttopræmieindtægter,t.DKK,F&P,reported,kvartalsvise-markedsandele-1-2026.xlsx,Skadeforsikring i alt,485
Forsikring,Skadeforsikring i alt,2014,3,9,Skandia,139987.0,38816686.0,0.004446980215829192,0.4446980215829192,Bruttopræmieindtægter,t.DKK,F&P,reported,kvartalsvise-markedsandele-1-2026.xlsx,Skadeforsikring i alt,486
Forsikring,Skadeforsikring i alt,2014,3,9,Gartnernes Forsikring,116299.0,38816686.0,0.0027973372338857398,0.279733723388574,Bruttopræmieindtægter,t.DKK,F&P,reported,kvartalsvise-markedsandele-1-2026.xlsx,Skadeforsikring i alt,487
Forsikring,Skadeforsikring i alt,2014,3,9,Aros Forsikring,108550.0,38816686.0,0.0027587079523233747,0.2758707952323375,Bruttopræmieindtægter,t.DKK,F&P,reported,kvartalsvise-markedsandele-1-2026.xlsx,Skadeforsikring i alt,488
Forsikring,Skadeforsikring i alt,2014,3,9,Nem Forsikring,107051.0,38816686.0,0.003607469805250696,0.3607469805250696,Bruttopræmieindtægter,t.DKK,F&P,reported,kvartalsvise-markedsandele-1-2026.xlsx,Skadeforsikring i alt,489
Forsikring,Skadeforsikring i alt,2014,3,9,PensionDanmark,98381.0,38816686.0,0.0021692699555415367,0.21692699555415368,Bruttopræmieindtægter,t.DKK,F&P,reported,kvartalsvise-markedsandele-1-2026.xlsx,Skadeforsikring i alt,490
Forsikring,Skadeforsikring i alt,2014,3,9,HDI-Gerling Forsikring,112644.0,38816686.0,0.0029970292304346167,0.2997029230434617,Bruttopræmieindtægter,t.DKK,F&P,reported,kvartalsvise-markedsandele-1-2026.xlsx,Skadeforsikring i alt,491
Forsikring,Skadeforsikring i alt,2014,3,9,Forsikringsselskabet Nærsikring,84178.0,38816686.0,0.0025352817540940853,0.25352817540940853,Bruttopræmieindtægter,t.DKK,F&P,reported,kvartalsvise-markedsandele-1-2026.xlsx,Skadeforsikring i alt,492
Forsikring,Skadeforsikring i alt,2014,3,9,Bornholms Brandforsikring,83131.0,38816686.0,0.0029028397547105045,0.29028397547105045,Bruttopræmieindtægter,t.DKK,F&P,reported,kvartalsvise-markedsandele-1-2026.xlsx,Skadeforsikring i alt,493
Forsikring,Skadeforsikring i alt,2014,3,9,Dansk Boligforsikring,61032.0,38816686.0,0.0015727967393690879,0.15727967393690878,Bruttopræmieindtægter,t.DKK,F&P,reported,kvartalsvise-markedsandele-1-2026.xlsx,Skadeforsikring i alt,494
Forsikring,Skadeforsikring i alt,2014,3,9,Forsikringsselskabet TRAFIK,38512.0,38816686.0,0.0009924555647296877,0.09924555647296877,Bruttopræmieindtægter,t.DKK,F&P,reported,kvartalsvise-markedsandele-1-2026.xlsx,Skadeforsikring i alt,495
Forsikring,Skadeforsikring i alt,2014,3,9,AXA Forsikring,41678.0,38816686.0,0.002142288729526996,0.21422887295269963,Bruttopræmieindtægter,t.DKK,F&P,reported,kvartalsvise-markedsandele-1-2026.xlsx,Skadeforsikring i alt,496
Forsikring,Skadeforsikring i alt,2014,3,9,HF Forsikring,36691.0,38816686.0,0.0010740434936332554,0.10740434936332553,Bruttopræmieindtægter,t.DKK,F&P,reported,kvartalsvise-markedsandele-1-2026.xlsx,Skadeforsikring i alt,497
Forsikring,Skadeforsikring i alt,2014,3,9,Forsikringsselskabet Vendsyssel,34581.0,38816686.0,0.0009455283320912176,0.09455283320912176,Bruttopræmieindtægter,t.DKK,F&P,reported,kvartalsvise-markedsandele-1-2026.xlsx,Skadeforsikring i alt,498
Forsikring,Skadeforsikring i alt,2014,3,9,Husejernes Forsikring,11926.0,38816686.0,0.00030733343022866267,0.030733343022866268,Bruttopræmieindtægter,t.DKK,F&P,reported,kvartalsvise-markedsandele-1-2026.xlsx,Skadeforsikring i alt,499
Forsikring,Skadeforsikring i alt,2014,3,9,"Ulykkesforsikringsforbundet for 
dansk Fiskeri",10024.0,38816686.0,0.0008911535595117713,0.08911535595117713,Bruttopræmieindtægter,t.DKK,F&P,reported,kvartalsvise-markedsandele-1-2026.xlsx,Skadeforsikring i alt,500
Forsikring,Skadeforsikring i alt,2014,3,9,Dansk Musiker Forbund Forsikring,5778.0,38816686.0,0.0002583188248039673,0.025831882480396733,Bruttopræmieindtægter,t.DKK,F&P,reported,kvartalsvise-markedsandele-1-2026.xlsx,Skadeforsikring i alt,501
Forsikring,Skadeforsikring i alt,2014,4,12,Tryg,9334834.0,51979960.0,0.17964967709248636,17.964967709248636,Bruttopræmieindtægter,t.DKK,F&P,reported,kvartalsvise-markedsandele-1-2026.xlsx,Skadeforsikring i alt,465
Forsikring,Skadeforsikring i alt,2014,4,12,Topdanmark,9115877.0,51979960.0,0.17543583093869944,17.543583093869945,Bruttopræmieindtægter,t.DKK,F&P,reported,kvartalsvise-markedsandele-1-2026.xlsx,Skadeforsikring i alt,466
Forsikring,Skadeforsikring i alt,2014,4,12,Codan,6042124.0,51979960.0,0.11628119209755226,11.628119209755226,Bruttopræmieindtægter,t.DKK,F&P,reported,kvartalsvise-markedsandele-1-2026.xlsx,Skadeforsikring i alt,467
Forsikring,Skadeforsikring i alt,2014,4,12,Alm. Brand,5058048.0,51979960.0,0.09734256548303875,9.734256548303875,Bruttopræmieindtægter,t.DKK,F&P,reported,kvartalsvise-markedsandele-1-2026.xlsx,Skadeforsikring i alt,468
Forsikring,Skadeforsikring i alt,2014,4,12,Gjensidige Forsikring,3310635.0,51979960.0,0.05993416102339821,5.993416102339821,Bruttopræmieindtægter,t.DKK,F&P,reported,kvartalsvise-markedsandele-1-2026.xlsx,Skadeforsikring i alt,469
Forsikring,Skadeforsikring i alt,2014,4,12,If,3114258.0,51979960.0,0.06371345314989893,6.371345314989893,Bruttopræmieindtægter,t.DKK,F&P,reported,kvartalsvise-markedsandele-1-2026.xlsx,Skadeforsikring i alt,470
Forsikring,Skadeforsikring i alt,2014,4,12,Sygeforsikringen Danmark,2823160.0,51979960.0,0.05433195516711105,5.433195516711105,Bruttopræmieindtægter,t.DKK,F&P,reported,kvartalsvise-markedsandele-1-2026.xlsx,Skadeforsikring i alt,471
Forsikring,Skadeforsikring i alt,2014,4,12,LB Forsikring,2386350.0,51979960.0,0.045925509433767636,4.5925509433767635,Bruttopræmieindtægter,t.DKK,F&P,reported,kvartalsvise-markedsandele-1-2026.xlsx,Skadeforsikring i alt,472
Forsikring,Skadeforsikring i alt,2014,4,12,Alka,2025353.0,51979960.0,0.0389780913563432,3.8978091356343194,Bruttopræmieindtægter,t.DKK,F&P,reported,kvartalsvise-markedsandele-1-2026.xlsx,Skadeforsikring i alt,473
Forsikring,Skadeforsikring i alt,2014,4,12,PFA Pension,1565710.0,51979960.0,0.022887910579943337,2.2887910579943336,Bruttopræmieindtægter,t.DKK,F&P,reported,kvartalsvise-markedsandele-1-2026.xlsx,Skadeforsikring i alt,474
Forsikring,Skadeforsikring i alt,2014,4,12,GF-Forsikring,1541623.0,51979960.0,0.030132222589119084,3.013222258911908,Bruttopræmieindtægter,t.DKK,F&P,reported,kvartalsvise-markedsandele-1-2026.xlsx,Skadeforsikring i alt,475
Forsikring,Skadeforsikring i alt,2014,4,12,Danica Pension,1189286.0,51979960.0,0.029668666218204857,2.9668666218204858,Bruttopræmieindtægter,t.DKK,F&P,reported,kvartalsvise-markedsandele-1-2026.xlsx,Skadeforsikring i alt,476
Forsikring,Skadeforsikring i alt,2014,4,12,Købstædernes Forsikring,696991.0,51979960.0,0.01341365128575068,1.341365128575068,Bruttopræmieindtægter,t.DKK,F&P,reported,kvartalsvise-markedsandele-1-2026.xlsx,Skadeforsikring i alt,477
Forsikring,Skadeforsikring i alt,2014,4,12,PKA,511927.0,51979960.0,0.00014420342455516623,0.014420342455516622,Bruttopræmieindtægter,t.DKK,F&P,reported,kvartalsvise-markedsandele-1-2026.xlsx,Skadeforsikring i alt,478
Forsikring,Skadeforsikring i alt,2014,4,12,Himmerland Forsikring,360345.0,51979960.0,0.009852078809856208,0.9852078809856208,Bruttopræmieindtægter,t.DKK,F&P,reported,kvartalsvise-markedsandele-1-2026.xlsx,Skadeforsikring i alt,479
Forsikring,Skadeforsikring i alt,2014,4,12,Sønderjysk Forsikring,283110.0,51979960.0,0.006934870281773839,0.6934870281773838,Bruttopræmieindtægter,t.DKK,F&P,reported,kvartalsvise-markedsandele-1-2026.xlsx,Skadeforsikring i alt,480
Forsikring,Skadeforsikring i alt,2014,4,12,Thisted Forsikring,275753.0,51979960.0,0.005448476114481931,0.544847611448193,Bruttopræmieindtægter,t.DKK,F&P,reported,kvartalsvise-markedsandele-1-2026.xlsx,Skadeforsikring i alt,481
Forsikring,Skadeforsikring i alt,2014,4,12,Lokal Forsikring,246233.0,51979960.0,0.005306890021534866,0.5306890021534866,Bruttopræmieindtægter,t.DKK,F&P,reported,kvartalsvise-markedsandele-1-2026.xlsx,Skadeforsikring i alt,482
Forsikring,Skadeforsikring i alt,2014,4,12,Vestjylland Forsikring,228122.0,51979960.0,0.004390227361053467,0.4390227361053467,Bruttopræmieindtægter,t.DKK,F&P,reported,kvartalsvise-markedsandele-1-2026.xlsx,Skadeforsikring i alt,483
Forsikring,Skadeforsikring i alt,2014,4,12,PenSam Forsikring,225235.0,51979960.0,0.0037830641632300398,0.378306416323004,Bruttopræmieindtægter,t.DKK,F&P,reported,kvartalsvise-markedsandele-1-2026.xlsx,Skadeforsikring i alt,484
Forsikring,Skadeforsikring i alt,2014,4,12,Popermo Forsikring,196573.0,51979960.0,0.004738775101894067,0.47387751018940666,Bruttopræmieindtægter,t.DKK,F&P,reported,kvartalsvise-markedsandele-1-2026.xlsx,Skadeforsikring i alt,485
Forsikring,Skadeforsikring i alt,2014,4,12,Skandia,192115.0,51979960.0,0.004334666799637376,0.43346667996373767,Bruttopræmieindtægter,t.DKK,F&P,reported,kvartalsvise-markedsandele-1-2026.xlsx,Skadeforsikring i alt,486
Forsikring,Skadeforsikring i alt,2014,4,12,Gartnernes Forsikring,155366.0,51979960.0,0.0028065685323840324,0.2806568532384032,Bruttopræmieindtægter,t.DKK,F&P,reported,kvartalsvise-markedsandele-1-2026.xlsx,Skadeforsikring i alt,487
Forsikring,Skadeforsikring i alt,2014,4,12,Aros Forsikring,145833.0,51979960.0,0.0027645757561422903,0.276457575614229,Bruttopræmieindtægter,t.DKK,F&P,reported,kvartalsvise-markedsandele-1-2026.xlsx,Skadeforsikring i alt,488
Forsikring,Skadeforsikring i alt,2014,4,12,Nem Forsikring,143651.0,51979960.0,0.003697269572723309,0.3697269572723309,Bruttopræmieindtægter,t.DKK,F&P,reported,kvartalsvise-markedsandele-1-2026.xlsx,Skadeforsikring i alt,489
Forsikring,Skadeforsikring i alt,2014,4,12,PensionDanmark,143308.0,51979960.0,0.0021708456278957356,0.21708456278957358,Bruttopræmieindtægter,t.DKK,F&P,reported,kvartalsvise-markedsandele-1-2026.xlsx,Skadeforsikring i alt,490
Forsikring,Skadeforsikring i alt,2014,4,12,HDI-Gerling Forsikring,124278.0,51979960.0,0.002990031931060717,0.2990031931060717,Bruttopræmieindtægter,t.DKK,F&P,reported,kvartalsvise-markedsandele-1-2026.xlsx,Skadeforsikring i alt,491
Forsikring,Skadeforsikring i alt,2014,4,12,Forsikringsselskabet Nærsikring,112800.0,51979960.0,0.002757974691865976,0.2757974691865976,Bruttopræmieindtægter,t.DKK,F&P,reported,kvartalsvise-markedsandele-1-2026.xlsx,Skadeforsikring i alt,492
Forsikring,Skadeforsikring i alt,2014,4,12,Bornholms Brandforsikring,112291.0,51979960.0,0.002391740717585339,0.23917407175853392,Bruttopræmieindtægter,t.DKK,F&P,reported,kvartalsvise-markedsandele-1-2026.xlsx,Skadeforsikring i alt,493
Forsikring,Skadeforsikring i alt,2014,4,12,Dansk Boligforsikring,81635.0,51979960.0,0.001571072542848124,0.1571072542848124,Bruttopræmieindtægter,t.DKK,F&P,reported,kvartalsvise-markedsandele-1-2026.xlsx,Skadeforsikring i alt,494
Forsikring,Skadeforsikring i alt,2014,4,12,Forsikringsselskabet TRAFIK,51694.0,51979960.0,0.0009948554422734234,0.09948554422734235,Bruttopræmieindtægter,t.DKK,F&P,reported,kvartalsvise-markedsandele-1-2026.xlsx,Skadeforsikring i alt,495
Forsikring,Skadeforsikring i alt,2014,4,12,AXA Forsikring,51362.0,51979960.0,0.00216104987945071,0.216104987945071,Bruttopræmieindtægter,t.DKK,F&P,reported,kvartalsvise-markedsandele-1-2026.xlsx,Skadeforsikring i alt,496
Forsikring,Skadeforsikring i alt,2014,4,12,HF Forsikring,48609.0,51979960.0,0.0009884660739359998,0.09884660739359999,Bruttopræmieindtægter,t.DKK,F&P,reported,kvartalsvise-markedsandele-1-2026.xlsx,Skadeforsikring i alt,497
Forsikring,Skadeforsikring i alt,2014,4,12,Forsikringsselskabet Vendsyssel,46113.0,51979960.0,0.0009354843539573033,0.09354843539573034,Bruttopræmieindtægter,t.DKK,F&P,reported,kvartalsvise-markedsandele-1-2026.xlsx,Skadeforsikring i alt,498
Forsikring,Skadeforsikring i alt,2014,4,12,Husejernes Forsikring,18642.0,51979960.0,0.000358766881163407,0.0358766881163407,Bruttopræmieindtægter,t.DKK,F&P,reported,kvartalsvise-markedsandele-1-2026.xlsx,Skadeforsikring i alt,499
Forsikring,Skadeforsikring i alt,2014,4,12,"Ulykkesforsikringsforbundet for 
dansk Fiskeri",13223.0,51979960.0,0.0008874486209145042,0.08874486209145041,Bruttopræmieindtægter,t.DKK,F&P,reported,kvartalsvise-markedsandele-1-2026.xlsx,Skadeforsikring i alt,500
Forsikring,Skadeforsikring i alt,2014,4,12,Dansk Musiker Forbund Forsikring,7493.0,51979960.0,0.00025447776363178473,0.025447776363178472,Bruttopræmieindtægter,t.DKK,F&P,reported,kvartalsvise-markedsandele-1-2026.xlsx,Skadeforsikring i alt,501
Forsikring,Skadeforsikring i alt,2013,1,3,Tryg,2394664.0,12673352.0,0.18895269380981447,18.895269380981446,Bruttopræmieindtægter,t.DKK,F&P,reported,kvartalsvise-markedsandele-1-2026.xlsx,Skadeforsikring i alt,506
Forsikring,Skadeforsikring i alt,2013,1,3,Topdanmark,2185727.0,12673352.0,0.17246636880282343,17.24663688028234,Bruttopræmieindtægter,t.DKK,F&P,reported,kvartalsvise-markedsandele-1-2026.xlsx,Skadeforsikring i alt,507
Forsikring,Skadeforsikring i alt,2013,1,3,Codan,1559162.0,12673352.0,0.12302680458966182,12.302680458966183,Bruttopræmieindtægter,t.DKK,F&P,reported,kvartalsvise-markedsandele-1-2026.xlsx,Skadeforsikring i alt,508
Forsikring,Skadeforsikring i alt,2013,1,3,Alm. Brand,1224843.0,12673352.0,0.0966471222451645,9.66471222451645,Bruttopræmieindtægter,t.DKK,F&P,reported,kvartalsvise-markedsandele-1-2026.xlsx,Skadeforsikring i alt,509
Forsikring,Skadeforsikring i alt,2013,1,3,If,763675.0,12673352.0,0.06025832786779693,6.025832786779693,Bruttopræmieindtægter,t.DKK,F&P,reported,kvartalsvise-markedsandele-1-2026.xlsx,Skadeforsikring i alt,510
Forsikring,Skadeforsikring i alt,2013,1,3,Gjensidige Forsikring,742073.0,12673352.0,0.0585538064436307,5.85538064436307,Bruttopræmieindtægter,t.DKK,F&P,reported,kvartalsvise-markedsandele-1-2026.xlsx,Skadeforsikring i alt,511
Forsikring,Skadeforsikring i alt,2013,1,3,Sygeforsikringen Danmark,682649.0,12673352.0,0.053864912771301544,5.386491277130155,Bruttopræmieindtægter,t.DKK,F&P,reported,kvartalsvise-markedsandele-1-2026.xlsx,Skadeforsikring i alt,512
Forsikring,Skadeforsikring i alt,2013,1,3,LB Forsikring,611647.0,12673352.0,0.04826244864026502,4.826244864026502,Bruttopræmieindtægter,t.DKK,F&P,reported,kvartalsvise-markedsandele-1-2026.xlsx,Skadeforsikring i alt,513
Forsikring,Skadeforsikring i alt,2013,1,3,Alka,475150.0,12673352.0,0.03749205419371292,3.749205419371292,Bruttopræmieindtægter,t.DKK,F&P,reported,kvartalsvise-markedsandele-1-2026.xlsx,Skadeforsikring i alt,514
Forsikring,Skadeforsikring i alt,2013,1,3,GF-Forsikring,385363.0,12673352.0,0.03040734605966914,3.040734605966914,Bruttopræmieindtægter,t.DKK,F&P,reported,kvartalsvise-markedsandele-1-2026.xlsx,Skadeforsikring i alt,515
Forsikring,Skadeforsikring i alt,2013,1,3,Danica Pension,328430.0,12673352.0,0.025915006542862537,2.5915006542862535,Bruttopræmieindtægter,t.DKK,F&P,reported,kvartalsvise-markedsandele-1-2026.xlsx,Skadeforsikring i alt,516
Forsikring,Skadeforsikring i alt,2013,1,3,PFA Pension,191590.0,12673352.0,0.015117547433386211,1.5117547433386211,Bruttopræmieindtægter,t.DKK,F&P,reported,kvartalsvise-markedsandele-1-2026.xlsx,Skadeforsikring i alt,517
Forsikring,Skadeforsikring i alt,2013,1,3,Købstædernes Forsikring,180240.0,12673352.0,0.014221967479479777,1.4221967479479778,Bruttopræmieindtægter,t.DKK,F&P,reported,kvartalsvise-markedsandele-1-2026.xlsx,Skadeforsikring i alt,518
Forsikring,Skadeforsikring i alt,2013,1,3,PKA,153351.0,12673352.0,0.012100271498811049,1.2100271498811048,Bruttopræmieindtægter,t.DKK,F&P,reported,kvartalsvise-markedsandele-1-2026.xlsx,Skadeforsikring i alt,519
Forsikring,Skadeforsikring i alt,2013,1,3,Himmerland Forsikring,88658.0,12673352.0,0.006995623572990003,0.6995623572990003,Bruttopræmieindtægter,t.DKK,F&P,reported,kvartalsvise-markedsandele-1-2026.xlsx,Skadeforsikring i alt,520
Forsikring,Skadeforsikring i alt,2013,1,3,Sønderjysk Forsikring,67574.0,12673352.0,0.005331975313239938,0.5331975313239938,Bruttopræmieindtægter,t.DKK,F&P,reported,kvartalsvise-markedsandele-1-2026.xlsx,Skadeforsikring i alt,521
Forsikring,Skadeforsikring i alt,2013,1,3,Thisted Forsikring,60226.0,12673352.0,0.004752176062023686,0.4752176062023686,Bruttopræmieindtægter,t.DKK,F&P,reported,kvartalsvise-markedsandele-1-2026.xlsx,Skadeforsikring i alt,522
Forsikring,Skadeforsikring i alt,2013,1,3,Lokal Forsikring,56876.0,12673352.0,0.004487841890606368,0.44878418906063683,Bruttopræmieindtægter,t.DKK,F&P,reported,kvartalsvise-markedsandele-1-2026.xlsx,Skadeforsikring i alt,523
Forsikring,Skadeforsikring i alt,2013,1,3,Vestjylland Forsikring,50566.0,12673352.0,0.003989946779668079,0.3989946779668079,Bruttopræmieindtægter,t.DKK,F&P,reported,kvartalsvise-markedsandele-1-2026.xlsx,Skadeforsikring i alt,524
Forsikring,Skadeforsikring i alt,2013,1,3,Popermo Forsikring,49790.0,12673352.0,0.003928715938766634,0.3928715938766634,Bruttopræmieindtægter,t.DKK,F&P,reported,kvartalsvise-markedsandele-1-2026.xlsx,Skadeforsikring i alt,525
Forsikring,Skadeforsikring i alt,2013,1,3,PenSam Forsikring,46974.0,12673352.0,0.0037065174233304656,0.37065174233304654,Bruttopræmieindtægter,t.DKK,F&P,reported,kvartalsvise-markedsandele-1-2026.xlsx,Skadeforsikring i alt,526
Forsikring,Skadeforsikring i alt,2013,1,3,Skandia,43695.0,12673352.0,0.003447785558232739,0.34477855582327394,Bruttopræmieindtægter,t.DKK,F&P,reported,kvartalsvise-markedsandele-1-2026.xlsx,Skadeforsikring i alt,527
Forsikring,Skadeforsikring i alt,2013,1,3,Gartnernes Forsikring,37567.0,12673352.0,0.0029642512888460766,0.29642512888460765,Bruttopræmieindtægter,t.DKK,F&P,reported,kvartalsvise-markedsandele-1-2026.xlsx,Skadeforsikring i alt,528
Forsikring,Skadeforsikring i alt,2013,1,3,Nem Forsikring,36019.0,12673352.0,0.0028421052299344323,0.28421052299344324,Bruttopræmieindtægter,t.DKK,F&P,reported,kvartalsvise-markedsandele-1-2026.xlsx,Skadeforsikring i alt,529
Forsikring,Skadeforsikring i alt,2013,1,3,Aros Forsikring,34538.0,12673352.0,0.0027252458544511347,0.2725245854451135,Bruttopræmieindtægter,t.DKK,F&P,reported,kvartalsvise-markedsandele-1-2026.xlsx,Skadeforsikring i alt,530
Forsikring,Skadeforsikring i alt,2013,1,3,PensionDanmark,35750.0,12673352.0,0.002820879590498236,0.2820879590498236,Bruttopræmieindtægter,t.DKK,F&P,reported,kvartalsvise-markedsandele-1-2026.xlsx,Skadeforsikring i alt,531
Forsikring,Skadeforsikring i alt,2013,1,3,Bornholms Brandforsikring,26851.0,12673352.0,0.002118697563201906,0.2118697563201906,Bruttopræmieindtægter,t.DKK,F&P,reported,kvartalsvise-markedsandele-1-2026.xlsx,Skadeforsikring i alt,532
Forsikring,Skadeforsikring i alt,2013,1,3,Forsikringsselskabet Nærsikring,27314.0,12673352.0,0.0021552309128634634,0.21552309128634634,Bruttopræmieindtægter,t.DKK,F&P,reported,kvartalsvise-markedsandele-1-2026.xlsx,Skadeforsikring i alt,533
Forsikring,Skadeforsikring i alt,2013,1,3,HDI-Gerling Forsikring,42957.0,12673352.0,0.003389553134798118,0.3389553134798118,Bruttopræmieindtægter,t.DKK,F&P,reported,kvartalsvise-markedsandele-1-2026.xlsx,Skadeforsikring i alt,534
Forsikring,Skadeforsikring i alt,2013,1,3,Dansk Boligforsikring,23255.0,12673352.0,0.0018349525839730482,0.18349525839730482,Bruttopræmieindtægter,t.DKK,F&P,reported,kvartalsvise-markedsandele-1-2026.xlsx,Skadeforsikring i alt,535
Forsikring,Skadeforsikring i alt,2013,1,3,AXA Forsikring,23737.0,12673352.0,0.0018729851423680175,0.18729851423680174,Bruttopræmieindtægter,t.DKK,F&P,reported,kvartalsvise-markedsandele-1-2026.xlsx,Skadeforsikring i alt,536
Forsikring,Skadeforsikring i alt,2013,1,3,HF Forsikring,12791.0,12673352.0,0.0010092831004772848,0.10092831004772848,Bruttopræmieindtægter,t.DKK,F&P,reported,kvartalsvise-markedsandele-1-2026.xlsx,Skadeforsikring i alt,537
Forsikring,Skadeforsikring i alt,2013,1,3,Forsikringsselskabet TRAFIK,12817.0,12673352.0,0.0010113346492703745,0.10113346492703745,Bruttopræmieindtægter,t.DKK,F&P,reported,kvartalsvise-markedsandele-1-2026.xlsx,Skadeforsikring i alt,538
Forsikring,Skadeforsikring i alt,2013,1,3,Forsikringsselskabet Vendsyssel,11824.0,12673352.0,0.0009329812665189131,0.09329812665189131,Bruttopræmieindtægter,t.DKK,F&P,reported,kvartalsvise-markedsandele-1-2026.xlsx,Skadeforsikring i alt,539
Forsikring,Skadeforsikring i alt,2013,1,3,"Ulykkesforsikringsforbundet for 
dansk Fiskeri",2989.0,12673352.0,0.00023584920548249587,0.023584920548249587,Bruttopræmieindtægter,t.DKK,F&P,reported,kvartalsvise-markedsandele-1-2026.xlsx,Skadeforsikring i alt,540
Forsikring,Skadeforsikring i alt,2013,1,3,Dansk Musiker Forbund Forsikring,1987.0,12673352.0,0.00015678567122573412,0.01567856712257341,Bruttopræmieindtægter,t.DKK,F&P,reported,kvartalsvise-markedsandele-1-2026.xlsx,Skadeforsikring i alt,541
Forsikring,Skadeforsikring i alt,2013,1,3,Husejernes Forsikring,33.0,12673352.0,2.6038888527676024e-06,0.0002603888852767602,Bruttopræmieindtægter,t.DKK,F&P,reported,kvartalsvise-markedsandele-1-2026.xlsx,Skadeforsikring i alt,542
Forsikring,Skadeforsikring i alt,2013,2,6,Tryg,4778014.0,25367319.0,0.1883531326270624,18.83531326270624,Bruttopræmieindtægter,t.DKK,F&P,reported,kvartalsvise-markedsandele-1-2026.xlsx,Skadeforsikring i alt,506
Forsikring,Skadeforsikring i alt,2013,2,6,Topdanmark,4389895.0,25367319.0,0.17305317128704062,17.30531712870406,Bruttopræmieindtægter,t.DKK,F&P,reported,kvartalsvise-markedsandele-1-2026.xlsx,Skadeforsikring i alt,507
Forsikring,Skadeforsikring i alt,2013,2,6,Codan,3108874.0,25367319.0,0.12255429909640826,12.255429909640826,Bruttopræmieindtægter,t.DKK,F&P,reported,kvartalsvise-markedsandele-1-2026.xlsx,Skadeforsikring i alt,508
Forsikring,Skadeforsikring i alt,2013,2,6,Alm. Brand,2482961.0,25367319.0,0.09788030812400789,9.78803081240079,Bruttopræmieindtægter,t.DKK,F&P,reported,kvartalsvise-markedsandele-1-2026.xlsx,Skadeforsikring i alt,509
Forsikring,Skadeforsikring i alt,2013,2,6,If,1545894.0,25367319.0,0.06094037765677958,6.094037765677958,Bruttopræmieindtægter,t.DKK,F&P,reported,kvartalsvise-markedsandele-1-2026.xlsx,Skadeforsikring i alt,510
Forsikring,Skadeforsikring i alt,2013,2,6,Gjensidige Forsikring,1500520.0,25367319.0,0.05915169829338292,5.915169829338292,Bruttopræmieindtægter,t.DKK,F&P,reported,kvartalsvise-markedsandele-1-2026.xlsx,Skadeforsikring i alt,511
Forsikring,Skadeforsikring i alt,2013,2,6,Sygeforsikringen Danmark,1367462.0,25367319.0,0.05390644553332577,5.390644553332577,Bruttopræmieindtægter,t.DKK,F&P,reported,kvartalsvise-markedsandele-1-2026.xlsx,Skadeforsikring i alt,512
Forsikring,Skadeforsikring i alt,2013,2,6,LB Forsikring,1227924.0,25367319.0,0.048405745991525556,4.840574599152555,Bruttopræmieindtægter,t.DKK,F&P,reported,kvartalsvise-markedsandele-1-2026.xlsx,Skadeforsikring i alt,513
Forsikring,Skadeforsikring i alt,2013,2,6,Alka,954580.0,25367319.0,0.03763030693152871,3.763030693152871,Bruttopræmieindtægter,t.DKK,F&P,reported,kvartalsvise-markedsandele-1-2026.xlsx,Skadeforsikring i alt,514
Forsikring,Skadeforsikring i alt,2013,2,6,GF-Forsikring,775530.0,25367319.0,0.030572012753890158,3.0572012753890156,Bruttopræmieindtægter,t.DKK,F&P,reported,kvartalsvise-markedsandele-1-2026.xlsx,Skadeforsikring i alt,515
Forsikring,Skadeforsikring i alt,2013,2,6,Danica Pension,602108.0,25367319.0,0.023735578836691414,2.3735578836691413,Bruttopræmieindtægter,t.DKK,F&P,reported,kvartalsvise-markedsandele-1-2026.xlsx,Skadeforsikring i alt,516
Forsikring,Skadeforsikring i alt,2013,2,6,PFA Pension,429639.0,25367319.0,0.016936712941560753,1.6936712941560752,Bruttopræmieindtægter,t.DKK,F&P,reported,kvartalsvise-markedsandele-1-2026.xlsx,Skadeforsikring i alt,517
Forsikring,Skadeforsikring i alt,2013,2,6,Købstædernes Forsikring,361633.0,25367319.0,0.014255862040446607,1.4255862040446607,Bruttopræmieindtægter,t.DKK,F&P,reported,kvartalsvise-markedsandele-1-2026.xlsx,Skadeforsikring i alt,518
Forsikring,Skadeforsikring i alt,2013,2,6,PKA,279061.0,25367319.0,0.011000807771605663,1.1000807771605663,Bruttopræmieindtægter,t.DKK,F&P,reported,kvartalsvise-markedsandele-1-2026.xlsx,Skadeforsikring i alt,519
Forsikring,Skadeforsikring i alt,2013,2,6,Himmerland Forsikring,178548.0,25367319.0,0.007038504936213401,0.7038504936213401,Bruttopræmieindtægter,t.DKK,F&P,reported,kvartalsvise-markedsandele-1-2026.xlsx,Skadeforsikring i alt,520
Forsikring,Skadeforsikring i alt,2013,2,6,Sønderjysk Forsikring,138542.0,25367319.0,0.005461436425347117,0.5461436425347117,Bruttopræmieindtægter,t.DKK,F&P,reported,kvartalsvise-markedsandele-1-2026.xlsx,Skadeforsikring i alt,521
Forsikring,Skadeforsikring i alt,2013,2,6,Thisted Forsikring,122695.0,25367319.0,0.004836735013266479,0.4836735013266479,Bruttopræmieindtægter,t.DKK,F&P,reported,kvartalsvise-markedsandele-1-2026.xlsx,Skadeforsikring i alt,522
Forsikring,Skadeforsikring i alt,2013,2,6,Lokal Forsikring,115210.0,25367319.0,0.004541670327873434,0.45416703278734344,Bruttopræmieindtægter,t.DKK,F&P,reported,kvartalsvise-markedsandele-1-2026.xlsx,Skadeforsikring i alt,523
Forsikring,Skadeforsikring i alt,2013,2,6,Vestjylland Forsikring,103035.0,25367319.0,0.004061722092113873,0.4061722092113873,Bruttopræmieindtægter,t.DKK,F&P,reported,kvartalsvise-markedsandele-1-2026.xlsx,Skadeforsikring i alt,524
Forsikring,Skadeforsikring i alt,2013,2,6,Popermo Forsikring,100494.0,25367319.0,0.00396155384019888,0.396155384019888,Bruttopræmieindtægter,t.DKK,F&P,reported,kvartalsvise-markedsandele-1-2026.xlsx,Skadeforsikring i alt,525
Forsikring,Skadeforsikring i alt,2013,2,6,PenSam Forsikring,94357.0,25367319.0,0.0037196283927363395,0.37196283927363394,Bruttopræmieindtægter,t.DKK,F&P,reported,kvartalsvise-markedsandele-1-2026.xlsx,Skadeforsikring i alt,526
Forsikring,Skadeforsikring i alt,2013,2,6,Skandia,90626.0,25367319.0,0.003572549389235812,0.3572549389235812,Bruttopræmieindtægter,t.DKK,F&P,reported,kvartalsvise-markedsandele-1-2026.xlsx,Skadeforsikring i alt,527
Forsikring,Skadeforsikring i alt,2013,2,6,Gartnernes Forsikring,76659.0,25367319.0,0.003021959080500387,0.3021959080500387,Bruttopræmieindtægter,t.DKK,F&P,reported,kvartalsvise-markedsandele-1-2026.xlsx,Skadeforsikring i alt,528
Forsikring,Skadeforsikring i alt,2013,2,6,Nem Forsikring,71570.0,25367319.0,0.002821346631072838,0.2821346631072838,Bruttopræmieindtægter,t.DKK,F&P,reported,kvartalsvise-markedsandele-1-2026.xlsx,Skadeforsikring i alt,529
Forsikring,Skadeforsikring i alt,2013,2,6,Aros Forsikring,69552.0,25367319.0,0.0027417954573756894,0.2741795457375689,Bruttopræmieindtægter,t.DKK,F&P,reported,kvartalsvise-markedsandele-1-2026.xlsx,Skadeforsikring i alt,530
Forsikring,Skadeforsikring i alt,2013,2,6,PensionDanmark,74706.0,25367319.0,0.002944970258780599,0.29449702587805987,Bruttopræmieindtægter,t.DKK,F&P,reported,kvartalsvise-markedsandele-1-2026.xlsx,Skadeforsikring i alt,531
Forsikring,Skadeforsikring i alt,2013,2,6,Bornholms Brandforsikring,54182.0,25367319.0,0.002135897766728916,0.21358977667289158,Bruttopræmieindtægter,t.DKK,F&P,reported,kvartalsvise-markedsandele-1-2026.xlsx,Skadeforsikring i alt,532
Forsikring,Skadeforsikring i alt,2013,2,6,Forsikringsselskabet Nærsikring,54743.0,25367319.0,0.002158012835333525,0.21580128353335248,Bruttopræmieindtægter,t.DKK,F&P,reported,kvartalsvise-markedsandele-1-2026.xlsx,Skadeforsikring i alt,533
Forsikring,Skadeforsikring i alt,2013,2,6,HDI-Gerling Forsikring,53018.0,25367319.0,0.002090011955934326,0.2090011955934326,Bruttopræmieindtægter,t.DKK,F&P,reported,kvartalsvise-markedsandele-1-2026.xlsx,Skadeforsikring i alt,534
Forsikring,Skadeforsikring i alt,2013,2,6,Dansk Boligforsikring,48445.0,25367319.0,0.0019097406391270595,0.19097406391270594,Bruttopræmieindtægter,t.DKK,F&P,reported,kvartalsvise-markedsandele-1-2026.xlsx,Skadeforsikring i alt,535
Forsikring,Skadeforsikring i alt,2013,2,6,AXA Forsikring,32453.0,25367319.0,0.0012793232110969235,0.12793232110969235,Bruttopræmieindtægter,t.DKK,F&P,reported,kvartalsvise-markedsandele-1-2026.xlsx,Skadeforsikring i alt,536
Forsikring,Skadeforsikring i alt,2013,2,6,HF Forsikring,24955.0,25367319.0,0.000983746055308407,0.0983746055308407,Bruttopræmieindtægter,t.DKK,F&P,reported,kvartalsvise-markedsandele-1-2026.xlsx,Skadeforsikring i alt,537
Forsikring,Skadeforsikring i alt,2013,2,6,Forsikringsselskabet TRAFIK,25816.0,25367319.0,0.0010176873638085286,0.10176873638085286,Bruttopræmieindtægter,t.DKK,F&P,reported,kvartalsvise-markedsandele-1-2026.xlsx,Skadeforsikring i alt,538
Forsikring,Skadeforsikring i alt,2013,2,6,Forsikringsselskabet Vendsyssel,23642.0,25367319.0,0.0009319865453657123,0.09319865453657124,Bruttopræmieindtægter,t.DKK,F&P,reported,kvartalsvise-markedsandele-1-2026.xlsx,Skadeforsikring i alt,539
Forsikring,Skadeforsikring i alt,2013,2,6,"Ulykkesforsikringsforbundet for 
dansk Fiskeri",5885.0,25367319.0,0.00023199140595030952,0.02319914059503095,Bruttopræmieindtægter,t.DKK,F&P,reported,kvartalsvise-markedsandele-1-2026.xlsx,Skadeforsikring i alt,540
Forsikring,Skadeforsikring i alt,2013,2,6,Dansk Musiker Forbund Forsikring,3813.0,25367319.0,0.00015031150907196774,0.015031150907196774,Bruttopræmieindtægter,t.DKK,F&P,reported,kvartalsvise-markedsandele-1-2026.xlsx,Skadeforsikring i alt,541
Forsikring,Skadeforsikring i alt,2013,2,6,Husejernes Forsikring,278.0,25367319.0,1.09589823031752e-05,0.00109589823031752,Bruttopræmieindtægter,t.DKK,F&P,reported,kvartalsvise-markedsandele-1-2026.xlsx,Skadeforsikring i alt,542
Forsikring,Skadeforsikring i alt,2013,3,9,Tryg,7139135.0,38260891.0,0.18659092387576648,18.65909238757665,Bruttopræmieindtægter,t.DKK,F&P,reported,kvartalsvise-markedsandele-1-2026.xlsx,Skadeforsikring i alt,506
Forsikring,Skadeforsikring i alt,2013,3,9,Topdanmark,6626341.0,38260891.0,0.17318836092970236,17.318836092970237,Bruttopræmieindtægter,t.DKK,F&P,reported,kvartalsvise-markedsandele-1-2026.xlsx,Skadeforsikring i alt,507
Forsikring,Skadeforsikring i alt,2013,3,9,Codan,4703860.0,38260891.0,0.12294172657923727,12.294172657923728,Bruttopræmieindtægter,t.DKK,F&P,reported,kvartalsvise-markedsandele-1-2026.xlsx,Skadeforsikring i alt,508
Forsikring,Skadeforsikring i alt,2013,3,9,Alm. Brand,3764009.0,38260891.0,0.09837745284081337,9.837745284081336,Bruttopræmieindtægter,t.DKK,F&P,reported,kvartalsvise-markedsandele-1-2026.xlsx,Skadeforsikring i alt,509
Forsikring,Skadeforsikring i alt,2013,3,9,If,2321714.0,38260891.0,0.06068112736841387,6.068112736841387,Bruttopræmieindtægter,t.DKK,F&P,reported,kvartalsvise-markedsandele-1-2026.xlsx,Skadeforsikring i alt,510
Forsikring,Skadeforsikring i alt,2013,3,9,Gjensidige Forsikring,2269238.0,38260891.0,0.05930959631860115,5.930959631860115,Bruttopræmieindtægter,t.DKK,F&P,reported,kvartalsvise-markedsandele-1-2026.xlsx,Skadeforsikring i alt,511
Forsikring,Skadeforsikring i alt,2013,3,9,Sygeforsikringen Danmark,2055892.0,38260891.0,0.05373351080611269,5.373351080611269,Bruttopræmieindtægter,t.DKK,F&P,reported,kvartalsvise-markedsandele-1-2026.xlsx,Skadeforsikring i alt,512
Forsikring,Skadeforsikring i alt,2013,3,9,LB Forsikring,1845920.0,38260891.0,0.048245609335130224,4.824560933513022,Bruttopræmieindtægter,t.DKK,F&P,reported,kvartalsvise-markedsandele-1-2026.xlsx,Skadeforsikring i alt,513
Forsikring,Skadeforsikring i alt,2013,3,9,Alka,1436058.0,38260891.0,0.03753331306372348,3.7533313063723477,Bruttopræmieindtægter,t.DKK,F&P,reported,kvartalsvise-markedsandele-1-2026.xlsx,Skadeforsikring i alt,514
Forsikring,Skadeforsikring i alt,2013,3,9,GF-Forsikring,1163924.0,38260891.0,0.030420723866571738,3.042072386657174,Bruttopræmieindtægter,t.DKK,F&P,reported,kvartalsvise-markedsandele-1-2026.xlsx,Skadeforsikring i alt,515
Forsikring,Skadeforsikring i alt,2013,3,9,Danica Pension,882956.0,38260891.0,0.02307724616240641,2.307724616240641,Bruttopræmieindtægter,t.DKK,F&P,reported,kvartalsvise-markedsandele-1-2026.xlsx,Skadeforsikring i alt,516
Forsikring,Skadeforsikring i alt,2013,3,9,PFA Pension,695017.0,38260891.0,0.018165206868810242,1.8165206868810242,Bruttopræmieindtægter,t.DKK,F&P,reported,kvartalsvise-markedsandele-1-2026.xlsx,Skadeforsikring i alt,517
Forsikring,Skadeforsikring i alt,2013,3,9,Købstædernes Forsikring,540622.0,38260891.0,0.014129885265871096,1.4129885265871096,Bruttopræmieindtægter,t.DKK,F&P,reported,kvartalsvise-markedsandele-1-2026.xlsx,Skadeforsikring i alt,518
Forsikring,Skadeforsikring i alt,2013,3,9,PKA,418592.0,38260891.0,0.010940466598124962,1.0940466598124963,Bruttopræmieindtægter,t.DKK,F&P,reported,kvartalsvise-markedsandele-1-2026.xlsx,Skadeforsikring i alt,519
Forsikring,Skadeforsikring i alt,2013,3,9,Himmerland Forsikring,269196.0,38260891.0,0.007035800603807162,0.7035800603807162,Bruttopræmieindtægter,t.DKK,F&P,reported,kvartalsvise-markedsandele-1-2026.xlsx,Skadeforsikring i alt,520
Forsikring,Skadeforsikring i alt,2013,3,9,Sønderjysk Forsikring,209965.0,38260891.0,0.0054877185165395125,0.5487718516539513,Bruttopræmieindtægter,t.DKK,F&P,reported,kvartalsvise-markedsandele-1-2026.xlsx,Skadeforsikring i alt,521
Forsikring,Skadeforsikring i alt,2013,3,9,Thisted Forsikring,187698.0,38260891.0,0.004905740433488598,0.4905740433488598,Bruttopræmieindtægter,t.DKK,F&P,reported,kvartalsvise-markedsandele-1-2026.xlsx,Skadeforsikring i alt,522
Forsikring,Skadeforsikring i alt,2013,3,9,Lokal Forsikring,174762.0,38260891.0,0.0045676406229013325,0.4567640622901332,Bruttopræmieindtægter,t.DKK,F&P,reported,kvartalsvise-markedsandele-1-2026.xlsx,Skadeforsikring i alt,523
Forsikring,Skadeforsikring i alt,2013,3,9,Vestjylland Forsikring,157357.0,38260891.0,0.004112737468659577,0.41127374686595775,Bruttopræmieindtægter,t.DKK,F&P,reported,kvartalsvise-markedsandele-1-2026.xlsx,Skadeforsikring i alt,524
Forsikring,Skadeforsikring i alt,2013,3,9,Popermo Forsikring,154066.0,38260891.0,0.004026722744120099,0.40267227441200987,Bruttopræmieindtægter,t.DKK,F&P,reported,kvartalsvise-markedsandele-1-2026.xlsx,Skadeforsikring i alt,525
Forsikring,Skadeforsikring i alt,2013,3,9,PenSam Forsikring,148109.0,38260891.0,0.003871028513162435,0.3871028513162435,Bruttopræmieindtægter,t.DKK,F&P,reported,kvartalsvise-markedsandele-1-2026.xlsx,Skadeforsikring i alt,526
Forsikring,Skadeforsikring i alt,2013,3,9,Skandia,134092.0,38260891.0,0.0035046753093125826,0.35046753093125826,Bruttopræmieindtægter,t.DKK,F&P,reported,kvartalsvise-markedsandele-1-2026.xlsx,Skadeforsikring i alt,527
Forsikring,Skadeforsikring i alt,2013,3,9,Gartnernes Forsikring,116136.0,38260891.0,0.0030353710267750954,0.30353710267750955,Bruttopræmieindtægter,t.DKK,F&P,reported,kvartalsvise-markedsandele-1-2026.xlsx,Skadeforsikring i alt,528
Forsikring,Skadeforsikring i alt,2013,3,9,Nem Forsikring,110383.0,38260891.0,0.0028850086110122214,0.28850086110122214,Bruttopræmieindtægter,t.DKK,F&P,reported,kvartalsvise-markedsandele-1-2026.xlsx,Skadeforsikring i alt,529
Forsikring,Skadeforsikring i alt,2013,3,9,Aros Forsikring,105053.0,38260891.0,0.0027457018708738385,0.27457018708738384,Bruttopræmieindtægter,t.DKK,F&P,reported,kvartalsvise-markedsandele-1-2026.xlsx,Skadeforsikring i alt,530
Forsikring,Skadeforsikring i alt,2013,3,9,PensionDanmark,116018.0,38260891.0,0.003032286937593795,0.3032286937593795,Bruttopræmieindtægter,t.DKK,F&P,reported,kvartalsvise-markedsandele-1-2026.xlsx,Skadeforsikring i alt,531
Forsikring,Skadeforsikring i alt,2013,3,9,Bornholms Brandforsikring,82100.0,38260891.0,0.0021457942524129928,0.21457942524129928,Bruttopræmieindtægter,t.DKK,F&P,reported,kvartalsvise-markedsandele-1-2026.xlsx,Skadeforsikring i alt,532
Forsikring,Skadeforsikring i alt,2013,3,9,Forsikringsselskabet Nærsikring,81638.0,38260891.0,0.002133719259177733,0.21337192591777332,Bruttopræmieindtægter,t.DKK,F&P,reported,kvartalsvise-markedsandele-1-2026.xlsx,Skadeforsikring i alt,533
Forsikring,Skadeforsikring i alt,2013,3,9,HDI-Gerling Forsikring,87770.0,38260891.0,0.002293987351209359,0.2293987351209359,Bruttopræmieindtægter,t.DKK,F&P,reported,kvartalsvise-markedsandele-1-2026.xlsx,Skadeforsikring i alt,534
Forsikring,Skadeforsikring i alt,2013,3,9,Dansk Boligforsikring,73594.0,38260891.0,0.0019234784678694495,0.19234784678694494,Bruttopræmieindtægter,t.DKK,F&P,reported,kvartalsvise-markedsandele-1-2026.xlsx,Skadeforsikring i alt,535
Forsikring,Skadeforsikring i alt,2013,3,9,AXA Forsikring,62149.0,38260891.0,0.0016243479536323397,0.16243479536323396,Bruttopræmieindtægter,t.DKK,F&P,reported,kvartalsvise-markedsandele-1-2026.xlsx,Skadeforsikring i alt,536
Forsikring,Skadeforsikring i alt,2013,3,9,HF Forsikring,37772.0,38260891.0,0.000987222174203941,0.09872221742039411,Bruttopræmieindtægter,t.DKK,F&P,reported,kvartalsvise-markedsandele-1-2026.xlsx,Skadeforsikring i alt,537
Forsikring,Skadeforsikring i alt,2013,3,9,Forsikringsselskabet TRAFIK,38655.0,38260891.0,0.0010103005703657032,0.10103005703657032,Bruttopræmieindtægter,t.DKK,F&P,reported,kvartalsvise-markedsandele-1-2026.xlsx,Skadeforsikring i alt,538
Forsikring,Skadeforsikring i alt,2013,3,9,Forsikringsselskabet Vendsyssel,35458.0,38260891.0,0.0009267426626316675,0.09267426626316674,Bruttopræmieindtægter,t.DKK,F&P,reported,kvartalsvise-markedsandele-1-2026.xlsx,Skadeforsikring i alt,539
Forsikring,Skadeforsikring i alt,2013,3,9,"Ulykkesforsikringsforbundet for 
dansk Fiskeri",8740.0,38260891.0,0.00022843169020815535,0.022843169020815537,Bruttopræmieindtægter,t.DKK,F&P,reported,kvartalsvise-markedsandele-1-2026.xlsx,Skadeforsikring i alt,540
Forsikring,Skadeforsikring i alt,2013,3,9,Dansk Musiker Forbund Forsikring,5659.0,38260891.0,0.0001479055989574315,0.01479055989574315,Bruttopræmieindtægter,t.DKK,F&P,reported,kvartalsvise-markedsandele-1-2026.xlsx,Skadeforsikring i alt,541
Forsikring,Skadeforsikring i alt,2013,3,9,Husejernes Forsikring,1243.0,38260891.0,3.248748179962667e-05,0.0032487481799626673,Bruttopræmieindtægter,t.DKK,F&P,reported,kvartalsvise-markedsandele-1-2026.xlsx,Skadeforsikring i alt,542
Forsikring,Skadeforsikring i alt,2013,4,12,Tryg,9496157.0,50745722.0,0.18713216850082456,18.713216850082457,Bruttopræmieindtægter,t.DKK,F&P,reported,kvartalsvise-markedsandele-1-2026.xlsx,Skadeforsikring i alt,506
Forsikring,Skadeforsikring i alt,2013,4,12,Topdanmark,8889045.0,50745722.0,0.1751683619754193,17.51683619754193,Bruttopræmieindtægter,t.DKK,F&P,reported,kvartalsvise-markedsandele-1-2026.xlsx,Skadeforsikring i alt,507
Forsikring,Skadeforsikring i alt,2013,4,12,Codan,6234882.0,50745722.0,0.1228651747234969,12.28651747234969,Bruttopræmieindtægter,t.DKK,F&P,reported,kvartalsvise-markedsandele-1-2026.xlsx,Skadeforsikring i alt,508
Forsikring,Skadeforsikring i alt,2013,4,12,Alm. Brand,4928580.0,50745722.0,0.09712306389098177,9.712306389098178,Bruttopræmieindtægter,t.DKK,F&P,reported,kvartalsvise-markedsandele-1-2026.xlsx,Skadeforsikring i alt,509
Forsikring,Skadeforsikring i alt,2013,4,12,If,3100279.0,50745722.0,0.061094391365640634,6.109439136564063,Bruttopræmieindtægter,t.DKK,F&P,reported,kvartalsvise-markedsandele-1-2026.xlsx,Skadeforsikring i alt,510
Forsikring,Skadeforsikring i alt,2013,4,12,Gjensidige Forsikring,3036760.0,50745722.0,0.05984267994058692,5.984267994058691,Bruttopræmieindtægter,t.DKK,F&P,reported,kvartalsvise-markedsandele-1-2026.xlsx,Skadeforsikring i alt,511
Forsikring,Skadeforsikring i alt,2013,4,12,Sygeforsikringen Danmark,2747036.0,50745722.0,0.054133351378861064,5.413335137886106,Bruttopræmieindtægter,t.DKK,F&P,reported,kvartalsvise-markedsandele-1-2026.xlsx,Skadeforsikring i alt,512
Forsikring,Skadeforsikring i alt,2013,4,12,LB Forsikring,2318791.0,50745722.0,0.04569431488234614,4.569431488234614,Bruttopræmieindtægter,t.DKK,F&P,reported,kvartalsvise-markedsandele-1-2026.xlsx,Skadeforsikring i alt,513
Forsikring,Skadeforsikring i alt,2013,4,12,Alka,1914513.0,50745722.0,0.03772757435592305,3.772757435592305,Bruttopræmieindtægter,t.DKK,F&P,reported,kvartalsvise-markedsandele-1-2026.xlsx,Skadeforsikring i alt,514
Forsikring,Skadeforsikring i alt,2013,4,12,GF-Forsikring,1532033.0,50745722.0,0.030190387280330744,3.0190387280330744,Bruttopræmieindtægter,t.DKK,F&P,reported,kvartalsvise-markedsandele-1-2026.xlsx,Skadeforsikring i alt,515
Forsikring,Skadeforsikring i alt,2013,4,12,Danica Pension,1174637.0,50745722.0,0.023147507882536385,2.3147507882536384,Bruttopræmieindtægter,t.DKK,F&P,reported,kvartalsvise-markedsandele-1-2026.xlsx,Skadeforsikring i alt,516
Forsikring,Skadeforsikring i alt,2013,4,12,PFA Pension,957256.0,50745722.0,0.018863777324914205,1.8863777324914204,Bruttopræmieindtægter,t.DKK,F&P,reported,kvartalsvise-markedsandele-1-2026.xlsx,Skadeforsikring i alt,517
Forsikring,Skadeforsikring i alt,2013,4,12,Købstædernes Forsikring,716351.0,50745722.0,0.014116480597123044,1.4116480597123044,Bruttopræmieindtægter,t.DKK,F&P,reported,kvartalsvise-markedsandele-1-2026.xlsx,Skadeforsikring i alt,518
Forsikring,Skadeforsikring i alt,2013,4,12,PKA,551763.0,50745722.0,0.010873093893510866,1.0873093893510866,Bruttopræmieindtægter,t.DKK,F&P,reported,kvartalsvise-markedsandele-1-2026.xlsx,Skadeforsikring i alt,519
Forsikring,Skadeforsikring i alt,2013,4,12,Himmerland Forsikring,360547.0,50745722.0,0.007104973301985928,0.7104973301985928,Bruttopræmieindtægter,t.DKK,F&P,reported,kvartalsvise-markedsandele-1-2026.xlsx,Skadeforsikring i alt,520
Forsikring,Skadeforsikring i alt,2013,4,12,Sønderjysk Forsikring,282366.0,50745722.0,0.005564331117409267,0.5564331117409267,Bruttopræmieindtægter,t.DKK,F&P,reported,kvartalsvise-markedsandele-1-2026.xlsx,Skadeforsikring i alt,521
Forsikring,Skadeforsikring i alt,2013,4,12,Thisted Forsikring,253600.0,50745722.0,0.004997465599169128,0.4997465599169128,Bruttopræmieindtægter,t.DKK,F&P,reported,kvartalsvise-markedsandele-1-2026.xlsx,Skadeforsikring i alt,522
Forsikring,Skadeforsikring i alt,2013,4,12,Lokal Forsikring,234599.0,50745722.0,0.004623030095029489,0.4623030095029489,Bruttopræmieindtægter,t.DKK,F&P,reported,kvartalsvise-markedsandele-1-2026.xlsx,Skadeforsikring i alt,523
Forsikring,Skadeforsikring i alt,2013,4,12,Vestjylland Forsikring,212480.0,50745722.0,0.0041871509878211996,0.41871509878211993,Bruttopræmieindtægter,t.DKK,F&P,reported,kvartalsvise-markedsandele-1-2026.xlsx,Skadeforsikring i alt,524
Forsikring,Skadeforsikring i alt,2013,4,12,Popermo Forsikring,202899.0,50745722.0,0.0039983468951333475,0.39983468951333473,Bruttopræmieindtægter,t.DKK,F&P,reported,kvartalsvise-markedsandele-1-2026.xlsx,Skadeforsikring i alt,525
Forsikring,Skadeforsikring i alt,2013,4,12,PenSam Forsikring,197251.0,50745722.0,0.0038870468726408106,0.3887046872640811,Bruttopræmieindtægter,t.DKK,F&P,reported,kvartalsvise-markedsandele-1-2026.xlsx,Skadeforsikring i alt,526
Forsikring,Skadeforsikring i alt,2013,4,12,Skandia,183661.0,50745722.0,0.0036192410465654625,0.36192410465654623,Bruttopræmieindtægter,t.DKK,F&P,reported,kvartalsvise-markedsandele-1-2026.xlsx,Skadeforsikring i alt,527
Forsikring,Skadeforsikring i alt,2013,4,12,Gartnernes Forsikring,155449.0,50745722.0,0.0030632927047525307,0.30632927047525305,Bruttopræmieindtægter,t.DKK,F&P,reported,kvartalsvise-markedsandele-1-2026.xlsx,Skadeforsikring i alt,528
Forsikring,Skadeforsikring i alt,2013,4,12,Nem Forsikring,145168.0,50745722.0,0.002860694345820915,0.2860694345820915,Bruttopræmieindtægter,t.DKK,F&P,reported,kvartalsvise-markedsandele-1-2026.xlsx,Skadeforsikring i alt,529
Forsikring,Skadeforsikring i alt,2013,4,12,Aros Forsikring,140539.0,50745722.0,0.0027694748337603716,0.27694748337603714,Bruttopræmieindtægter,t.DKK,F&P,reported,kvartalsvise-markedsandele-1-2026.xlsx,Skadeforsikring i alt,530
Forsikring,Skadeforsikring i alt,2013,4,12,PensionDanmark,123271.0,50745722.0,0.0024291899916213627,0.24291899916213627,Bruttopræmieindtægter,t.DKK,F&P,reported,kvartalsvise-markedsandele-1-2026.xlsx,Skadeforsikring i alt,531
Forsikring,Skadeforsikring i alt,2013,4,12,Bornholms Brandforsikring,110141.0,50745722.0,0.00217044896907763,0.217044896907763,Bruttopræmieindtægter,t.DKK,F&P,reported,kvartalsvise-markedsandele-1-2026.xlsx,Skadeforsikring i alt,532
Forsikring,Skadeforsikring i alt,2013,4,12,Forsikringsselskabet Nærsikring,108607.0,50745722.0,0.002140219819909154,0.2140219819909154,Bruttopræmieindtægter,t.DKK,F&P,reported,kvartalsvise-markedsandele-1-2026.xlsx,Skadeforsikring i alt,533
Forsikring,Skadeforsikring i alt,2013,4,12,HDI-Gerling Forsikring,102405.0,50745722.0,0.0020180026209894106,0.20180026209894106,Bruttopræmieindtægter,t.DKK,F&P,reported,kvartalsvise-markedsandele-1-2026.xlsx,Skadeforsikring i alt,534
Forsikring,Skadeforsikring i alt,2013,4,12,Dansk Boligforsikring,97488.0,50745722.0,0.00192110775367429,0.19211077536742902,Bruttopræmieindtægter,t.DKK,F&P,reported,kvartalsvise-markedsandele-1-2026.xlsx,Skadeforsikring i alt,535
Forsikring,Skadeforsikring i alt,2013,4,12,AXA Forsikring,68381.0,50745722.0,0.0013475224571639754,0.13475224571639755,Bruttopræmieindtægter,t.DKK,F&P,reported,kvartalsvise-markedsandele-1-2026.xlsx,Skadeforsikring i alt,536
Forsikring,Skadeforsikring i alt,2013,4,12,HF Forsikring,50617.0,50745722.0,0.000997463392086529,0.09974633920865289,Bruttopræmieindtægter,t.DKK,F&P,reported,kvartalsvise-markedsandele-1-2026.xlsx,Skadeforsikring i alt,537
Forsikring,Skadeforsikring i alt,2013,4,12,Forsikringsselskabet TRAFIK,48944.0,50745722.0,0.0009644950957639345,0.09644950957639345,Bruttopræmieindtægter,t.DKK,F&P,reported,kvartalsvise-markedsandele-1-2026.xlsx,Skadeforsikring i alt,538
Forsikring,Skadeforsikring i alt,2013,4,12,Forsikringsselskabet Vendsyssel,46975.0,50745722.0,0.0009256937954296916,0.09256937954296916,Bruttopræmieindtægter,t.DKK,F&P,reported,kvartalsvise-markedsandele-1-2026.xlsx,Skadeforsikring i alt,539
Forsikring,Skadeforsikring i alt,2013,4,12,"Ulykkesforsikringsforbundet for 
dansk Fiskeri",11702.0,50745722.0,0.00023060071940645557,0.023060071940645556,Bruttopræmieindtægter,t.DKK,F&P,reported,kvartalsvise-markedsandele-1-2026.xlsx,Skadeforsikring i alt,540
Forsikring,Skadeforsikring i alt,2013,4,12,Dansk Musiker Forbund Forsikring,7516.0,50745722.0,0.00014811100726875066,0.014811100726875066,Bruttopræmieindtægter,t.DKK,F&P,reported,kvartalsvise-markedsandele-1-2026.xlsx,Skadeforsikring i alt,541
Forsikring,Skadeforsikring i alt,2013,4,12,Husejernes Forsikring,3033.0,50745722.0,5.976858502476327e-05,0.005976858502476327,Bruttopræmieindtægter,t.DKK,F&P,reported,kvartalsvise-markedsandele-1-2026.xlsx,Skadeforsikring i alt,542
Forsikring,Skadeforsikring i alt,2012,1,3,Tryg,2483943.0,12509002.0,0.19857243607443664,19.857243607443664,Bruttopræmieindtægter,t.DKK,F&P,reported,kvartalsvise-markedsandele-1-2026.xlsx,Skadeforsikring i alt,547
Forsikring,Skadeforsikring i alt,2012,1,3,Topdanmark,2168268.0,12509002.0,0.17333660990700936,17.333660990700935,Bruttopræmieindtægter,t.DKK,F&P,reported,kvartalsvise-markedsandele-1-2026.xlsx,Skadeforsikring i alt,548
Forsikring,Skadeforsikring i alt,2012,1,3,Codan,1563135.0,12509002.0,0.12496080822434916,12.496080822434916,Bruttopræmieindtægter,t.DKK,F&P,reported,kvartalsvise-markedsandele-1-2026.xlsx,Skadeforsikring i alt,549
Forsikring,Skadeforsikring i alt,2012,1,3,Alm. Brand,1195143.0,12509002.0,0.09554263401668654,9.554263401668655,Bruttopræmieindtægter,t.DKK,F&P,reported,kvartalsvise-markedsandele-1-2026.xlsx,Skadeforsikring i alt,550
Forsikring,Skadeforsikring i alt,2012,1,3,If,743071.0,12509002.0,0.05940290040724272,5.940290040724272,Bruttopræmieindtægter,t.DKK,F&P,reported,kvartalsvise-markedsandele-1-2026.xlsx,Skadeforsikring i alt,551
Forsikring,Skadeforsikring i alt,2012,1,3,Gjensidige Forsikring,681796.0,12509002.0,0.05450442809106594,5.450442809106594,Bruttopræmieindtægter,t.DKK,F&P,reported,kvartalsvise-markedsandele-1-2026.xlsx,Skadeforsikring i alt,552
Forsikring,Skadeforsikring i alt,2012,1,3,Sygeforsikringen Danmark,675726.0,12509002.0,0.054019177549096235,5.401917754909624,Bruttopræmieindtægter,t.DKK,F&P,reported,kvartalsvise-markedsandele-1-2026.xlsx,Skadeforsikring i alt,553
Forsikring,Skadeforsikring i alt,2012,1,3,LB Forsikring,576601.0,12509002.0,0.046094884308116674,4.609488430811667,Bruttopræmieindtægter,t.DKK,F&P,reported,kvartalsvise-markedsandele-1-2026.xlsx,Skadeforsikring i alt,554
Forsikring,Skadeforsikring i alt,2012,1,3,Alka,450624.0,12509002.0,0.03602397697274331,3.602397697274331,Bruttopræmieindtægter,t.DKK,F&P,reported,kvartalsvise-markedsandele-1-2026.xlsx,Skadeforsikring i alt,555
Forsikring,Skadeforsikring i alt,2012,1,3,GF-Forsikring,379663.0,12509002.0,0.03035118229256019,3.035118229256019,Bruttopræmieindtægter,t.DKK,F&P,reported,kvartalsvise-markedsandele-1-2026.xlsx,Skadeforsikring i alt,556
Forsikring,Skadeforsikring i alt,2012,1,3,Danica,311012.0,12509002.0,0.024863054622583,2.4863054622583003,Bruttopræmieindtægter,t.DKK,F&P,reported,kvartalsvise-markedsandele-1-2026.xlsx,Skadeforsikring i alt,557
Forsikring,Skadeforsikring i alt,2012,1,3,PFA Pension,189828.0,12509002.0,0.015175311347779783,1.5175311347779783,Bruttopræmieindtægter,t.DKK,F&P,reported,kvartalsvise-markedsandele-1-2026.xlsx,Skadeforsikring i alt,558
Forsikring,Skadeforsikring i alt,2012,1,3,Købstædernes Forsikring,182780.0,12509002.0,0.014611877110580046,1.4611877110580045,Bruttopræmieindtægter,t.DKK,F&P,reported,kvartalsvise-markedsandele-1-2026.xlsx,Skadeforsikring i alt,559
Forsikring,Skadeforsikring i alt,2012,1,3,PKA+ Personforsikring,156078.0,12509002.0,0.01247725438048535,1.247725438048535,Bruttopræmieindtægter,t.DKK,F&P,reported,kvartalsvise-markedsandele-1-2026.xlsx,Skadeforsikring i alt,560
Forsikring,Skadeforsikring i alt,2012,1,3,Himmerland Forsikring,89816.0,12509002.0,0.007180109172578276,0.7180109172578276,Bruttopræmieindtægter,t.DKK,F&P,reported,kvartalsvise-markedsandele-1-2026.xlsx,Skadeforsikring i alt,561
Forsikring,Skadeforsikring i alt,2012,1,3,Sønderjysk Forsikring,64679.0,12509002.0,0.005170596343337382,0.5170596343337382,Bruttopræmieindtægter,t.DKK,F&P,reported,kvartalsvise-markedsandele-1-2026.xlsx,Skadeforsikring i alt,562
Forsikring,Skadeforsikring i alt,2012,1,3,Thisted Forsikring,57401.0,12509002.0,0.004588775347545712,0.45887753475457116,Bruttopræmieindtægter,t.DKK,F&P,reported,kvartalsvise-markedsandele-1-2026.xlsx,Skadeforsikring i alt,563
Forsikring,Skadeforsikring i alt,2012,1,3,Lokal Forsikring,53630.0,12509002.0,0.00428731244906668,0.42873124490666803,Bruttopræmieindtægter,t.DKK,F&P,reported,kvartalsvise-markedsandele-1-2026.xlsx,Skadeforsikring i alt,564
Forsikring,Skadeforsikring i alt,2012,1,3,Vestjylland Forsikring,48253.0,12509002.0,0.0038574620101587635,0.38574620101587637,Bruttopræmieindtægter,t.DKK,F&P,reported,kvartalsvise-markedsandele-1-2026.xlsx,Skadeforsikring i alt,565
Forsikring,Skadeforsikring i alt,2012,1,3,Popermo Forsikring,48470.0,12509002.0,0.003874809517178109,0.3874809517178109,Bruttopræmieindtægter,t.DKK,F&P,reported,kvartalsvise-markedsandele-1-2026.xlsx,Skadeforsikring i alt,566
Forsikring,Skadeforsikring i alt,2012,1,3,PenSam Forsikring,43490.0,12509002.0,0.0034766962224484417,0.34766962224484416,Bruttopræmieindtægter,t.DKK,F&P,reported,kvartalsvise-markedsandele-1-2026.xlsx,Skadeforsikring i alt,567
Forsikring,Skadeforsikring i alt,2012,1,3,Skandia,45182.0,12509002.0,0.003611958811742136,0.3611958811742136,Bruttopræmieindtægter,t.DKK,F&P,reported,kvartalsvise-markedsandele-1-2026.xlsx,Skadeforsikring i alt,568
Forsikring,Skadeforsikring i alt,2012,1,3,Nem Forsikring,39051.0,12509002.0,0.0031218317816241454,0.31218317816241453,Bruttopræmieindtægter,t.DKK,F&P,reported,kvartalsvise-markedsandele-1-2026.xlsx,Skadeforsikring i alt,569
Forsikring,Skadeforsikring i alt,2012,1,3,Gartnernes Forsikring,36176.0,12509002.0,0.0028919972992249906,0.28919972992249904,Bruttopræmieindtægter,t.DKK,F&P,reported,kvartalsvise-markedsandele-1-2026.xlsx,Skadeforsikring i alt,570
Forsikring,Skadeforsikring i alt,2012,1,3,Aros Forsikring,33791.0,12509002.0,0.002701334606869517,0.2701334606869517,Bruttopræmieindtægter,t.DKK,F&P,reported,kvartalsvise-markedsandele-1-2026.xlsx,Skadeforsikring i alt,571
Forsikring,Skadeforsikring i alt,2012,1,3,Forsikringsselskabet Nærsikring,32830.0,12509002.0,0.0026245099329267035,0.26245099329267035,Bruttopræmieindtægter,t.DKK,F&P,reported,kvartalsvise-markedsandele-1-2026.xlsx,Skadeforsikring i alt,572
Forsikring,Skadeforsikring i alt,2012,1,3,PensionDanmark,19274.0,12509002.0,0.001540810370003938,0.1540810370003938,Bruttopræmieindtægter,t.DKK,F&P,reported,kvartalsvise-markedsandele-1-2026.xlsx,Skadeforsikring i alt,573
Forsikring,Skadeforsikring i alt,2012,1,3,Bornholms Brandforsikring,26246.0,12509002.0,0.0020981689826254724,0.20981689826254724,Bruttopræmieindtægter,t.DKK,F&P,reported,kvartalsvise-markedsandele-1-2026.xlsx,Skadeforsikring i alt,574
Forsikring,Skadeforsikring i alt,2012,1,3,HDI-Gerling Forsikring,38559.0,12509002.0,0.003082500106723142,0.3082500106723142,Bruttopræmieindtægter,t.DKK,F&P,reported,kvartalsvise-markedsandele-1-2026.xlsx,Skadeforsikring i alt,575
Forsikring,Skadeforsikring i alt,2012,1,3,Dansk Boligforsikring,14567.0,12509002.0,0.0011645213582986078,0.11645213582986078,Bruttopræmieindtægter,t.DKK,F&P,reported,kvartalsvise-markedsandele-1-2026.xlsx,Skadeforsikring i alt,576
Forsikring,Skadeforsikring i alt,2012,1,3,AXA Forsikring,18917.0,12509002.0,0.0015122709229721124,0.15122709229721124,Bruttopræmieindtægter,t.DKK,F&P,reported,kvartalsvise-markedsandele-1-2026.xlsx,Skadeforsikring i alt,577
Forsikring,Skadeforsikring i alt,2012,1,3,HF Forsikring,11402.0,12509002.0,0.0009115035715878852,0.09115035715878853,Bruttopræmieindtægter,t.DKK,F&P,reported,kvartalsvise-markedsandele-1-2026.xlsx,Skadeforsikring i alt,578
Forsikring,Skadeforsikring i alt,2012,1,3,Forsikringsselskabet TRAFIK,12648.0,12509002.0,0.0010111118376989628,0.10111118376989628,Bruttopræmieindtægter,t.DKK,F&P,reported,kvartalsvise-markedsandele-1-2026.xlsx,Skadeforsikring i alt,579
Forsikring,Skadeforsikring i alt,2012,1,3,Forsikringsselskabet Vendsyssel,10763.0,12509002.0,0.0008604203596737772,0.08604203596737772,Bruttopræmieindtægter,t.DKK,F&P,reported,kvartalsvise-markedsandele-1-2026.xlsx,Skadeforsikring i alt,580
Forsikring,Skadeforsikring i alt,2012,1,3,"Ulykkesforsikringsforbundet for 
dansk Fiskeri",3082.0,12509002.0,0.00024638256513189464,0.024638256513189464,Bruttopræmieindtægter,t.DKK,F&P,reported,kvartalsvise-markedsandele-1-2026.xlsx,Skadeforsikring i alt,581
Forsikring,Skadeforsikring i alt,2012,1,3,Dansk Musiker Forbund Forsikring,1948.0,12509002.0,0.00015572785103080166,0.015572785103080166,Bruttopræmieindtægter,t.DKK,F&P,reported,kvartalsvise-markedsandele-1-2026.xlsx,Skadeforsikring i alt,582
Forsikring,Skadeforsikring i alt,2012,1,3,Hamburg-Mannheimer,1159.0,12509002.0,9.265327481760735e-05,0.009265327481760734,Bruttopræmieindtægter,t.DKK,F&P,reported,kvartalsvise-markedsandele-1-2026.xlsx,Skadeforsikring i alt,583
Forsikring,Skadeforsikring i alt,2012,2,6,Tryg,4961227.0,25128180.0,0.19743678213065968,19.74367821306597,Bruttopræmieindtægter,t.DKK,F&P,reported,kvartalsvise-markedsandele-1-2026.xlsx,Skadeforsikring i alt,547
Forsikring,Skadeforsikring i alt,2012,2,6,Topdanmark,4354632.0,25128180.0,0.17329675288858962,17.32967528885896,Bruttopræmieindtægter,t.DKK,F&P,reported,kvartalsvise-markedsandele-1-2026.xlsx,Skadeforsikring i alt,548
Forsikring,Skadeforsikring i alt,2012,2,6,Codan,3145012.0,25128180.0,0.1251587659750925,12.515876597509251,Bruttopræmieindtægter,t.DKK,F&P,reported,kvartalsvise-markedsandele-1-2026.xlsx,Skadeforsikring i alt,549
Forsikring,Skadeforsikring i alt,2012,2,6,Alm. Brand,2401292.0,25128180.0,0.09556171596987922,9.556171596987923,Bruttopræmieindtægter,t.DKK,F&P,reported,kvartalsvise-markedsandele-1-2026.xlsx,Skadeforsikring i alt,550
Forsikring,Skadeforsikring i alt,2012,2,6,If,1513122.0,25128180.0,0.06021613980797654,6.021613980797654,Bruttopræmieindtægter,t.DKK,F&P,reported,kvartalsvise-markedsandele-1-2026.xlsx,Skadeforsikring i alt,551
Forsikring,Skadeforsikring i alt,2012,2,6,Gjensidige Forsikring,1381988.0,25128180.0,0.0549975366301897,5.49975366301897,Bruttopræmieindtægter,t.DKK,F&P,reported,kvartalsvise-markedsandele-1-2026.xlsx,Skadeforsikring i alt,552
Forsikring,Skadeforsikring i alt,2012,2,6,Sygeforsikringen Danmark,1352203.0,25128180.0,0.05381221401629565,5.381221401629565,Bruttopræmieindtægter,t.DKK,F&P,reported,kvartalsvise-markedsandele-1-2026.xlsx,Skadeforsikring i alt,553
Forsikring,Skadeforsikring i alt,2012,2,6,LB Forsikring,1162148.0,25128180.0,0.0462487931875687,4.62487931875687,Bruttopræmieindtægter,t.DKK,F&P,reported,kvartalsvise-markedsandele-1-2026.xlsx,Skadeforsikring i alt,554
Forsikring,Skadeforsikring i alt,2012,2,6,Alka,909980.0,25128180.0,0.03621352600944438,3.6213526009444377,Bruttopræmieindtægter,t.DKK,F&P,reported,kvartalsvise-markedsandele-1-2026.xlsx,Skadeforsikring i alt,555
Forsikring,Skadeforsikring i alt,2012,2,6,GF-Forsikring,767273.0,25128180.0,0.0305343642078336,3.0534364207833598,Bruttopræmieindtægter,t.DKK,F&P,reported,kvartalsvise-markedsandele-1-2026.xlsx,Skadeforsikring i alt,556
Forsikring,Skadeforsikring i alt,2012,2,6,Danica,625536.0,25128180.0,0.02489380448564122,2.489380448564122,Bruttopræmieindtægter,t.DKK,F&P,reported,kvartalsvise-markedsandele-1-2026.xlsx,Skadeforsikring i alt,557
Forsikring,Skadeforsikring i alt,2012,2,6,PFA Pension,379905.0,25128180.0,0.015118683486030425,1.5118683486030424,Bruttopræmieindtægter,t.DKK,F&P,reported,kvartalsvise-markedsandele-1-2026.xlsx,Skadeforsikring i alt,558
Forsikring,Skadeforsikring i alt,2012,2,6,Købstædernes Forsikring,356343.0,25128180.0,0.01418101111978663,1.418101111978663,Bruttopræmieindtægter,t.DKK,F&P,reported,kvartalsvise-markedsandele-1-2026.xlsx,Skadeforsikring i alt,559
Forsikring,Skadeforsikring i alt,2012,2,6,PKA+ Personforsikring,312372.0,25128180.0,0.012431143043387943,1.2431143043387942,Bruttopræmieindtægter,t.DKK,F&P,reported,kvartalsvise-markedsandele-1-2026.xlsx,Skadeforsikring i alt,560
Forsikring,Skadeforsikring i alt,2012,2,6,Himmerland Forsikring,180383.0,25128180.0,0.007178514321371465,0.7178514321371464,Bruttopræmieindtægter,t.DKK,F&P,reported,kvartalsvise-markedsandele-1-2026.xlsx,Skadeforsikring i alt,561
Forsikring,Skadeforsikring i alt,2012,2,6,Sønderjysk Forsikring,131248.0,25128180.0,0.005223139917017467,0.5223139917017467,Bruttopræmieindtægter,t.DKK,F&P,reported,kvartalsvise-markedsandele-1-2026.xlsx,Skadeforsikring i alt,562
Forsikring,Skadeforsikring i alt,2012,2,6,Thisted Forsikring,113241.0,25128180.0,0.004506534098370833,0.4506534098370833,Bruttopræmieindtægter,t.DKK,F&P,reported,kvartalsvise-markedsandele-1-2026.xlsx,Skadeforsikring i alt,563
Forsikring,Skadeforsikring i alt,2012,2,6,Lokal Forsikring,107942.0,25128180.0,0.004295655316063479,0.4295655316063479,Bruttopræmieindtægter,t.DKK,F&P,reported,kvartalsvise-markedsandele-1-2026.xlsx,Skadeforsikring i alt,564
Forsikring,Skadeforsikring i alt,2012,2,6,Vestjylland Forsikring,97528.0,25128180.0,0.00388122020775082,0.388122020775082,Bruttopræmieindtægter,t.DKK,F&P,reported,kvartalsvise-markedsandele-1-2026.xlsx,Skadeforsikring i alt,565
Forsikring,Skadeforsikring i alt,2012,2,6,Popermo Forsikring,98208.0,25128180.0,0.003908281459301868,0.3908281459301868,Bruttopræmieindtægter,t.DKK,F&P,reported,kvartalsvise-markedsandele-1-2026.xlsx,Skadeforsikring i alt,566
Forsikring,Skadeforsikring i alt,2012,2,6,PenSam Forsikring,92411.0,25128180.0,0.003677584289829188,0.3677584289829188,Bruttopræmieindtægter,t.DKK,F&P,reported,kvartalsvise-markedsandele-1-2026.xlsx,Skadeforsikring i alt,567
Forsikring,Skadeforsikring i alt,2012,2,6,Skandia,80076.0,25128180.0,0.0031867011458848195,0.31867011458848193,Bruttopræmieindtægter,t.DKK,F&P,reported,kvartalsvise-markedsandele-1-2026.xlsx,Skadeforsikring i alt,568
Forsikring,Skadeforsikring i alt,2012,2,6,Nem Forsikring,77276.0,25128180.0,0.003075272463027565,0.3075272463027565,Bruttopræmieindtægter,t.DKK,F&P,reported,kvartalsvise-markedsandele-1-2026.xlsx,Skadeforsikring i alt,569
Forsikring,Skadeforsikring i alt,2012,2,6,Gartnernes Forsikring,73886.0,25128180.0,0.0029403641648539608,0.2940364164853961,Bruttopræmieindtægter,t.DKK,F&P,reported,kvartalsvise-markedsandele-1-2026.xlsx,Skadeforsikring i alt,570
Forsikring,Skadeforsikring i alt,2012,2,6,Aros Forsikring,67510.0,25128180.0,0.0026866251356047273,0.2686625135604727,Bruttopræmieindtægter,t.DKK,F&P,reported,kvartalsvise-markedsandele-1-2026.xlsx,Skadeforsikring i alt,571
Forsikring,Skadeforsikring i alt,2012,2,6,Forsikringsselskabet Nærsikring,64775.0,25128180.0,0.002577783190028088,0.2577783190028088,Bruttopræmieindtægter,t.DKK,F&P,reported,kvartalsvise-markedsandele-1-2026.xlsx,Skadeforsikring i alt,572
Forsikring,Skadeforsikring i alt,2012,2,6,PensionDanmark,43548.0,25128180.0,0.0017330343860956108,0.17330343860956107,Bruttopræmieindtægter,t.DKK,F&P,reported,kvartalsvise-markedsandele-1-2026.xlsx,Skadeforsikring i alt,573
Forsikring,Skadeforsikring i alt,2012,2,6,Bornholms Brandforsikring,52494.0,25128180.0,0.002089049027824538,0.20890490278245383,Bruttopræmieindtægter,t.DKK,F&P,reported,kvartalsvise-markedsandele-1-2026.xlsx,Skadeforsikring i alt,574
Forsikring,Skadeforsikring i alt,2012,2,6,HDI-Gerling Forsikring,65548.0,25128180.0,0.002608545465688323,0.2608545465688323,Bruttopræmieindtægter,t.DKK,F&P,reported,kvartalsvise-markedsandele-1-2026.xlsx,Skadeforsikring i alt,575
Forsikring,Skadeforsikring i alt,2012,2,6,Dansk Boligforsikring,30618.0,25128180.0,0.0012184726470440756,0.12184726470440756,Bruttopræmieindtægter,t.DKK,F&P,reported,kvartalsvise-markedsandele-1-2026.xlsx,Skadeforsikring i alt,576
Forsikring,Skadeforsikring i alt,2012,2,6,AXA Forsikring,46216.0,25128180.0,0.0018392100024753086,0.18392100024753086,Bruttopræmieindtægter,t.DKK,F&P,reported,kvartalsvise-markedsandele-1-2026.xlsx,Skadeforsikring i alt,577
Forsikring,Skadeforsikring i alt,2012,2,6,HF Forsikring,22789.0,25128180.0,0.00090691009058356,0.090691009058356,Bruttopræmieindtægter,t.DKK,F&P,reported,kvartalsvise-markedsandele-1-2026.xlsx,Skadeforsikring i alt,578
Forsikring,Skadeforsikring i alt,2012,2,6,Forsikringsselskabet TRAFIK,25513.0,25128180.0,0.001015314280620403,0.1015314280620403,Bruttopræmieindtægter,t.DKK,F&P,reported,kvartalsvise-markedsandele-1-2026.xlsx,Skadeforsikring i alt,579
Forsikring,Skadeforsikring i alt,2012,2,6,Forsikringsselskabet Vendsyssel,21938.0,25128180.0,0.0008730437301865873,0.08730437301865873,Bruttopræmieindtægter,t.DKK,F&P,reported,kvartalsvise-markedsandele-1-2026.xlsx,Skadeforsikring i alt,580
Forsikring,Skadeforsikring i alt,2012,2,6,"Ulykkesforsikringsforbundet for 
dansk Fiskeri",6025.0,25128180.0,0.00023977064793391325,0.023977064793391324,Bruttopræmieindtægter,t.DKK,F&P,reported,kvartalsvise-markedsandele-1-2026.xlsx,Skadeforsikring i alt,581
Forsikring,Skadeforsikring i alt,2012,2,6,Dansk Musiker Forbund Forsikring,3755.0,25128180.0,0.00014943382290321067,0.014943382290321067,Bruttopræmieindtægter,t.DKK,F&P,reported,kvartalsvise-markedsandele-1-2026.xlsx,Skadeforsikring i alt,582
Forsikring,Skadeforsikring i alt,2012,2,6,Hamburg-Mannheimer,2219.0,25128180.0,8.830723116437404e-05,0.008830723116437404,Bruttopræmieindtægter,t.DKK,F&P,reported,kvartalsvise-markedsandele-1-2026.xlsx,Skadeforsikring i alt,583
Forsikring,Skadeforsikring i alt,2012,3,9,Tryg,7413996.0,37776590.0,0.19625900590815631,19.625900590815633,Bruttopræmieindtægter,t.DKK,F&P,reported,kvartalsvise-markedsandele-1-2026.xlsx,Skadeforsikring i alt,547
Forsikring,Skadeforsikring i alt,2012,3,9,Topdanmark,6550094.0,37776590.0,0.1733902927712639,17.33902927712639,Bruttopræmieindtægter,t.DKK,F&P,reported,kvartalsvise-markedsandele-1-2026.xlsx,Skadeforsikring i alt,548
Forsikring,Skadeforsikring i alt,2012,3,9,Codan,4734630.0,37776590.0,0.12533238177400344,12.533238177400344,Bruttopræmieindtægter,t.DKK,F&P,reported,kvartalsvise-markedsandele-1-2026.xlsx,Skadeforsikring i alt,549
Forsikring,Skadeforsikring i alt,2012,3,9,Alm. Brand,3629909.0,37776590.0,0.09608884761700302,9.608884761700303,Bruttopræmieindtægter,t.DKK,F&P,reported,kvartalsvise-markedsandele-1-2026.xlsx,Skadeforsikring i alt,550
Forsikring,Skadeforsikring i alt,2012,3,9,If,2280541.0,37776590.0,0.060369159842113856,6.036915984211386,Bruttopræmieindtægter,t.DKK,F&P,reported,kvartalsvise-markedsandele-1-2026.xlsx,Skadeforsikring i alt,551
Forsikring,Skadeforsikring i alt,2012,3,9,Gjensidige Forsikring,2095936.0,37776590.0,0.055482403255561176,5.548240325556118,Bruttopræmieindtægter,t.DKK,F&P,reported,kvartalsvise-markedsandele-1-2026.xlsx,Skadeforsikring i alt,552
Forsikring,Skadeforsikring i alt,2012,3,9,Sygeforsikringen Danmark,2031325.0,37776590.0,0.053772058303833144,5.377205830383314,Bruttopræmieindtægter,t.DKK,F&P,reported,kvartalsvise-markedsandele-1-2026.xlsx,Skadeforsikring i alt,553
Forsikring,Skadeforsikring i alt,2012,3,9,LB Forsikring,1757903.0,37776590.0,0.04653418956025412,4.653418956025412,Bruttopræmieindtægter,t.DKK,F&P,reported,kvartalsvise-markedsandele-1-2026.xlsx,Skadeforsikring i alt,554
Forsikring,Skadeforsikring i alt,2012,3,9,Alka,1377244.0,37776590.0,0.03645760509352485,3.645760509352485,Bruttopræmieindtægter,t.DKK,F&P,reported,kvartalsvise-markedsandele-1-2026.xlsx,Skadeforsikring i alt,555
Forsikring,Skadeforsikring i alt,2012,3,9,GF-Forsikring,1128284.0,37776590.0,0.029867280238899275,2.9867280238899276,Bruttopræmieindtægter,t.DKK,F&P,reported,kvartalsvise-markedsandele-1-2026.xlsx,Skadeforsikring i alt,556
Forsikring,Skadeforsikring i alt,2012,3,9,Danica,919895.0,37776590.0,0.024350927386511064,2.4350927386511065,Bruttopræmieindtægter,t.DKK,F&P,reported,kvartalsvise-markedsandele-1-2026.xlsx,Skadeforsikring i alt,557
Forsikring,Skadeforsikring i alt,2012,3,9,PFA Pension,592835.0,37776590.0,0.015693184588656626,1.5693184588656626,Bruttopræmieindtægter,t.DKK,F&P,reported,kvartalsvise-markedsandele-1-2026.xlsx,Skadeforsikring i alt,558
Forsikring,Skadeforsikring i alt,2012,3,9,Købstædernes Forsikring,540486.0,37776590.0,0.014307432195441677,1.4307432195441676,Bruttopræmieindtægter,t.DKK,F&P,reported,kvartalsvise-markedsandele-1-2026.xlsx,Skadeforsikring i alt,559
Forsikring,Skadeforsikring i alt,2012,3,9,PKA+ Personforsikring,468530.0,37776590.0,0.01240265465993622,1.2402654659936219,Bruttopræmieindtægter,t.DKK,F&P,reported,kvartalsvise-markedsandele-1-2026.xlsx,Skadeforsikring i alt,560
Forsikring,Skadeforsikring i alt,2012,3,9,Himmerland Forsikring,272131.0,37776590.0,0.007203694139677509,0.7203694139677509,Bruttopræmieindtægter,t.DKK,F&P,reported,kvartalsvise-markedsandele-1-2026.xlsx,Skadeforsikring i alt,561
Forsikring,Skadeforsikring i alt,2012,3,9,Sønderjysk Forsikring,199767.0,37776590.0,0.0052881162645966725,0.5288116264596673,Bruttopræmieindtægter,t.DKK,F&P,reported,kvartalsvise-markedsandele-1-2026.xlsx,Skadeforsikring i alt,562
Forsikring,Skadeforsikring i alt,2012,3,9,Thisted Forsikring,170750.0,37776590.0,0.004519995055138645,0.45199950551386453,Bruttopræmieindtægter,t.DKK,F&P,reported,kvartalsvise-markedsandele-1-2026.xlsx,Skadeforsikring i alt,563
Forsikring,Skadeforsikring i alt,2012,3,9,Lokal Forsikring,163708.0,37776590.0,0.004333583311781185,0.4333583311781185,Bruttopræmieindtægter,t.DKK,F&P,reported,kvartalsvise-markedsandele-1-2026.xlsx,Skadeforsikring i alt,564
Forsikring,Skadeforsikring i alt,2012,3,9,Vestjylland Forsikring,148408.0,37776590.0,0.00392857057770434,0.392857057770434,Bruttopræmieindtægter,t.DKK,F&P,reported,kvartalsvise-markedsandele-1-2026.xlsx,Skadeforsikring i alt,565
Forsikring,Skadeforsikring i alt,2012,3,9,Popermo Forsikring,148686.0,37776590.0,0.003935929632611096,0.3935929632611096,Bruttopræmieindtægter,t.DKK,F&P,reported,kvartalsvise-markedsandele-1-2026.xlsx,Skadeforsikring i alt,566
Forsikring,Skadeforsikring i alt,2012,3,9,PenSam Forsikring,138677.0,37776590.0,0.003670977184547361,0.3670977184547361,Bruttopræmieindtægter,t.DKK,F&P,reported,kvartalsvise-markedsandele-1-2026.xlsx,Skadeforsikring i alt,567
Forsikring,Skadeforsikring i alt,2012,3,9,Skandia,118769.0,37776590.0,0.0031439841446779604,0.31439841446779604,Bruttopræmieindtægter,t.DKK,F&P,reported,kvartalsvise-markedsandele-1-2026.xlsx,Skadeforsikring i alt,568
Forsikring,Skadeforsikring i alt,2012,3,9,Nem Forsikring,115566.0,37776590.0,0.0030591961847271022,0.3059196184727102,Bruttopræmieindtægter,t.DKK,F&P,reported,kvartalsvise-markedsandele-1-2026.xlsx,Skadeforsikring i alt,569
Forsikring,Skadeforsikring i alt,2012,3,9,Gartnernes Forsikring,112190.0,37776590.0,0.002969828669024918,0.29698286690249176,Bruttopræmieindtægter,t.DKK,F&P,reported,kvartalsvise-markedsandele-1-2026.xlsx,Skadeforsikring i alt,570
Forsikring,Skadeforsikring i alt,2012,3,9,Aros Forsikring,101809.0,37776590.0,0.0026950288525248046,0.26950288525248045,Bruttopræmieindtægter,t.DKK,F&P,reported,kvartalsvise-markedsandele-1-2026.xlsx,Skadeforsikring i alt,571
Forsikring,Skadeforsikring i alt,2012,3,9,Forsikringsselskabet Nærsikring,95747.0,37776590.0,0.0025345591012846847,0.25345591012846846,Bruttopræmieindtægter,t.DKK,F&P,reported,kvartalsvise-markedsandele-1-2026.xlsx,Skadeforsikring i alt,572
Forsikring,Skadeforsikring i alt,2012,3,9,PensionDanmark,73521.0,37776590.0,0.0019462053086316156,0.19462053086316156,Bruttopræmieindtægter,t.DKK,F&P,reported,kvartalsvise-markedsandele-1-2026.xlsx,Skadeforsikring i alt,573
Forsikring,Skadeforsikring i alt,2012,3,9,Bornholms Brandforsikring,79419.0,37776590.0,0.00210233374690516,0.210233374690516,Bruttopræmieindtægter,t.DKK,F&P,reported,kvartalsvise-markedsandele-1-2026.xlsx,Skadeforsikring i alt,574
Forsikring,Skadeforsikring i alt,2012,3,9,HDI-Gerling Forsikring,74911.0,37776590.0,0.0019830005831653944,0.19830005831653943,Bruttopræmieindtægter,t.DKK,F&P,reported,kvartalsvise-markedsandele-1-2026.xlsx,Skadeforsikring i alt,575
Forsikring,Skadeforsikring i alt,2012,3,9,Dansk Boligforsikring,53485.0,37776590.0,0.001415823926934644,0.1415823926934644,Bruttopræmieindtægter,t.DKK,F&P,reported,kvartalsvise-markedsandele-1-2026.xlsx,Skadeforsikring i alt,576
Forsikring,Skadeforsikring i alt,2012,3,9,AXA Forsikring,60080.0,37776590.0,0.0015904029453161336,0.15904029453161336,Bruttopræmieindtægter,t.DKK,F&P,reported,kvartalsvise-markedsandele-1-2026.xlsx,Skadeforsikring i alt,577
Forsikring,Skadeforsikring i alt,2012,3,9,HF Forsikring,38234.0,37776590.0,0.001012108292463666,0.1012108292463666,Bruttopræmieindtægter,t.DKK,F&P,reported,kvartalsvise-markedsandele-1-2026.xlsx,Skadeforsikring i alt,578
Forsikring,Skadeforsikring i alt,2012,3,9,Forsikringsselskabet TRAFIK,37809.0,37776590.0,0.0010008579387393091,0.1000857938739309,Bruttopræmieindtægter,t.DKK,F&P,reported,kvartalsvise-markedsandele-1-2026.xlsx,Skadeforsikring i alt,579
Forsikring,Skadeforsikring i alt,2012,3,9,Forsikringsselskabet Vendsyssel,33483.0,37776590.0,0.0008863425735356207,0.08863425735356208,Bruttopræmieindtægter,t.DKK,F&P,reported,kvartalsvise-markedsandele-1-2026.xlsx,Skadeforsikring i alt,580
Forsikring,Skadeforsikring i alt,2012,3,9,"Ulykkesforsikringsforbundet for 
dansk Fiskeri",8938.0,37776590.0,0.00023660155667835556,0.023660155667835556,Bruttopræmieindtægter,t.DKK,F&P,reported,kvartalsvise-markedsandele-1-2026.xlsx,Skadeforsikring i alt,581
Forsikring,Skadeforsikring i alt,2012,3,9,Dansk Musiker Forbund Forsikring,5572.0,37776590.0,0.00014749875518144969,0.014749875518144969,Bruttopræmieindtægter,t.DKK,F&P,reported,kvartalsvise-markedsandele-1-2026.xlsx,Skadeforsikring i alt,582
Forsikring,Skadeforsikring i alt,2012,3,9,Hamburg-Mannheimer,3322.0,37776590.0,8.793805899367835e-05,0.008793805899367835,Bruttopræmieindtægter,t.DKK,F&P,reported,kvartalsvise-markedsandele-1-2026.xlsx,Skadeforsikring i alt,583
Forsikring,Skadeforsikring i alt,2012,4,12,Tryg,9865390.0,50374142.0,0.19584234308149606,19.584234308149608,Bruttopræmieindtægter,t.DKK,F&P,reported,kvartalsvise-markedsandele-1-2026.xlsx,Skadeforsikring i alt,547
Forsikring,Skadeforsikring i alt,2012,4,12,Topdanmark,8759029.0,50374142.0,0.17387946776344101,17.3879467763441,Bruttopræmieindtægter,t.DKK,F&P,reported,kvartalsvise-markedsandele-1-2026.xlsx,Skadeforsikring i alt,548
Forsikring,Skadeforsikring i alt,2012,4,12,Codan,6371858.0,50374142.0,0.12649065069932108,12.649065069932108,Bruttopræmieindtægter,t.DKK,F&P,reported,kvartalsvise-markedsandele-1-2026.xlsx,Skadeforsikring i alt,549
Forsikring,Skadeforsikring i alt,2012,4,12,Alm. Brand,4766823.0,50374142.0,0.09462837104004668,9.462837104004668,Bruttopræmieindtægter,t.DKK,F&P,reported,kvartalsvise-markedsandele-1-2026.xlsx,Skadeforsikring i alt,550
Forsikring,Skadeforsikring i alt,2012,4,12,If,3056882.0,50374142.0,0.06068355466977482,6.068355466977482,Bruttopræmieindtægter,t.DKK,F&P,reported,kvartalsvise-markedsandele-1-2026.xlsx,Skadeforsikring i alt,551
Forsikring,Skadeforsikring i alt,2012,4,12,Gjensidige Forsikring,2803695.0,50374142.0,0.05565742439841457,5.565742439841457,Bruttopræmieindtægter,t.DKK,F&P,reported,kvartalsvise-markedsandele-1-2026.xlsx,Skadeforsikring i alt,552
Forsikring,Skadeforsikring i alt,2012,4,12,Sygeforsikringen Danmark,2710608.0,50374142.0,0.053809512030994,5.3809512030994,Bruttopræmieindtægter,t.DKK,F&P,reported,kvartalsvise-markedsandele-1-2026.xlsx,Skadeforsikring i alt,553
Forsikring,Skadeforsikring i alt,2012,4,12,LB Forsikring,2282313.0,50374142.0,0.04530723322294998,4.530723322294998,Bruttopræmieindtægter,t.DKK,F&P,reported,kvartalsvise-markedsandele-1-2026.xlsx,Skadeforsikring i alt,554
Forsikring,Skadeforsikring i alt,2012,4,12,Alka,1857597.0,50374142.0,0.0368760027714219,3.68760027714219,Bruttopræmieindtægter,t.DKK,F&P,reported,kvartalsvise-markedsandele-1-2026.xlsx,Skadeforsikring i alt,555
Forsikring,Skadeforsikring i alt,2012,4,12,GF-Forsikring,1536799.0,50374142.0,0.03050769579360776,3.050769579360776,Bruttopræmieindtægter,t.DKK,F&P,reported,kvartalsvise-markedsandele-1-2026.xlsx,Skadeforsikring i alt,556
Forsikring,Skadeforsikring i alt,2012,4,12,Danica,1186312.0,50374142.0,0.023550018976005588,2.355001897600559,Bruttopræmieindtægter,t.DKK,F&P,reported,kvartalsvise-markedsandele-1-2026.xlsx,Skadeforsikring i alt,557
Forsikring,Skadeforsikring i alt,2012,4,12,PFA Pension,807655.0,50374142.0,0.016033126678366056,1.6033126678366056,Bruttopræmieindtægter,t.DKK,F&P,reported,kvartalsvise-markedsandele-1-2026.xlsx,Skadeforsikring i alt,558
Forsikring,Skadeforsikring i alt,2012,4,12,Købstædernes Forsikring,726118.0,50374142.0,0.014414498613197223,1.4414498613197224,Bruttopræmieindtægter,t.DKK,F&P,reported,kvartalsvise-markedsandele-1-2026.xlsx,Skadeforsikring i alt,559
Forsikring,Skadeforsikring i alt,2012,4,12,PKA+ Personforsikring,618794.0,50374142.0,0.012283961084637432,1.2283961084637431,Bruttopræmieindtægter,t.DKK,F&P,reported,kvartalsvise-markedsandele-1-2026.xlsx,Skadeforsikring i alt,560
Forsikring,Skadeforsikring i alt,2012,4,12,Himmerland Forsikring,364702.0,50374142.0,0.0072398652467371045,0.7239865246737105,Bruttopræmieindtægter,t.DKK,F&P,reported,kvartalsvise-markedsandele-1-2026.xlsx,Skadeforsikring i alt,561
Forsikring,Skadeforsikring i alt,2012,4,12,Sønderjysk Forsikring,270810.0,50374142.0,0.005375972458250505,0.5375972458250505,Bruttopræmieindtægter,t.DKK,F&P,reported,kvartalsvise-markedsandele-1-2026.xlsx,Skadeforsikring i alt,562
Forsikring,Skadeforsikring i alt,2012,4,12,Thisted Forsikring,229833.0,50374142.0,0.004562519397352713,0.45625193973527134,Bruttopræmieindtægter,t.DKK,F&P,reported,kvartalsvise-markedsandele-1-2026.xlsx,Skadeforsikring i alt,563
Forsikring,Skadeforsikring i alt,2012,4,12,Lokal Forsikring,220496.0,50374142.0,0.004377166364441502,0.4377166364441502,Bruttopræmieindtægter,t.DKK,F&P,reported,kvartalsvise-markedsandele-1-2026.xlsx,Skadeforsikring i alt,564
Forsikring,Skadeforsikring i alt,2012,4,12,Vestjylland Forsikring,200947.0,50374142.0,0.003989090275721223,0.39890902757212227,Bruttopræmieindtægter,t.DKK,F&P,reported,kvartalsvise-markedsandele-1-2026.xlsx,Skadeforsikring i alt,565
Forsikring,Skadeforsikring i alt,2012,4,12,Popermo Forsikring,199175.0,50374142.0,0.003953913497921215,0.39539134979212154,Bruttopræmieindtægter,t.DKK,F&P,reported,kvartalsvise-markedsandele-1-2026.xlsx,Skadeforsikring i alt,566
Forsikring,Skadeforsikring i alt,2012,4,12,PenSam Forsikring,189912.0,50374142.0,0.003770029472660795,0.37700294726607947,Bruttopræmieindtægter,t.DKK,F&P,reported,kvartalsvise-markedsandele-1-2026.xlsx,Skadeforsikring i alt,567
Forsikring,Skadeforsikring i alt,2012,4,12,Skandia,163958.0,50374142.0,0.003254804816328187,0.3254804816328187,Bruttopræmieindtægter,t.DKK,F&P,reported,kvartalsvise-markedsandele-1-2026.xlsx,Skadeforsikring i alt,568
Forsikring,Skadeforsikring i alt,2012,4,12,Nem Forsikring,153536.0,50374142.0,0.0030479129550236308,0.30479129550236306,Bruttopræmieindtægter,t.DKK,F&P,reported,kvartalsvise-markedsandele-1-2026.xlsx,Skadeforsikring i alt,569
Forsikring,Skadeforsikring i alt,2012,4,12,Gartnernes Forsikring,150737.0,50374142.0,0.002992348733205223,0.2992348733205223,Bruttopræmieindtægter,t.DKK,F&P,reported,kvartalsvise-markedsandele-1-2026.xlsx,Skadeforsikring i alt,570
Forsikring,Skadeforsikring i alt,2012,4,12,Aros Forsikring,136403.0,50374142.0,0.002707797980956182,0.2707797980956182,Bruttopræmieindtægter,t.DKK,F&P,reported,kvartalsvise-markedsandele-1-2026.xlsx,Skadeforsikring i alt,571
Forsikring,Skadeforsikring i alt,2012,4,12,Forsikringsselskabet Nærsikring,124969.0,50374142.0,0.002480816447454331,0.2480816447454331,Bruttopræmieindtægter,t.DKK,F&P,reported,kvartalsvise-markedsandele-1-2026.xlsx,Skadeforsikring i alt,572
Forsikring,Skadeforsikring i alt,2012,4,12,PensionDanmark,108963.0,50374142.0,0.002163074062879324,0.21630740628793244,Bruttopræmieindtægter,t.DKK,F&P,reported,kvartalsvise-markedsandele-1-2026.xlsx,Skadeforsikring i alt,573
Forsikring,Skadeforsikring i alt,2012,4,12,Bornholms Brandforsikring,106523.0,50374142.0,0.002114636513312723,0.21146365133127232,Bruttopræmieindtægter,t.DKK,F&P,reported,kvartalsvise-markedsandele-1-2026.xlsx,Skadeforsikring i alt,574
Forsikring,Skadeforsikring i alt,2012,4,12,HDI-Gerling Forsikring,81258.0,50374142.0,0.0016130895092962574,0.16130895092962574,Bruttopræmieindtægter,t.DKK,F&P,reported,kvartalsvise-markedsandele-1-2026.xlsx,Skadeforsikring i alt,575
Forsikring,Skadeforsikring i alt,2012,4,12,Dansk Boligforsikring,78281.0,50374142.0,0.0015539917285340562,0.15539917285340563,Bruttopræmieindtægter,t.DKK,F&P,reported,kvartalsvise-markedsandele-1-2026.xlsx,Skadeforsikring i alt,576
Forsikring,Skadeforsikring i alt,2012,4,12,AXA Forsikring,75338.0,50374142.0,0.0014955688972330288,0.1495568897233029,Bruttopræmieindtægter,t.DKK,F&P,reported,kvartalsvise-markedsandele-1-2026.xlsx,Skadeforsikring i alt,577
Forsikring,Skadeforsikring i alt,2012,4,12,HF Forsikring,50987.0,50374142.0,0.0010121661228492983,0.10121661228492983,Bruttopræmieindtægter,t.DKK,F&P,reported,kvartalsvise-markedsandele-1-2026.xlsx,Skadeforsikring i alt,578
Forsikring,Skadeforsikring i alt,2012,4,12,Forsikringsselskabet TRAFIK,48659.0,50374142.0,0.0009659519362136233,0.09659519362136233,Bruttopræmieindtægter,t.DKK,F&P,reported,kvartalsvise-markedsandele-1-2026.xlsx,Skadeforsikring i alt,579
Forsikring,Skadeforsikring i alt,2012,4,12,Forsikringsselskabet Vendsyssel,45152.0,50374142.0,0.0008963328844390045,0.08963328844390045,Bruttopræmieindtægter,t.DKK,F&P,reported,kvartalsvise-markedsandele-1-2026.xlsx,Skadeforsikring i alt,580
Forsikring,Skadeforsikring i alt,2012,4,12,"Ulykkesforsikringsforbundet for 
dansk Fiskeri",11110.0,50374142.0,0.00022054966216595808,0.02205496621659581,Bruttopræmieindtægter,t.DKK,F&P,reported,kvartalsvise-markedsandele-1-2026.xlsx,Skadeforsikring i alt,581
Forsikring,Skadeforsikring i alt,2012,4,12,Dansk Musiker Forbund Forsikring,7411.0,50374142.0,0.0001471191310811805,0.01471191310811805,Bruttopræmieindtægter,t.DKK,F&P,reported,kvartalsvise-markedsandele-1-2026.xlsx,Skadeforsikring i alt,582
Forsikring,Skadeforsikring i alt,2012,4,12,Hamburg-Mannheimer,5109.0,50374142.0,0.00010142108226875606,0.010142108226875605,Bruttopræmieindtægter,t.DKK,F&P,reported,kvartalsvise-markedsandele-1-2026.xlsx,Skadeforsikring i alt,583
Forsikring,Skadeforsikring i alt,2011,1,3,Tryg,2486740.0,12190803.0,0.20398492207609295,20.398492207609294,Bruttopræmieindtægter,t.DKK,F&P,reported,kvartalsvise-markedsandele-1-2026.xlsx,Skadeforsikring i alt,588
Forsikring,Skadeforsikring i alt,2011,1,3,Topdanmark,2151640.0,12190803.0,0.17649698711397435,17.649698711397434,Bruttopræmieindtægter,t.DKK,F&P,reported,kvartalsvise-markedsandele-1-2026.xlsx,Skadeforsikring i alt,589
Forsikring,Skadeforsikring i alt,2011,1,3,Codan,1499624.0,12190803.0,0.12301273345160282,12.301273345160283,Bruttopræmieindtægter,t.DKK,F&P,reported,kvartalsvise-markedsandele-1-2026.xlsx,Skadeforsikring i alt,590
Forsikring,Skadeforsikring i alt,2011,1,3,Alm. Brand,1168476.0,12190803.0,0.09584897729870624,9.584897729870624,Bruttopræmieindtægter,t.DKK,F&P,reported,kvartalsvise-markedsandele-1-2026.xlsx,Skadeforsikring i alt,591
Forsikring,Skadeforsikring i alt,2011,1,3,If,681781.0,12190803.0,0.05592584836290111,5.592584836290111,Bruttopræmieindtægter,t.DKK,F&P,reported,kvartalsvise-markedsandele-1-2026.xlsx,Skadeforsikring i alt,592
Forsikring,Skadeforsikring i alt,2011,1,3,Gjensidige Forsikring,670316.0,12190803.0,0.05498538529414346,5.498538529414346,Bruttopræmieindtægter,t.DKK,F&P,reported,kvartalsvise-markedsandele-1-2026.xlsx,Skadeforsikring i alt,593
Forsikring,Skadeforsikring i alt,2011,1,3,Sygeforsikringen Danmark,659050.0,12190803.0,0.05406124600651819,5.406124600651819,Bruttopræmieindtægter,t.DKK,F&P,reported,kvartalsvise-markedsandele-1-2026.xlsx,Skadeforsikring i alt,594
Forsikring,Skadeforsikring i alt,2011,1,3,Lærerstandens Brandforsikring,535087.0,12190803.0,0.04389267876775631,4.389267876775631,Bruttopræmieindtægter,t.DKK,F&P,reported,kvartalsvise-markedsandele-1-2026.xlsx,Skadeforsikring i alt,595
Forsikring,Skadeforsikring i alt,2011,1,3,Alka,422126.0,12190803.0,0.03462659514717775,3.4626595147177754,Bruttopræmieindtægter,t.DKK,F&P,reported,kvartalsvise-markedsandele-1-2026.xlsx,Skadeforsikring i alt,596
Forsikring,Skadeforsikring i alt,2011,1,3,GF-Forsikring,371021.0,12190803.0,0.030434500500090108,3.0434500500090107,Bruttopræmieindtægter,t.DKK,F&P,reported,kvartalsvise-markedsandele-1-2026.xlsx,Skadeforsikring i alt,597
Forsikring,Skadeforsikring i alt,2011,1,3,Danica,337765.0,12190803.0,0.02770654238281104,2.770654238281104,Bruttopræmieindtægter,t.DKK,F&P,reported,kvartalsvise-markedsandele-1-2026.xlsx,Skadeforsikring i alt,598
Forsikring,Skadeforsikring i alt,2011,1,3,PFA Pension,161504.0,12190803.0,0.01324801983921814,1.324801983921814,Bruttopræmieindtægter,t.DKK,F&P,reported,kvartalsvise-markedsandele-1-2026.xlsx,Skadeforsikring i alt,599
Forsikring,Skadeforsikring i alt,2011,1,3,PKA+ Personforsikring,152896.0,12190803.0,0.01254191376892892,1.254191376892892,Bruttopræmieindtægter,t.DKK,F&P,reported,kvartalsvise-markedsandele-1-2026.xlsx,Skadeforsikring i alt,600
Forsikring,Skadeforsikring i alt,2011,1,3,Købstædernes Forsikring,136822.0,12190803.0,0.011223378804497128,1.1223378804497128,Bruttopræmieindtægter,t.DKK,F&P,reported,kvartalsvise-markedsandele-1-2026.xlsx,Skadeforsikring i alt,601
Forsikring,Skadeforsikring i alt,2011,1,3,Skandia,42081.0,12190803.0,0.0034518644916171643,0.3451864491617164,Bruttopræmieindtægter,t.DKK,F&P,reported,kvartalsvise-markedsandele-1-2026.xlsx,Skadeforsikring i alt,602
Forsikring,Skadeforsikring i alt,2011,1,3,Himmerland Forsikring,88610.0,12190803.0,0.0072685942017109125,0.7268594201710913,Bruttopræmieindtægter,t.DKK,F&P,reported,kvartalsvise-markedsandele-1-2026.xlsx,Skadeforsikring i alt,603
Forsikring,Skadeforsikring i alt,2011,1,3,Thisted Forsikring,58862.0,12190803.0,0.004828393995046922,0.4828393995046922,Bruttopræmieindtægter,t.DKK,F&P,reported,kvartalsvise-markedsandele-1-2026.xlsx,Skadeforsikring i alt,604
Forsikring,Skadeforsikring i alt,2011,1,3,Sønderjysk Forsikring,58809.0,12190803.0,0.004824046455348348,0.48240464553483475,Bruttopræmieindtægter,t.DKK,F&P,reported,kvartalsvise-markedsandele-1-2026.xlsx,Skadeforsikring i alt,605
Forsikring,Skadeforsikring i alt,2011,1,3,PenSam Forsikring,51748.0,12190803.0,0.004244839326826953,0.4244839326826953,Bruttopræmieindtægter,t.DKK,F&P,reported,kvartalsvise-markedsandele-1-2026.xlsx,Skadeforsikring i alt,606
Forsikring,Skadeforsikring i alt,2011,1,3,Lokal Forsikring,49365.0,12190803.0,0.0040493640984929375,0.40493640984929374,Bruttopræmieindtægter,t.DKK,F&P,reported,kvartalsvise-markedsandele-1-2026.xlsx,Skadeforsikring i alt,607
Forsikring,Skadeforsikring i alt,2011,1,3,Popermo Forsikring,45522.0,12190803.0,0.003734126455820835,0.3734126455820835,Bruttopræmieindtægter,t.DKK,F&P,reported,kvartalsvise-markedsandele-1-2026.xlsx,Skadeforsikring i alt,608
Forsikring,Skadeforsikring i alt,2011,1,3,Vestjylland Forsikring,43468.0,12190803.0,0.0035656387852383477,0.35656387852383475,Bruttopræmieindtægter,t.DKK,F&P,reported,kvartalsvise-markedsandele-1-2026.xlsx,Skadeforsikring i alt,609
Forsikring,Skadeforsikring i alt,2011,1,3,Forsikringsselskabet Nærsikring,38622.0,12190803.0,0.003168126004496997,0.31681260044969967,Bruttopræmieindtægter,t.DKK,F&P,reported,kvartalsvise-markedsandele-1-2026.xlsx,Skadeforsikring i alt,610
Forsikring,Skadeforsikring i alt,2011,1,3,Aros Forsikring,34958.0,12190803.0,0.002867571561938947,0.2867571561938947,Bruttopræmieindtægter,t.DKK,F&P,reported,kvartalsvise-markedsandele-1-2026.xlsx,Skadeforsikring i alt,611
Forsikring,Skadeforsikring i alt,2011,1,3,Gartnernes Forsikring,34950.0,12190803.0,0.0028669153295316154,0.2866915329531615,Bruttopræmieindtægter,t.DKK,F&P,reported,kvartalsvise-markedsandele-1-2026.xlsx,Skadeforsikring i alt,612
Forsikring,Skadeforsikring i alt,2011,1,3,Nem Forsikring,33042.0,12190803.0,0.0027104039003829363,0.2710403900382936,Bruttopræmieindtægter,t.DKK,F&P,reported,kvartalsvise-markedsandele-1-2026.xlsx,Skadeforsikring i alt,613
Forsikring,Skadeforsikring i alt,2011,1,3,AXA Forsikring,31275.0,12190803.0,0.002565458567413484,0.2565458567413484,Bruttopræmieindtægter,t.DKK,F&P,reported,kvartalsvise-markedsandele-1-2026.xlsx,Skadeforsikring i alt,614
Forsikring,Skadeforsikring i alt,2011,1,3,HDI-Gerling Forsikring,29868.0,12190803.0,0.002450043692773971,0.24500436927739708,Bruttopræmieindtægter,t.DKK,F&P,reported,kvartalsvise-markedsandele-1-2026.xlsx,Skadeforsikring i alt,615
Forsikring,Skadeforsikring i alt,2011,1,3,Bornholms Brandforsikring,24320.0,12190803.0,0.0019949465182892384,0.19949465182892384,Bruttopræmieindtægter,t.DKK,F&P,reported,kvartalsvise-markedsandele-1-2026.xlsx,Skadeforsikring i alt,616
Forsikring,Skadeforsikring i alt,2011,1,3,DiBa Forsikring,21982.0,12190803.0,0.0018031625972464653,0.18031625972464652,Bruttopræmieindtægter,t.DKK,F&P,reported,kvartalsvise-markedsandele-1-2026.xlsx,Skadeforsikring i alt,617
Forsikring,Skadeforsikring i alt,2011,1,3,PensionDanmark,17660.0,12190803.0,0.0014486330391853598,0.14486330391853597,Bruttopræmieindtægter,t.DKK,F&P,reported,kvartalsvise-markedsandele-1-2026.xlsx,Skadeforsikring i alt,618
Forsikring,Skadeforsikring i alt,2011,1,3,Forsikringsselskabet TRAFIK,12599.0,12190803.0,0.001033484012496962,0.10334840124969619,Bruttopræmieindtægter,t.DKK,F&P,reported,kvartalsvise-markedsandele-1-2026.xlsx,Skadeforsikring i alt,619
Forsikring,Skadeforsikring i alt,2011,1,3,HF Forsikring,11229.0,12190803.0,0.0009211042127413592,0.09211042127413592,Bruttopræmieindtægter,t.DKK,F&P,reported,kvartalsvise-markedsandele-1-2026.xlsx,Skadeforsikring i alt,620
Forsikring,Skadeforsikring i alt,2011,1,3,Forsikringsselskabet Vendsyssel,9221.0,12190803.0,0.0007563898785010307,0.07563898785010308,Bruttopræmieindtægter,t.DKK,F&P,reported,kvartalsvise-markedsandele-1-2026.xlsx,Skadeforsikring i alt,621
Forsikring,Skadeforsikring i alt,2011,1,3,Dansk Boligforsikring,9087.0,12190803.0,0.0007453979856782199,0.07453979856782199,Bruttopræmieindtægter,t.DKK,F&P,reported,kvartalsvise-markedsandele-1-2026.xlsx,Skadeforsikring i alt,622
Forsikring,Skadeforsikring i alt,2011,1,3,"Ulykkesforsikringsforbundet for 
dansk Fiskeri",3335.0,12190803.0,0.00027356688480652177,0.02735668848065218,Bruttopræmieindtægter,t.DKK,F&P,reported,kvartalsvise-markedsandele-1-2026.xlsx,Skadeforsikring i alt,623
Forsikring,Skadeforsikring i alt,2011,1,3,Forsikringsselskabet af 1. juni 2007,2310.0,12190803.0,0.00018948710761711103,0.018948710761711104,Bruttopræmieindtægter,t.DKK,F&P,reported,kvartalsvise-markedsandele-1-2026.xlsx,Skadeforsikring i alt,624
Forsikring,Skadeforsikring i alt,2011,1,3,Dansk Musiker Forbund Forsikring,1879.0,12190803.0,0.00015413258667210027,0.015413258667210028,Bruttopræmieindtægter,t.DKK,F&P,reported,kvartalsvise-markedsandele-1-2026.xlsx,Skadeforsikring i alt,625
Forsikring,Skadeforsikring i alt,2011,1,3,Hamburg-Mannheimer,1153.0,12190803.0,9.457949570672251e-05,0.009457949570672251,Bruttopræmieindtægter,t.DKK,F&P,reported,kvartalsvise-markedsandele-1-2026.xlsx,Skadeforsikring i alt,626
Forsikring,Skadeforsikring i alt,2011,2,6,Tryg,4958958.0,24371963.0,0.20346978206064076,20.346978206064076,Bruttopræmieindtægter,t.DKK,F&P,reported,kvartalsvise-markedsandele-1-2026.xlsx,Skadeforsikring i alt,588
Forsikring,Skadeforsikring i alt,2011,2,6,Topdanmark,4301604.0,24371963.0,0.17649805229065874,17.649805229065873,Bruttopræmieindtægter,t.DKK,F&P,reported,kvartalsvise-markedsandele-1-2026.xlsx,Skadeforsikring i alt,589
Forsikring,Skadeforsikring i alt,2011,2,6,Codan,3013196.0,24371963.0,0.12363370156109296,12.363370156109296,Bruttopræmieindtægter,t.DKK,F&P,reported,kvartalsvise-markedsandele-1-2026.xlsx,Skadeforsikring i alt,590
Forsikring,Skadeforsikring i alt,2011,2,6,Alm. Brand,2338043.0,24371963.0,0.09593166541406616,9.593166541406616,Bruttopræmieindtægter,t.DKK,F&P,reported,kvartalsvise-markedsandele-1-2026.xlsx,Skadeforsikring i alt,591
Forsikring,Skadeforsikring i alt,2011,2,6,If,1390623.0,24371963.0,0.057058309172716204,5.70583091727162,Bruttopræmieindtægter,t.DKK,F&P,reported,kvartalsvise-markedsandele-1-2026.xlsx,Skadeforsikring i alt,592
Forsikring,Skadeforsikring i alt,2011,2,6,Gjensidige Forsikring,1353173.0,24371963.0,0.055521707463613,5.5521707463613,Bruttopræmieindtægter,t.DKK,F&P,reported,kvartalsvise-markedsandele-1-2026.xlsx,Skadeforsikring i alt,593
Forsikring,Skadeforsikring i alt,2011,2,6,Sygeforsikringen Danmark,1321806.0,24371963.0,0.0542346958265118,5.4234695826511805,Bruttopræmieindtægter,t.DKK,F&P,reported,kvartalsvise-markedsandele-1-2026.xlsx,Skadeforsikring i alt,594
Forsikring,Skadeforsikring i alt,2011,2,6,Lærerstandens Brandforsikring,1000260.0,24371963.0,0.04104142124292574,4.104142124292574,Bruttopræmieindtægter,t.DKK,F&P,reported,kvartalsvise-markedsandele-1-2026.xlsx,Skadeforsikring i alt,595
Forsikring,Skadeforsikring i alt,2011,2,6,Alka,852543.0,24371963.0,0.0349804814655266,3.4980481465526596,Bruttopræmieindtægter,t.DKK,F&P,reported,kvartalsvise-markedsandele-1-2026.xlsx,Skadeforsikring i alt,596
Forsikring,Skadeforsikring i alt,2011,2,6,GF-Forsikring,729062.0,24371963.0,0.029913963023823723,2.9913963023823724,Bruttopræmieindtægter,t.DKK,F&P,reported,kvartalsvise-markedsandele-1-2026.xlsx,Skadeforsikring i alt,597
Forsikring,Skadeforsikring i alt,2011,2,6,Danica,678727.0,24371963.0,0.02784868005913188,2.784868005913188,Bruttopræmieindtægter,t.DKK,F&P,reported,kvartalsvise-markedsandele-1-2026.xlsx,Skadeforsikring i alt,598
Forsikring,Skadeforsikring i alt,2011,2,6,PFA Pension,345980.0,24371963.0,0.014195820008425255,1.4195820008425255,Bruttopræmieindtægter,t.DKK,F&P,reported,kvartalsvise-markedsandele-1-2026.xlsx,Skadeforsikring i alt,599
Forsikring,Skadeforsikring i alt,2011,2,6,PKA+ Personforsikring,305781.0,24371963.0,0.012546424758645824,1.2546424758645824,Bruttopræmieindtægter,t.DKK,F&P,reported,kvartalsvise-markedsandele-1-2026.xlsx,Skadeforsikring i alt,600
Forsikring,Skadeforsikring i alt,2011,2,6,Købstædernes Forsikring,282116.0,24371963.0,0.011575431983053643,1.1575431983053643,Bruttopræmieindtægter,t.DKK,F&P,reported,kvartalsvise-markedsandele-1-2026.xlsx,Skadeforsikring i alt,601
Forsikring,Skadeforsikring i alt,2011,2,6,Skandia,91037.0,24371963.0,0.0037353166833545576,0.37353166833545576,Bruttopræmieindtægter,t.DKK,F&P,reported,kvartalsvise-markedsandele-1-2026.xlsx,Skadeforsikring i alt,602
Forsikring,Skadeforsikring i alt,2011,2,6,Himmerland Forsikring,179447.0,24371963.0,0.0073628455779290326,0.7362845577929032,Bruttopræmieindtægter,t.DKK,F&P,reported,kvartalsvise-markedsandele-1-2026.xlsx,Skadeforsikring i alt,603
Forsikring,Skadeforsikring i alt,2011,2,6,Thisted Forsikring,116877.0,24371963.0,0.004795551347259144,0.4795551347259144,Bruttopræmieindtægter,t.DKK,F&P,reported,kvartalsvise-markedsandele-1-2026.xlsx,Skadeforsikring i alt,604
Forsikring,Skadeforsikring i alt,2011,2,6,Sønderjysk Forsikring,119913.0,24371963.0,0.004920120714117283,0.49201207141172826,Bruttopræmieindtægter,t.DKK,F&P,reported,kvartalsvise-markedsandele-1-2026.xlsx,Skadeforsikring i alt,605
Forsikring,Skadeforsikring i alt,2011,2,6,PenSam Forsikring,94397.0,24371963.0,0.0038731800142647516,0.38731800142647516,Bruttopræmieindtægter,t.DKK,F&P,reported,kvartalsvise-markedsandele-1-2026.xlsx,Skadeforsikring i alt,606
Forsikring,Skadeforsikring i alt,2011,2,6,Lokal Forsikring,99632.0,24371963.0,0.004087976007513224,0.4087976007513224,Bruttopræmieindtægter,t.DKK,F&P,reported,kvartalsvise-markedsandele-1-2026.xlsx,Skadeforsikring i alt,607
Forsikring,Skadeforsikring i alt,2011,2,6,Popermo Forsikring,92159.0,24371963.0,0.003781353188497783,0.3781353188497783,Bruttopræmieindtægter,t.DKK,F&P,reported,kvartalsvise-markedsandele-1-2026.xlsx,Skadeforsikring i alt,608
Forsikring,Skadeforsikring i alt,2011,2,6,Vestjylland Forsikring,88675.0,24371963.0,0.0036384020441849515,0.36384020441849513,Bruttopræmieindtægter,t.DKK,F&P,reported,kvartalsvise-markedsandele-1-2026.xlsx,Skadeforsikring i alt,609
Forsikring,Skadeforsikring i alt,2011,2,6,Forsikringsselskabet Nærsikring,78684.0,24371963.0,0.00322846378849336,0.322846378849336,Bruttopræmieindtægter,t.DKK,F&P,reported,kvartalsvise-markedsandele-1-2026.xlsx,Skadeforsikring i alt,610
Forsikring,Skadeforsikring i alt,2011,2,6,Aros Forsikring,69928.0,24371963.0,0.0028691985130619145,0.28691985130619146,Bruttopræmieindtægter,t.DKK,F&P,reported,kvartalsvise-markedsandele-1-2026.xlsx,Skadeforsikring i alt,611
Forsikring,Skadeforsikring i alt,2011,2,6,Gartnernes Forsikring,71711.0,24371963.0,0.0029423563461014614,0.2942356346101461,Bruttopræmieindtægter,t.DKK,F&P,reported,kvartalsvise-markedsandele-1-2026.xlsx,Skadeforsikring i alt,612
Forsikring,Skadeforsikring i alt,2011,2,6,Nem Forsikring,66679.0,24371963.0,0.0027358895957621467,0.27358895957621465,Bruttopræmieindtægter,t.DKK,F&P,reported,kvartalsvise-markedsandele-1-2026.xlsx,Skadeforsikring i alt,613
Forsikring,Skadeforsikring i alt,2011,2,6,AXA Forsikring,58916.0,24371963.0,0.002417367858305053,0.2417367858305053,Bruttopræmieindtægter,t.DKK,F&P,reported,kvartalsvise-markedsandele-1-2026.xlsx,Skadeforsikring i alt,614
Forsikring,Skadeforsikring i alt,2011,2,6,HDI-Gerling Forsikring,40377.0,24371963.0,0.0016566987238574094,0.16566987238574093,Bruttopræmieindtægter,t.DKK,F&P,reported,kvartalsvise-markedsandele-1-2026.xlsx,Skadeforsikring i alt,615
Forsikring,Skadeforsikring i alt,2011,2,6,Bornholms Brandforsikring,49122.0,24371963.0,0.002015512661003137,0.20155126610031368,Bruttopræmieindtægter,t.DKK,F&P,reported,kvartalsvise-markedsandele-1-2026.xlsx,Skadeforsikring i alt,616
Forsikring,Skadeforsikring i alt,2011,2,6,DiBa Forsikring,43555.0,24371963.0,0.0017870944576766344,0.17870944576766343,Bruttopræmieindtægter,t.DKK,F&P,reported,kvartalsvise-markedsandele-1-2026.xlsx,Skadeforsikring i alt,617
Forsikring,Skadeforsikring i alt,2011,2,6,PensionDanmark,37387.0,24371963.0,0.0015340167716486359,0.15340167716486358,Bruttopræmieindtægter,t.DKK,F&P,reported,kvartalsvise-markedsandele-1-2026.xlsx,Skadeforsikring i alt,618
Forsikring,Skadeforsikring i alt,2011,2,6,Forsikringsselskabet TRAFIK,24955.0,24371963.0,0.0010239224472809187,0.10239224472809187,Bruttopræmieindtægter,t.DKK,F&P,reported,kvartalsvise-markedsandele-1-2026.xlsx,Skadeforsikring i alt,619
Forsikring,Skadeforsikring i alt,2011,2,6,HF Forsikring,22355.0,24371963.0,0.0009172424888385069,0.09172424888385068,Bruttopræmieindtægter,t.DKK,F&P,reported,kvartalsvise-markedsandele-1-2026.xlsx,Skadeforsikring i alt,620
Forsikring,Skadeforsikring i alt,2011,2,6,Forsikringsselskabet Vendsyssel,18850.0,24371963.0,0.0007734296987074861,0.07734296987074861,Bruttopræmieindtægter,t.DKK,F&P,reported,kvartalsvise-markedsandele-1-2026.xlsx,Skadeforsikring i alt,621
Forsikring,Skadeforsikring i alt,2011,2,6,Dansk Boligforsikring,18552.0,24371963.0,0.0007612025342398559,0.0761202534239856,Bruttopræmieindtægter,t.DKK,F&P,reported,kvartalsvise-markedsandele-1-2026.xlsx,Skadeforsikring i alt,622
Forsikring,Skadeforsikring i alt,2011,2,6,"Ulykkesforsikringsforbundet for 
dansk Fiskeri",6587.0,24371963.0,0.0002702695716385258,0.02702695716385258,Bruttopræmieindtægter,t.DKK,F&P,reported,kvartalsvise-markedsandele-1-2026.xlsx,Skadeforsikring i alt,623
Forsikring,Skadeforsikring i alt,2011,2,6,Forsikringsselskabet af 1. juni 2007,4370.0,24371963.0,0.00017930439168974612,0.01793043916897461,Bruttopræmieindtægter,t.DKK,F&P,reported,kvartalsvise-markedsandele-1-2026.xlsx,Skadeforsikring i alt,624
Forsikring,Skadeforsikring i alt,2011,2,6,Dansk Musiker Forbund Forsikring,3643.0,24371963.0,0.00014947503407911788,0.014947503407911789,Bruttopræmieindtægter,t.DKK,F&P,reported,kvartalsvise-markedsandele-1-2026.xlsx,Skadeforsikring i alt,625
Forsikring,Skadeforsikring i alt,2011,2,6,Hamburg-Mannheimer,2283.0,24371963.0,9.367320966308704e-05,0.009367320966308705,Bruttopræmieindtægter,t.DKK,F&P,reported,kvartalsvise-markedsandele-1-2026.xlsx,Skadeforsikring i alt,626
Forsikring,Skadeforsikring i alt,2011,3,9,Tryg,7498539.0,36965310.0,0.20285340498970522,20.285340498970523,Bruttopræmieindtægter,t.DKK,F&P,reported,kvartalsvise-markedsandele-1-2026.xlsx,Skadeforsikring i alt,588
Forsikring,Skadeforsikring i alt,2011,3,9,Topdanmark,6466725.0,36965310.0,0.1749403697683044,17.49403697683044,Bruttopræmieindtægter,t.DKK,F&P,reported,kvartalsvise-markedsandele-1-2026.xlsx,Skadeforsikring i alt,589
Forsikring,Skadeforsikring i alt,2011,3,9,Codan,4601733.0,36965310.0,0.12448787795909193,12.448787795909192,Bruttopræmieindtægter,t.DKK,F&P,reported,kvartalsvise-markedsandele-1-2026.xlsx,Skadeforsikring i alt,590
Forsikring,Skadeforsikring i alt,2011,3,9,Alm. Brand,3567369.0,36965310.0,0.09650585914199014,9.650585914199015,Bruttopræmieindtægter,t.DKK,F&P,reported,kvartalsvise-markedsandele-1-2026.xlsx,Skadeforsikring i alt,591
Forsikring,Skadeforsikring i alt,2011,3,9,If,2115196.0,36965310.0,0.057221108114607996,5.7221108114608,Bruttopræmieindtægter,t.DKK,F&P,reported,kvartalsvise-markedsandele-1-2026.xlsx,Skadeforsikring i alt,592
Forsikring,Skadeforsikring i alt,2011,3,9,Gjensidige Forsikring,2048044.0,36965310.0,0.05540448598970224,5.540448598970224,Bruttopræmieindtægter,t.DKK,F&P,reported,kvartalsvise-markedsandele-1-2026.xlsx,Skadeforsikring i alt,593
Forsikring,Skadeforsikring i alt,2011,3,9,Sygeforsikringen Danmark,1986649.0,36965310.0,0.05374360447673778,5.374360447673778,Bruttopræmieindtægter,t.DKK,F&P,reported,kvartalsvise-markedsandele-1-2026.xlsx,Skadeforsikring i alt,594
Forsikring,Skadeforsikring i alt,2011,3,9,Lærerstandens Brandforsikring,1556023.0,36965310.0,0.04209414177779112,4.209414177779112,Bruttopræmieindtægter,t.DKK,F&P,reported,kvartalsvise-markedsandele-1-2026.xlsx,Skadeforsikring i alt,595
Forsikring,Skadeforsikring i alt,2011,3,9,Alka,1287815.0,36965310.0,0.03483847423435648,3.483847423435648,Bruttopræmieindtægter,t.DKK,F&P,reported,kvartalsvise-markedsandele-1-2026.xlsx,Skadeforsikring i alt,596
Forsikring,Skadeforsikring i alt,2011,3,9,GF-Forsikring,1102880.0,36965310.0,0.029835540402609908,2.983554040260991,Bruttopræmieindtægter,t.DKK,F&P,reported,kvartalsvise-markedsandele-1-2026.xlsx,Skadeforsikring i alt,597
Forsikring,Skadeforsikring i alt,2011,3,9,Danica,1013272.0,36965310.0,0.027411429797288323,2.7411429797288323,Bruttopræmieindtægter,t.DKK,F&P,reported,kvartalsvise-markedsandele-1-2026.xlsx,Skadeforsikring i alt,598
Forsikring,Skadeforsikring i alt,2011,3,9,PFA Pension,571765.0,36965310.0,0.01546761003762717,1.546761003762717,Bruttopræmieindtægter,t.DKK,F&P,reported,kvartalsvise-markedsandele-1-2026.xlsx,Skadeforsikring i alt,599
Forsikring,Skadeforsikring i alt,2011,3,9,PKA+ Personforsikring,458646.0,36965310.0,0.012407470679942897,1.2407470679942898,Bruttopræmieindtægter,t.DKK,F&P,reported,kvartalsvise-markedsandele-1-2026.xlsx,Skadeforsikring i alt,600
Forsikring,Skadeforsikring i alt,2011,3,9,Købstædernes Forsikring,430440.0,36965310.0,0.011644430954319062,1.1644430954319063,Bruttopræmieindtægter,t.DKK,F&P,reported,kvartalsvise-markedsandele-1-2026.xlsx,Skadeforsikring i alt,601
Forsikring,Skadeforsikring i alt,2011,3,9,Skandia,136976.0,36965310.0,0.0037055282371499117,0.37055282371499115,Bruttopræmieindtægter,t.DKK,F&P,reported,kvartalsvise-markedsandele-1-2026.xlsx,Skadeforsikring i alt,602
Forsikring,Skadeforsikring i alt,2011,3,9,Himmerland Forsikring,271041.0,36965310.0,0.007332306965638865,0.7332306965638865,Bruttopræmieindtægter,t.DKK,F&P,reported,kvartalsvise-markedsandele-1-2026.xlsx,Skadeforsikring i alt,603
Forsikring,Skadeforsikring i alt,2011,3,9,Thisted Forsikring,175809.0,36965310.0,0.0047560537163086145,0.4756053716308615,Bruttopræmieindtægter,t.DKK,F&P,reported,kvartalsvise-markedsandele-1-2026.xlsx,Skadeforsikring i alt,604
Forsikring,Skadeforsikring i alt,2011,3,9,Sønderjysk Forsikring,182877.0,36965310.0,0.004947260012157344,0.4947260012157344,Bruttopræmieindtægter,t.DKK,F&P,reported,kvartalsvise-markedsandele-1-2026.xlsx,Skadeforsikring i alt,605
Forsikring,Skadeforsikring i alt,2011,3,9,PenSam Forsikring,141821.0,36965310.0,0.003836597068981702,0.3836597068981702,Bruttopræmieindtægter,t.DKK,F&P,reported,kvartalsvise-markedsandele-1-2026.xlsx,Skadeforsikring i alt,606
Forsikring,Skadeforsikring i alt,2011,3,9,Lokal Forsikring,151371.0,36965310.0,0.004094947397979349,0.4094947397979349,Bruttopræmieindtægter,t.DKK,F&P,reported,kvartalsvise-markedsandele-1-2026.xlsx,Skadeforsikring i alt,607
Forsikring,Skadeforsikring i alt,2011,3,9,Popermo Forsikring,139500.0,36965310.0,0.003773808470698609,0.3773808470698609,Bruttopræmieindtægter,t.DKK,F&P,reported,kvartalsvise-markedsandele-1-2026.xlsx,Skadeforsikring i alt,608
Forsikring,Skadeforsikring i alt,2011,3,9,Vestjylland Forsikring,135464.0,36965310.0,0.003664625022757823,0.3664625022757823,Bruttopræmieindtægter,t.DKK,F&P,reported,kvartalsvise-markedsandele-1-2026.xlsx,Skadeforsikring i alt,609
Forsikring,Skadeforsikring i alt,2011,3,9,Forsikringsselskabet Nærsikring,117600.0,36965310.0,0.0031813611193846334,0.31813611193846336,Bruttopræmieindtægter,t.DKK,F&P,reported,kvartalsvise-markedsandele-1-2026.xlsx,Skadeforsikring i alt,610
Forsikring,Skadeforsikring i alt,2011,3,9,Aros Forsikring,104953.0,36965310.0,0.0028392295370984312,0.2839229537098431,Bruttopræmieindtægter,t.DKK,F&P,reported,kvartalsvise-markedsandele-1-2026.xlsx,Skadeforsikring i alt,611
Forsikring,Skadeforsikring i alt,2011,3,9,Gartnernes Forsikring,109742.0,36965310.0,0.0029687834350638474,0.29687834350638476,Bruttopræmieindtægter,t.DKK,F&P,reported,kvartalsvise-markedsandele-1-2026.xlsx,Skadeforsikring i alt,612
Forsikring,Skadeforsikring i alt,2011,3,9,Nem Forsikring,101372.0,36965310.0,0.002742354926821931,0.2742354926821931,Bruttopræmieindtægter,t.DKK,F&P,reported,kvartalsvise-markedsandele-1-2026.xlsx,Skadeforsikring i alt,613
Forsikring,Skadeforsikring i alt,2011,3,9,AXA Forsikring,73645.0,36965310.0,0.001992273296233685,0.19922732962336848,Bruttopræmieindtægter,t.DKK,F&P,reported,kvartalsvise-markedsandele-1-2026.xlsx,Skadeforsikring i alt,614
Forsikring,Skadeforsikring i alt,2011,3,9,HDI-Gerling Forsikring,51525.0,36965310.0,0.0013938744190160992,0.13938744190160993,Bruttopræmieindtægter,t.DKK,F&P,reported,kvartalsvise-markedsandele-1-2026.xlsx,Skadeforsikring i alt,615
Forsikring,Skadeforsikring i alt,2011,3,9,Bornholms Brandforsikring,74637.0,36965310.0,0.0020191092675808753,0.20191092675808753,Bruttopræmieindtægter,t.DKK,F&P,reported,kvartalsvise-markedsandele-1-2026.xlsx,Skadeforsikring i alt,616
Forsikring,Skadeforsikring i alt,2011,3,9,DiBa Forsikring,65925.0,36965310.0,0.001783428841797891,0.1783428841797891,Bruttopræmieindtægter,t.DKK,F&P,reported,kvartalsvise-markedsandele-1-2026.xlsx,Skadeforsikring i alt,617
Forsikring,Skadeforsikring i alt,2011,3,9,PensionDanmark,56878.0,36965310.0,0.0015386858652071361,0.1538685865207136,Bruttopræmieindtægter,t.DKK,F&P,reported,kvartalsvise-markedsandele-1-2026.xlsx,Skadeforsikring i alt,618
Forsikring,Skadeforsikring i alt,2011,3,9,Forsikringsselskabet TRAFIK,36635.0,36965310.0,0.000991064324903538,0.0991064324903538,Bruttopræmieindtægter,t.DKK,F&P,reported,kvartalsvise-markedsandele-1-2026.xlsx,Skadeforsikring i alt,619
Forsikring,Skadeforsikring i alt,2011,3,9,HF Forsikring,33936.0,36965310.0,0.0009180499230224229,0.09180499230224229,Bruttopræmieindtægter,t.DKK,F&P,reported,kvartalsvise-markedsandele-1-2026.xlsx,Skadeforsikring i alt,620
Forsikring,Skadeforsikring i alt,2011,3,9,Forsikringsselskabet Vendsyssel,32487.0,36965310.0,0.0008788510092300052,0.08788510092300052,Bruttopræmieindtægter,t.DKK,F&P,reported,kvartalsvise-markedsandele-1-2026.xlsx,Skadeforsikring i alt,621
Forsikring,Skadeforsikring i alt,2011,3,9,Dansk Boligforsikring,41140.0,36965310.0,0.0011129353439752027,0.11129353439752027,Bruttopræmieindtægter,t.DKK,F&P,reported,kvartalsvise-markedsandele-1-2026.xlsx,Skadeforsikring i alt,622
Forsikring,Skadeforsikring i alt,2011,3,9,"Ulykkesforsikringsforbundet for 
dansk Fiskeri",10119.0,36965310.0,0.00027374313917562167,0.027374313917562166,Bruttopræmieindtægter,t.DKK,F&P,reported,kvartalsvise-markedsandele-1-2026.xlsx,Skadeforsikring i alt,623
Forsikring,Skadeforsikring i alt,2011,3,9,Forsikringsselskabet af 1. juni 2007,5930.0,36965310.0,0.0001604206754927796,0.01604206754927796,Bruttopræmieindtægter,t.DKK,F&P,reported,kvartalsvise-markedsandele-1-2026.xlsx,Skadeforsikring i alt,624
Forsikring,Skadeforsikring i alt,2011,3,9,Dansk Musiker Forbund Forsikring,5426.0,36965310.0,0.00014678627069541686,0.014678627069541686,Bruttopræmieindtægter,t.DKK,F&P,reported,kvartalsvise-markedsandele-1-2026.xlsx,Skadeforsikring i alt,625
Forsikring,Skadeforsikring i alt,2011,3,9,Hamburg-Mannheimer,3405.0,36965310.0,9.211338955361121e-05,0.009211338955361121,Bruttopræmieindtægter,t.DKK,F&P,reported,kvartalsvise-markedsandele-1-2026.xlsx,Skadeforsikring i alt,626
Forsikring,Skadeforsikring i alt,2011,4,12,Tryg,9971284.0,49447295.0,0.20165479223888788,20.165479223888788,Bruttopræmieindtægter,t.DKK,F&P,reported,kvartalsvise-markedsandele-1-2026.xlsx,Skadeforsikring i alt,588
Forsikring,Skadeforsikring i alt,2011,4,12,Topdanmark,8667997.0,49447295.0,0.17529769828663025,17.529769828663024,Bruttopræmieindtægter,t.DKK,F&P,reported,kvartalsvise-markedsandele-1-2026.xlsx,Skadeforsikring i alt,589
Forsikring,Skadeforsikring i alt,2011,4,12,Codan,6187138.0,49447295.0,0.12512591437003784,12.512591437003785,Bruttopræmieindtægter,t.DKK,F&P,reported,kvartalsvise-markedsandele-1-2026.xlsx,Skadeforsikring i alt,590
Forsikring,Skadeforsikring i alt,2011,4,12,Alm. Brand,4771757.0,49447295.0,0.09650188144771114,9.650188144771114,Bruttopræmieindtægter,t.DKK,F&P,reported,kvartalsvise-markedsandele-1-2026.xlsx,Skadeforsikring i alt,591
Forsikring,Skadeforsikring i alt,2011,4,12,If,2891348.0,49447295.0,0.058473330037568286,5.8473330037568285,Bruttopræmieindtægter,t.DKK,F&P,reported,kvartalsvise-markedsandele-1-2026.xlsx,Skadeforsikring i alt,592
Forsikring,Skadeforsikring i alt,2011,4,12,Gjensidige Forsikring,2717490.0,49447295.0,0.054957303528939246,5.495730352893925,Bruttopræmieindtægter,t.DKK,F&P,reported,kvartalsvise-markedsandele-1-2026.xlsx,Skadeforsikring i alt,593
Forsikring,Skadeforsikring i alt,2011,4,12,Sygeforsikringen Danmark,2653864.0,49447295.0,0.053670559734359594,5.367055973435959,Bruttopræmieindtægter,t.DKK,F&P,reported,kvartalsvise-markedsandele-1-2026.xlsx,Skadeforsikring i alt,594
Forsikring,Skadeforsikring i alt,2011,4,12,Lærerstandens Brandforsikring,2125923.0,49447295.0,0.04299371684538053,4.299371684538053,Bruttopræmieindtægter,t.DKK,F&P,reported,kvartalsvise-markedsandele-1-2026.xlsx,Skadeforsikring i alt,595
Forsikring,Skadeforsikring i alt,2011,4,12,Alka,1720880.0,49447295.0,0.034802308195018554,3.4802308195018554,Bruttopræmieindtægter,t.DKK,F&P,reported,kvartalsvise-markedsandele-1-2026.xlsx,Skadeforsikring i alt,596
Forsikring,Skadeforsikring i alt,2011,4,12,GF-Forsikring,1488403.0,49447295.0,0.0301007972225781,3.01007972225781,Bruttopræmieindtægter,t.DKK,F&P,reported,kvartalsvise-markedsandele-1-2026.xlsx,Skadeforsikring i alt,597
Forsikring,Skadeforsikring i alt,2011,4,12,Danica,1332256.0,49447295.0,0.026942950064305846,2.6942950064305844,Bruttopræmieindtægter,t.DKK,F&P,reported,kvartalsvise-markedsandele-1-2026.xlsx,Skadeforsikring i alt,598
Forsikring,Skadeforsikring i alt,2011,4,12,PFA Pension,729810.0,49447295.0,0.01475935134571062,1.475935134571062,Bruttopræmieindtægter,t.DKK,F&P,reported,kvartalsvise-markedsandele-1-2026.xlsx,Skadeforsikring i alt,599
Forsikring,Skadeforsikring i alt,2011,4,12,PKA+ Personforsikring,612291.0,49447295.0,0.012382699599644432,1.2382699599644431,Bruttopræmieindtægter,t.DKK,F&P,reported,kvartalsvise-markedsandele-1-2026.xlsx,Skadeforsikring i alt,600
Forsikring,Skadeforsikring i alt,2011,4,12,Købstædernes Forsikring,577119.0,49447295.0,0.011671396787225669,1.167139678722567,Bruttopræmieindtægter,t.DKK,F&P,reported,kvartalsvise-markedsandele-1-2026.xlsx,Skadeforsikring i alt,601
Forsikring,Skadeforsikring i alt,2011,4,12,Skandia,182343.0,49447295.0,0.0036876233573545332,0.3687623357354533,Bruttopræmieindtægter,t.DKK,F&P,reported,kvartalsvise-markedsandele-1-2026.xlsx,Skadeforsikring i alt,602
Forsikring,Skadeforsikring i alt,2011,4,12,Himmerland Forsikring,363084.0,49447295.0,0.00734284858251599,0.7342848582515991,Bruttopræmieindtægter,t.DKK,F&P,reported,kvartalsvise-markedsandele-1-2026.xlsx,Skadeforsikring i alt,603
Forsikring,Skadeforsikring i alt,2011,4,12,Thisted Forsikring,234578.0,49447295.0,0.00474400065766995,0.47440006576699495,Bruttopræmieindtægter,t.DKK,F&P,reported,kvartalsvise-markedsandele-1-2026.xlsx,Skadeforsikring i alt,604
Forsikring,Skadeforsikring i alt,2011,4,12,Sønderjysk Forsikring,248232.0,49447295.0,0.005020133052778721,0.5020133052778721,Bruttopræmieindtægter,t.DKK,F&P,reported,kvartalsvise-markedsandele-1-2026.xlsx,Skadeforsikring i alt,605
Forsikring,Skadeforsikring i alt,2011,4,12,PenSam Forsikring,179417.0,49447295.0,0.003628449240752199,0.3628449240752199,Bruttopræmieindtægter,t.DKK,F&P,reported,kvartalsvise-markedsandele-1-2026.xlsx,Skadeforsikring i alt,606
Forsikring,Skadeforsikring i alt,2011,4,12,Lokal Forsikring,203692.0,49447295.0,0.004119375994177234,0.4119375994177234,Bruttopræmieindtægter,t.DKK,F&P,reported,kvartalsvise-markedsandele-1-2026.xlsx,Skadeforsikring i alt,607
Forsikring,Skadeforsikring i alt,2011,4,12,Popermo Forsikring,187097.0,49447295.0,0.003783766129168441,0.3783766129168441,Bruttopræmieindtægter,t.DKK,F&P,reported,kvartalsvise-markedsandele-1-2026.xlsx,Skadeforsikring i alt,608
Forsikring,Skadeforsikring i alt,2011,4,12,Vestjylland Forsikring,182794.0,49447295.0,0.0036967441798383517,0.36967441798383516,Bruttopræmieindtægter,t.DKK,F&P,reported,kvartalsvise-markedsandele-1-2026.xlsx,Skadeforsikring i alt,609
Forsikring,Skadeforsikring i alt,2011,4,12,Forsikringsselskabet Nærsikring,158279.0,49447295.0,0.0032009637736503077,0.32009637736503077,Bruttopræmieindtægter,t.DKK,F&P,reported,kvartalsvise-markedsandele-1-2026.xlsx,Skadeforsikring i alt,610
Forsikring,Skadeforsikring i alt,2011,4,12,Aros Forsikring,139418.0,49447295.0,0.0028195273371374513,0.28195273371374513,Bruttopræmieindtægter,t.DKK,F&P,reported,kvartalsvise-markedsandele-1-2026.xlsx,Skadeforsikring i alt,611
Forsikring,Skadeforsikring i alt,2011,4,12,Gartnernes Forsikring,146817.0,49447295.0,0.002969161407110338,0.29691614071103384,Bruttopræmieindtægter,t.DKK,F&P,reported,kvartalsvise-markedsandele-1-2026.xlsx,Skadeforsikring i alt,612
Forsikring,Skadeforsikring i alt,2011,4,12,Nem Forsikring,136074.0,49447295.0,0.0027518997753062124,0.27518997753062124,Bruttopræmieindtægter,t.DKK,F&P,reported,kvartalsvise-markedsandele-1-2026.xlsx,Skadeforsikring i alt,613
Forsikring,Skadeforsikring i alt,2011,4,12,AXA Forsikring,91326.0,49447295.0,0.0018469362176434525,0.18469362176434526,Bruttopræmieindtægter,t.DKK,F&P,reported,kvartalsvise-markedsandele-1-2026.xlsx,Skadeforsikring i alt,614
Forsikring,Skadeforsikring i alt,2011,4,12,HDI-Gerling Forsikring,58439.0,49447295.0,0.0011818442242391622,0.11818442242391622,Bruttopræmieindtægter,t.DKK,F&P,reported,kvartalsvise-markedsandele-1-2026.xlsx,Skadeforsikring i alt,615
Forsikring,Skadeforsikring i alt,2011,4,12,Bornholms Brandforsikring,101084.0,49447295.0,0.002044277649566068,0.2044277649566068,Bruttopræmieindtægter,t.DKK,F&P,reported,kvartalsvise-markedsandele-1-2026.xlsx,Skadeforsikring i alt,616
Forsikring,Skadeforsikring i alt,2011,4,12,DiBa Forsikring,87222.0,49447295.0,0.0017639387553960231,0.1763938755396023,Bruttopræmieindtægter,t.DKK,F&P,reported,kvartalsvise-markedsandele-1-2026.xlsx,Skadeforsikring i alt,617
Forsikring,Skadeforsikring i alt,2011,4,12,PensionDanmark,77105.0,49447295.0,0.0015593370678820752,0.15593370678820753,Bruttopræmieindtægter,t.DKK,F&P,reported,kvartalsvise-markedsandele-1-2026.xlsx,Skadeforsikring i alt,618
Forsikring,Skadeforsikring i alt,2011,4,12,Forsikringsselskabet TRAFIK,48370.0,49447295.0,0.0009782132672778157,0.09782132672778157,Bruttopræmieindtægter,t.DKK,F&P,reported,kvartalsvise-markedsandele-1-2026.xlsx,Skadeforsikring i alt,619
Forsikring,Skadeforsikring i alt,2011,4,12,HF Forsikring,45405.0,49447295.0,0.000918250432101493,0.09182504321014931,Bruttopræmieindtægter,t.DKK,F&P,reported,kvartalsvise-markedsandele-1-2026.xlsx,Skadeforsikring i alt,620
Forsikring,Skadeforsikring i alt,2011,4,12,Forsikringsselskabet Vendsyssel,39519.0,49447295.0,0.0007992145980887326,0.07992145980887326,Bruttopræmieindtægter,t.DKK,F&P,reported,kvartalsvise-markedsandele-1-2026.xlsx,Skadeforsikring i alt,621
Forsikring,Skadeforsikring i alt,2011,4,12,Dansk Boligforsikring,58568.0,49447295.0,0.0011844530625992787,0.11844530625992787,Bruttopræmieindtægter,t.DKK,F&P,reported,kvartalsvise-markedsandele-1-2026.xlsx,Skadeforsikring i alt,622
Forsikring,Skadeforsikring i alt,2011,4,12,"Ulykkesforsikringsforbundet for 
dansk Fiskeri",11427.0,49447295.0,0.00023109454217869755,0.023109454217869755,Bruttopræmieindtægter,t.DKK,F&P,reported,kvartalsvise-markedsandele-1-2026.xlsx,Skadeforsikring i alt,623
Forsikring,Skadeforsikring i alt,2011,4,12,Forsikringsselskabet af 1. juni 2007,7490.0,49447295.0,0.00015147441331219433,0.015147441331219433,Bruttopræmieindtægter,t.DKK,F&P,reported,kvartalsvise-markedsandele-1-2026.xlsx,Skadeforsikring i alt,624
Forsikring,Skadeforsikring i alt,2011,4,12,Dansk Musiker Forbund Forsikring,7203.0,49447295.0,0.00014567025354976444,0.014567025354976445,Bruttopræmieindtægter,t.DKK,F&P,reported,kvartalsvise-markedsandele-1-2026.xlsx,Skadeforsikring i alt,625
Forsikring,Skadeforsikring i alt,2011,4,12,Hamburg-Mannheimer,4752.0,49447295.0,9.610232470754973e-05,0.009610232470754973,Bruttopræmieindtægter,t.DKK,F&P,reported,kvartalsvise-markedsandele-1-2026.xlsx,Skadeforsikring i alt,626
Forsikring,Skadeforsikring i alt,2010,1,3,Tryg,2440405.0,11962222.0,0.20400933873322194,20.400933873322195,Bruttopræmieindtægter,t.DKK,F&P,reported,kvartalsvise-markedsandele-1-2026.xlsx,Skadeforsikring i alt,631
Forsikring,Skadeforsikring i alt,2010,1,3,Topdanmark,2092906.0,11962222.0,0.17495963542559234,17.495963542559235,Bruttopræmieindtægter,t.DKK,F&P,reported,kvartalsvise-markedsandele-1-2026.xlsx,Skadeforsikring i alt,632
Forsikring,Skadeforsikring i alt,2010,1,3,Codan,1515757.0,11962222.0,0.12671199380850814,12.671199380850814,Bruttopræmieindtægter,t.DKK,F&P,reported,kvartalsvise-markedsandele-1-2026.xlsx,Skadeforsikring i alt,633
Forsikring,Skadeforsikring i alt,2010,1,3,Alm. Brand,1171598.0,11962222.0,0.09794150284119456,9.794150284119455,Bruttopræmieindtægter,t.DKK,F&P,reported,kvartalsvise-markedsandele-1-2026.xlsx,Skadeforsikring i alt,634
Forsikring,Skadeforsikring i alt,2010,1,3,Sygeforsikringen Danmark,632390.0,11962222.0,0.05286559637498786,5.286559637498786,Bruttopræmieindtægter,t.DKK,F&P,reported,kvartalsvise-markedsandele-1-2026.xlsx,Skadeforsikring i alt,635
Forsikring,Skadeforsikring i alt,2010,1,3,If,601975.0,11962222.0,0.0503230085514213,5.03230085514213,Bruttopræmieindtægter,t.DKK,F&P,reported,kvartalsvise-markedsandele-1-2026.xlsx,Skadeforsikring i alt,636
Forsikring,Skadeforsikring i alt,2010,1,3,Lærerstandens Brandforsikring,489081.0,11962222.0,0.04088546425572106,4.088546425572106,Bruttopræmieindtægter,t.DKK,F&P,reported,kvartalsvise-markedsandele-1-2026.xlsx,Skadeforsikring i alt,637
Forsikring,Skadeforsikring i alt,2010,1,3,Alka,417224.0,11962222.0,0.03487846990299963,3.4878469902999627,Bruttopræmieindtægter,t.DKK,F&P,reported,kvartalsvise-markedsandele-1-2026.xlsx,Skadeforsikring i alt,638
Forsikring,Skadeforsikring i alt,2010,1,3,GF-Forsikring,371445.0,11962222.0,0.031051505313979294,3.1051505313979293,Bruttopræmieindtægter,t.DKK,F&P,reported,kvartalsvise-markedsandele-1-2026.xlsx,Skadeforsikring i alt,639
Forsikring,Skadeforsikring i alt,2010,1,3,Nykredit Forsikring,356629.0,11962222.0,0.029812939435499522,2.9812939435499524,Bruttopræmieindtægter,t.DKK,F&P,reported,kvartalsvise-markedsandele-1-2026.xlsx,Skadeforsikring i alt,640
Forsikring,Skadeforsikring i alt,2010,1,3,Danica,342881.0,11962222.0,0.02866365462871363,2.866365462871363,Bruttopræmieindtægter,t.DKK,F&P,reported,kvartalsvise-markedsandele-1-2026.xlsx,Skadeforsikring i alt,641
Forsikring,Skadeforsikring i alt,2010,1,3,Gjensidige Forsikring,332391.0,11962222.0,0.02778672724849949,2.7786727248499488,Bruttopræmieindtægter,t.DKK,F&P,reported,kvartalsvise-markedsandele-1-2026.xlsx,Skadeforsikring i alt,642
Forsikring,Skadeforsikring i alt,2010,1,3,PFA Pension,169589.0,11962222.0,0.014177048377801382,1.4177048377801382,Bruttopræmieindtægter,t.DKK,F&P,reported,kvartalsvise-markedsandele-1-2026.xlsx,Skadeforsikring i alt,643
Forsikring,Skadeforsikring i alt,2010,1,3,PKA+ Personforsikring,139746.0,11962222.0,0.011682277757426671,1.1682277757426671,Bruttopræmieindtægter,t.DKK,F&P,reported,kvartalsvise-markedsandele-1-2026.xlsx,Skadeforsikring i alt,644
Forsikring,Skadeforsikring i alt,2010,1,3,Købstædernes Forsikring,134959.0,11962222.0,0.011282101268476709,1.128210126847671,Bruttopræmieindtægter,t.DKK,F&P,reported,kvartalsvise-markedsandele-1-2026.xlsx,Skadeforsikring i alt,645
Forsikring,Skadeforsikring i alt,2010,1,3,Himmerland Forsikring,85882.0,11962222.0,0.007179435392521557,0.7179435392521557,Bruttopræmieindtægter,t.DKK,F&P,reported,kvartalsvise-markedsandele-1-2026.xlsx,Skadeforsikring i alt,646
Forsikring,Skadeforsikring i alt,2010,1,3,AXA Forsikring,64980.0,11962222.0,0.005432101159801248,0.5432101159801248,Bruttopræmieindtægter,t.DKK,F&P,reported,kvartalsvise-markedsandele-1-2026.xlsx,Skadeforsikring i alt,647
Forsikring,Skadeforsikring i alt,2010,1,3,Thisted Forsikring,62679.0,11962222.0,0.005239745592415857,0.5239745592415858,Bruttopræmieindtægter,t.DKK,F&P,reported,kvartalsvise-markedsandele-1-2026.xlsx,Skadeforsikring i alt,648
Forsikring,Skadeforsikring i alt,2010,1,3,Sønderjysk Forsikring,53675.0,11962222.0,0.004487042624689627,0.4487042624689627,Bruttopræmieindtægter,t.DKK,F&P,reported,kvartalsvise-markedsandele-1-2026.xlsx,Skadeforsikring i alt,649
Forsikring,Skadeforsikring i alt,2010,1,3,Lokal Forsikring,45703.0,11962222.0,0.0038206112543305083,0.3820611254330508,Bruttopræmieindtægter,t.DKK,F&P,reported,kvartalsvise-markedsandele-1-2026.xlsx,Skadeforsikring i alt,650
Forsikring,Skadeforsikring i alt,2010,1,3,PenSam Forsikring,42411.0,11962222.0,0.0035454115464501495,0.35454115464501496,Bruttopræmieindtægter,t.DKK,F&P,reported,kvartalsvise-markedsandele-1-2026.xlsx,Skadeforsikring i alt,651
Forsikring,Skadeforsikring i alt,2010,1,3,Popermo Forsikring,42332.0,11962222.0,0.0035388074222330933,0.35388074222330934,Bruttopræmieindtægter,t.DKK,F&P,reported,kvartalsvise-markedsandele-1-2026.xlsx,Skadeforsikring i alt,652
Forsikring,Skadeforsikring i alt,2010,1,3,Vestjylland Forsikring,40250.0,11962222.0,0.003364759490335491,0.3364759490335491,Bruttopræmieindtægter,t.DKK,F&P,reported,kvartalsvise-markedsandele-1-2026.xlsx,Skadeforsikring i alt,653
Forsikring,Skadeforsikring i alt,2010,1,3,Forsikringsselskabet Nærsikring,38417.0,11962222.0,0.0032115270891979767,0.3211527089197977,Bruttopræmieindtægter,t.DKK,F&P,reported,kvartalsvise-markedsandele-1-2026.xlsx,Skadeforsikring i alt,654
Forsikring,Skadeforsikring i alt,2010,1,3,Skandia,36359.0,11962222.0,0.003039485473518214,0.3039485473518214,Bruttopræmieindtægter,t.DKK,F&P,reported,kvartalsvise-markedsandele-1-2026.xlsx,Skadeforsikring i alt,655
Forsikring,Skadeforsikring i alt,2010,1,3,Gartnernes Forsikring,34449.0,11962222.0,0.002879816141181797,0.2879816141181797,Bruttopræmieindtægter,t.DKK,F&P,reported,kvartalsvise-markedsandele-1-2026.xlsx,Skadeforsikring i alt,656
Forsikring,Skadeforsikring i alt,2010,1,3,Aros Forsikring,33799.0,11962222.0,0.002825478410281969,0.2825478410281969,Bruttopræmieindtægter,t.DKK,F&P,reported,kvartalsvise-markedsandele-1-2026.xlsx,Skadeforsikring i alt,657
Forsikring,Skadeforsikring i alt,2010,1,3,HDI-Gerling Forsikring,27762.0,11962222.0,0.002320806284986184,0.23208062849861838,Bruttopræmieindtægter,t.DKK,F&P,reported,kvartalsvise-markedsandele-1-2026.xlsx,Skadeforsikring i alt,658
Forsikring,Skadeforsikring i alt,2010,1,3,Bornholms Brandforsikring,23978.0,11962222.0,0.0020044770946401097,0.20044770946401097,Bruttopræmieindtægter,t.DKK,F&P,reported,kvartalsvise-markedsandele-1-2026.xlsx,Skadeforsikring i alt,659
Forsikring,Skadeforsikring i alt,2010,1,3,DiBa Forsikring,20998.0,11962222.0,0.0017553594975916681,0.1755359497591668,Bruttopræmieindtægter,t.DKK,F&P,reported,kvartalsvise-markedsandele-1-2026.xlsx,Skadeforsikring i alt,660
Forsikring,Skadeforsikring i alt,2010,1,3,Forsikring FYN,18010.0,11962222.0,0.0015055731284706136,0.15055731284706136,Bruttopræmieindtægter,t.DKK,F&P,reported,kvartalsvise-markedsandele-1-2026.xlsx,Skadeforsikring i alt,661
Forsikring,Skadeforsikring i alt,2010,1,3,Forsikringsselskabet TRAFIK,15816.0,11962222.0,0.0013221623875564255,0.13221623875564256,Bruttopræmieindtægter,t.DKK,F&P,reported,kvartalsvise-markedsandele-1-2026.xlsx,Skadeforsikring i alt,662
Forsikring,Skadeforsikring i alt,2010,1,3,Midtjysk Forsikring,12879.0,11962222.0,0.0010766394403982805,0.10766394403982804,Bruttopræmieindtægter,t.DKK,F&P,reported,kvartalsvise-markedsandele-1-2026.xlsx,Skadeforsikring i alt,663
Forsikring,Skadeforsikring i alt,2010,1,3,PensionDanmark,12087.0,11962222.0,0.0010104310052095672,0.10104310052095672,Bruttopræmieindtægter,t.DKK,F&P,reported,kvartalsvise-markedsandele-1-2026.xlsx,Skadeforsikring i alt,664
Forsikring,Skadeforsikring i alt,2010,1,3,HF Forsikring,11619.0,11962222.0,0.0009713078389616913,0.09713078389616912,Bruttopræmieindtægter,t.DKK,F&P,reported,kvartalsvise-markedsandele-1-2026.xlsx,Skadeforsikring i alt,665
Forsikring,Skadeforsikring i alt,2010,1,3,Forsikringsselskabet Vendsyssel,8846.0,11962222.0,0.0007394947192921181,0.07394947192921181,Bruttopræmieindtægter,t.DKK,F&P,reported,kvartalsvise-markedsandele-1-2026.xlsx,Skadeforsikring i alt,666
Forsikring,Skadeforsikring i alt,2010,1,3,Søassurancen Ærø,5896.0,11962222.0,0.0004928850175159765,0.04928850175159765,Bruttopræmieindtægter,t.DKK,F&P,reported,kvartalsvise-markedsandele-1-2026.xlsx,Skadeforsikring i alt,667
Forsikring,Skadeforsikring i alt,2010,1,3,Dansk Boligforsikring,4729.0,11962222.0,0.00039532789142351644,0.03953278914235164,Bruttopræmieindtægter,t.DKK,F&P,reported,kvartalsvise-markedsandele-1-2026.xlsx,Skadeforsikring i alt,668
Forsikring,Skadeforsikring i alt,2010,1,3,"Ulykkesforsikringsforbundet for 
dansk Fiskeri",4285.0,11962222.0,0.00035821104139348027,0.035821104139348026,Bruttopræmieindtægter,t.DKK,F&P,reported,kvartalsvise-markedsandele-1-2026.xlsx,Skadeforsikring i alt,669
Forsikring,Skadeforsikring i alt,2010,1,3,Forsikringsselskabet af 1. juni 2007,2310.0,11962222.0,0.00019310793596708038,0.019310793596708037,Bruttopræmieindtægter,t.DKK,F&P,reported,kvartalsvise-markedsandele-1-2026.xlsx,Skadeforsikring i alt,670
Forsikring,Skadeforsikring i alt,2010,1,3,Dansk Musiker Forbund Forsikring,1868.0,11962222.0,0.00015615827895519745,0.015615827895519744,Bruttopræmieindtægter,t.DKK,F&P,reported,kvartalsvise-markedsandele-1-2026.xlsx,Skadeforsikring i alt,671
Forsikring,Skadeforsikring i alt,2010,1,3,Hamburg-Mannheimer,1227.0,11962222.0,0.00010257291663705957,0.010257291663705956,Bruttopræmieindtægter,t.DKK,F&P,reported,kvartalsvise-markedsandele-1-2026.xlsx,Skadeforsikring i alt,672
Forsikring,Skadeforsikring i alt,2010,2,6,Tryg,4885889.0,23979460.0,0.20375308701697203,20.375308701697204,Bruttopræmieindtægter,t.DKK,F&P,reported,kvartalsvise-markedsandele-1-2026.xlsx,Skadeforsikring i alt,631
Forsikring,Skadeforsikring i alt,2010,2,6,Topdanmark,4240004.0,23979460.0,0.1768181602087787,17.681816020877868,Bruttopræmieindtægter,t.DKK,F&P,reported,kvartalsvise-markedsandele-1-2026.xlsx,Skadeforsikring i alt,632
Forsikring,Skadeforsikring i alt,2010,2,6,Codan,3094749.0,23979460.0,0.12905832741854903,12.905832741854903,Bruttopræmieindtægter,t.DKK,F&P,reported,kvartalsvise-markedsandele-1-2026.xlsx,Skadeforsikring i alt,633
Forsikring,Skadeforsikring i alt,2010,2,6,Alm. Brand,2357989.0,23979460.0,0.09833369892399578,9.833369892399578,Bruttopræmieindtægter,t.DKK,F&P,reported,kvartalsvise-markedsandele-1-2026.xlsx,Skadeforsikring i alt,634
Forsikring,Skadeforsikring i alt,2010,2,6,Sygeforsikringen Danmark,1266733.0,23979460.0,0.05282575170583491,5.282575170583491,Bruttopræmieindtægter,t.DKK,F&P,reported,kvartalsvise-markedsandele-1-2026.xlsx,Skadeforsikring i alt,635
Forsikring,Skadeforsikring i alt,2010,2,6,If,1237313.0,23979460.0,0.051598868364842246,5.159886836484224,Bruttopræmieindtægter,t.DKK,F&P,reported,kvartalsvise-markedsandele-1-2026.xlsx,Skadeforsikring i alt,636
Forsikring,Skadeforsikring i alt,2010,2,6,Lærerstandens Brandforsikring,916411.0,23979460.0,0.03821649862006901,3.8216498620069013,Bruttopræmieindtægter,t.DKK,F&P,reported,kvartalsvise-markedsandele-1-2026.xlsx,Skadeforsikring i alt,637
Forsikring,Skadeforsikring i alt,2010,2,6,Alka,833926.0,23979460.0,0.03477667970838376,3.4776679708383758,Bruttopræmieindtægter,t.DKK,F&P,reported,kvartalsvise-markedsandele-1-2026.xlsx,Skadeforsikring i alt,638
Forsikring,Skadeforsikring i alt,2010,2,6,GF-Forsikring,734869.0,23979460.0,0.030645769337591423,3.064576933759142,Bruttopræmieindtægter,t.DKK,F&P,reported,kvartalsvise-markedsandele-1-2026.xlsx,Skadeforsikring i alt,639
Forsikring,Skadeforsikring i alt,2010,2,6,Nykredit Forsikring,707437.0,23979460.0,0.02950179028218317,2.950179028218317,Bruttopræmieindtægter,t.DKK,F&P,reported,kvartalsvise-markedsandele-1-2026.xlsx,Skadeforsikring i alt,640
Forsikring,Skadeforsikring i alt,2010,2,6,Danica,704972.0,23979460.0,0.029398993972341327,2.9398993972341327,Bruttopræmieindtægter,t.DKK,F&P,reported,kvartalsvise-markedsandele-1-2026.xlsx,Skadeforsikring i alt,641
Forsikring,Skadeforsikring i alt,2010,2,6,Gjensidige Forsikring,661220.0,23979460.0,0.02757443245177331,2.7574432451773307,Bruttopræmieindtægter,t.DKK,F&P,reported,kvartalsvise-markedsandele-1-2026.xlsx,Skadeforsikring i alt,642
Forsikring,Skadeforsikring i alt,2010,2,6,PFA Pension,329158.0,23979460.0,0.013726664403618763,1.3726664403618762,Bruttopræmieindtægter,t.DKK,F&P,reported,kvartalsvise-markedsandele-1-2026.xlsx,Skadeforsikring i alt,643
Forsikring,Skadeforsikring i alt,2010,2,6,PKA+ Personforsikring,264976.0,23979460.0,0.011050123730893025,1.1050123730893024,Bruttopræmieindtægter,t.DKK,F&P,reported,kvartalsvise-markedsandele-1-2026.xlsx,Skadeforsikring i alt,644
Forsikring,Skadeforsikring i alt,2010,2,6,Købstædernes Forsikring,271887.0,23979460.0,0.011338328719662578,1.1338328719662578,Bruttopræmieindtægter,t.DKK,F&P,reported,kvartalsvise-markedsandele-1-2026.xlsx,Skadeforsikring i alt,645
Forsikring,Skadeforsikring i alt,2010,2,6,Himmerland Forsikring,173477.0,23979460.0,0.0072343997738064155,0.7234399773806416,Bruttopræmieindtægter,t.DKK,F&P,reported,kvartalsvise-markedsandele-1-2026.xlsx,Skadeforsikring i alt,646
Forsikring,Skadeforsikring i alt,2010,2,6,AXA Forsikring,78745.0,23979460.0,0.0032838520967528044,0.32838520967528045,Bruttopræmieindtægter,t.DKK,F&P,reported,kvartalsvise-markedsandele-1-2026.xlsx,Skadeforsikring i alt,647
Forsikring,Skadeforsikring i alt,2010,2,6,Thisted Forsikring,123863.0,23979460.0,0.005165379036892407,0.5165379036892407,Bruttopræmieindtægter,t.DKK,F&P,reported,kvartalsvise-markedsandele-1-2026.xlsx,Skadeforsikring i alt,648
Forsikring,Skadeforsikring i alt,2010,2,6,Sønderjysk Forsikring,108687.0,23979460.0,0.004532504068064919,0.45325040680649187,Bruttopræmieindtægter,t.DKK,F&P,reported,kvartalsvise-markedsandele-1-2026.xlsx,Skadeforsikring i alt,649
Forsikring,Skadeforsikring i alt,2010,2,6,Lokal Forsikring,92520.0,23979460.0,0.003858302063516026,0.3858302063516026,Bruttopræmieindtægter,t.DKK,F&P,reported,kvartalsvise-markedsandele-1-2026.xlsx,Skadeforsikring i alt,650
Forsikring,Skadeforsikring i alt,2010,2,6,PenSam Forsikring,94245.0,23979460.0,0.003930238629226847,0.39302386292268465,Bruttopræmieindtægter,t.DKK,F&P,reported,kvartalsvise-markedsandele-1-2026.xlsx,Skadeforsikring i alt,651
Forsikring,Skadeforsikring i alt,2010,2,6,Popermo Forsikring,89753.0,23979460.0,0.003742911641880176,0.3742911641880176,Bruttopræmieindtægter,t.DKK,F&P,reported,kvartalsvise-markedsandele-1-2026.xlsx,Skadeforsikring i alt,652
Forsikring,Skadeforsikring i alt,2010,2,6,Vestjylland Forsikring,85337.0,23979460.0,0.0035587540336604745,0.35587540336604745,Bruttopræmieindtægter,t.DKK,F&P,reported,kvartalsvise-markedsandele-1-2026.xlsx,Skadeforsikring i alt,653
Forsikring,Skadeforsikring i alt,2010,2,6,Forsikringsselskabet Nærsikring,79453.0,23979460.0,0.0033133773654619413,0.33133773654619414,Bruttopræmieindtægter,t.DKK,F&P,reported,kvartalsvise-markedsandele-1-2026.xlsx,Skadeforsikring i alt,654
Forsikring,Skadeforsikring i alt,2010,2,6,Skandia,78662.0,23979460.0,0.003280390801127298,0.3280390801127298,Bruttopræmieindtægter,t.DKK,F&P,reported,kvartalsvise-markedsandele-1-2026.xlsx,Skadeforsikring i alt,655
Forsikring,Skadeforsikring i alt,2010,2,6,Gartnernes Forsikring,70030.0,23979460.0,0.0029204160560746574,0.2920416056074657,Bruttopræmieindtægter,t.DKK,F&P,reported,kvartalsvise-markedsandele-1-2026.xlsx,Skadeforsikring i alt,656
Forsikring,Skadeforsikring i alt,2010,2,6,Aros Forsikring,68570.0,23979460.0,0.002859530614951296,0.2859530614951296,Bruttopræmieindtægter,t.DKK,F&P,reported,kvartalsvise-markedsandele-1-2026.xlsx,Skadeforsikring i alt,657
Forsikring,Skadeforsikring i alt,2010,2,6,HDI-Gerling Forsikring,35564.0,23979460.0,0.0014831026219939898,0.14831026219939897,Bruttopræmieindtægter,t.DKK,F&P,reported,kvartalsvise-markedsandele-1-2026.xlsx,Skadeforsikring i alt,658
Forsikring,Skadeforsikring i alt,2010,2,6,Bornholms Brandforsikring,48523.0,23979460.0,0.002023523465499223,0.20235234654992232,Bruttopræmieindtægter,t.DKK,F&P,reported,kvartalsvise-markedsandele-1-2026.xlsx,Skadeforsikring i alt,659
Forsikring,Skadeforsikring i alt,2010,2,6,DiBa Forsikring,42175.0,23979460.0,0.0017587969036834022,0.17587969036834022,Bruttopræmieindtægter,t.DKK,F&P,reported,kvartalsvise-markedsandele-1-2026.xlsx,Skadeforsikring i alt,660
Forsikring,Skadeforsikring i alt,2010,2,6,Forsikring FYN,36612.0,23979460.0,0.0015268066920606218,0.1526806692060622,Bruttopræmieindtægter,t.DKK,F&P,reported,kvartalsvise-markedsandele-1-2026.xlsx,Skadeforsikring i alt,661
Forsikring,Skadeforsikring i alt,2010,2,6,Forsikringsselskabet TRAFIK,31596.0,23979460.0,0.001317627669680635,0.1317627669680635,Bruttopræmieindtægter,t.DKK,F&P,reported,kvartalsvise-markedsandele-1-2026.xlsx,Skadeforsikring i alt,662
Forsikring,Skadeforsikring i alt,2010,2,6,Midtjysk Forsikring,26207.0,23979460.0,0.0010928936681643374,0.10928936681643374,Bruttopræmieindtægter,t.DKK,F&P,reported,kvartalsvise-markedsandele-1-2026.xlsx,Skadeforsikring i alt,663
Forsikring,Skadeforsikring i alt,2010,2,6,PensionDanmark,24548.0,23979460.0,0.001023709458011148,0.10237094580111479,Bruttopræmieindtægter,t.DKK,F&P,reported,kvartalsvise-markedsandele-1-2026.xlsx,Skadeforsikring i alt,664
Forsikring,Skadeforsikring i alt,2010,2,6,HF Forsikring,23114.0,23979460.0,0.0009639082781680655,0.09639082781680655,Bruttopræmieindtægter,t.DKK,F&P,reported,kvartalsvise-markedsandele-1-2026.xlsx,Skadeforsikring i alt,665
Forsikring,Skadeforsikring i alt,2010,2,6,Forsikringsselskabet Vendsyssel,17907.0,23979460.0,0.000746764105613721,0.0746764105613721,Bruttopræmieindtægter,t.DKK,F&P,reported,kvartalsvise-markedsandele-1-2026.xlsx,Skadeforsikring i alt,666
Forsikring,Skadeforsikring i alt,2010,2,6,Søassurancen Ærø,12067.0,23979460.0,0.0005032223411202755,0.05032223411202755,Bruttopræmieindtægter,t.DKK,F&P,reported,kvartalsvise-markedsandele-1-2026.xlsx,Skadeforsikring i alt,667
Forsikring,Skadeforsikring i alt,2010,2,6,Dansk Boligforsikring,11310.0,23979460.0,0.00047165365692138187,0.04716536569213819,Bruttopræmieindtægter,t.DKK,F&P,reported,kvartalsvise-markedsandele-1-2026.xlsx,Skadeforsikring i alt,668
Forsikring,Skadeforsikring i alt,2010,2,6,"Ulykkesforsikringsforbundet for 
dansk Fiskeri",8319.0,23979460.0,0.0003469219073323586,0.03469219073323586,Bruttopræmieindtægter,t.DKK,F&P,reported,kvartalsvise-markedsandele-1-2026.xlsx,Skadeforsikring i alt,669
Forsikring,Skadeforsikring i alt,2010,2,6,Forsikringsselskabet af 1. juni 2007,4620.0,23979460.0,0.00019266488903419844,0.019266488903419844,Bruttopræmieindtægter,t.DKK,F&P,reported,kvartalsvise-markedsandele-1-2026.xlsx,Skadeforsikring i alt,670
Forsikring,Skadeforsikring i alt,2010,2,6,Dansk Musiker Forbund Forsikring,3620.0,23979460.0,0.00015096253210038926,0.015096253210038926,Bruttopræmieindtægter,t.DKK,F&P,reported,kvartalsvise-markedsandele-1-2026.xlsx,Skadeforsikring i alt,671
Forsikring,Skadeforsikring i alt,2010,2,6,Hamburg-Mannheimer,2403.0,23979460.0,0.00010021076371194348,0.010021076371194348,Bruttopræmieindtægter,t.DKK,F&P,reported,kvartalsvise-markedsandele-1-2026.xlsx,Skadeforsikring i alt,672
Forsikring,Skadeforsikring i alt,2010,3,9,Tryg,7327146.0,36380049.932686,0.2014056059174606,20.14056059174606,Bruttopræmieindtægter,t.DKK,F&P,reported,kvartalsvise-markedsandele-1-2026.xlsx,Skadeforsikring i alt,631
Forsikring,Skadeforsikring i alt,2010,3,9,Topdanmark,6395913.0,36380049.932686,0.1758082523755311,17.58082523755311,Bruttopræmieindtægter,t.DKK,F&P,reported,kvartalsvise-markedsandele-1-2026.xlsx,Skadeforsikring i alt,632
Forsikring,Skadeforsikring i alt,2010,3,9,Codan,4688817.0,36380049.932686,0.12888429259101564,12.888429259101564,Bruttopræmieindtægter,t.DKK,F&P,reported,kvartalsvise-markedsandele-1-2026.xlsx,Skadeforsikring i alt,633
Forsikring,Skadeforsikring i alt,2010,3,9,Alm. Brand,3559478.0,36380049.932686,0.09784148198218937,9.784148198218936,Bruttopræmieindtægter,t.DKK,F&P,reported,kvartalsvise-markedsandele-1-2026.xlsx,Skadeforsikring i alt,634
Forsikring,Skadeforsikring i alt,2010,3,9,Sygeforsikringen Danmark,2168925.0,36380049.932686,0.05961852729760377,5.961852729760377,Bruttopræmieindtægter,t.DKK,F&P,reported,kvartalsvise-markedsandele-1-2026.xlsx,Skadeforsikring i alt,635
Forsikring,Skadeforsikring i alt,2010,3,9,If,1862170.0,36380049.932686,0.05118657075637876,5.118657075637876,Bruttopræmieindtægter,t.DKK,F&P,reported,kvartalsvise-markedsandele-1-2026.xlsx,Skadeforsikring i alt,636
Forsikring,Skadeforsikring i alt,2010,3,9,Lærerstandens Brandforsikring,1435701.0,36380049.932686,0.03946396452606569,3.9463964526065687,Bruttopræmieindtægter,t.DKK,F&P,reported,kvartalsvise-markedsandele-1-2026.xlsx,Skadeforsikring i alt,637
Forsikring,Skadeforsikring i alt,2010,3,9,Alka,1249883.0,36380049.932686,0.03435627499997044,3.435627499997044,Bruttopræmieindtægter,t.DKK,F&P,reported,kvartalsvise-markedsandele-1-2026.xlsx,Skadeforsikring i alt,638
Forsikring,Skadeforsikring i alt,2010,3,9,GF-Forsikring,1075013.0,36380049.932686,0.029549519640272907,2.9549519640272908,Bruttopræmieindtægter,t.DKK,F&P,reported,kvartalsvise-markedsandele-1-2026.xlsx,Skadeforsikring i alt,639
Forsikring,Skadeforsikring i alt,2010,3,9,Danica,1040641.0,36380049.932686,0.02860471609922228,2.860471609922228,Bruttopræmieindtægter,t.DKK,F&P,reported,kvartalsvise-markedsandele-1-2026.xlsx,Skadeforsikring i alt,641
Forsikring,Skadeforsikring i alt,2010,3,9,Gjensidige Forsikring,2072778.0,36380049.932686,0.056975677708944544,5.697567770894454,Bruttopræmieindtægter,t.DKK,F&P,reported,kvartalsvise-markedsandele-1-2026.xlsx,Skadeforsikring i alt,642
Forsikring,Skadeforsikring i alt,2010,3,9,PFA Pension,484079.0,36380049.932686,0.013306166453748623,1.3306166453748622,Bruttopræmieindtægter,t.DKK,F&P,reported,kvartalsvise-markedsandele-1-2026.xlsx,Skadeforsikring i alt,643
Forsikring,Skadeforsikring i alt,2010,3,9,PKA+ Personforsikring,397173.0,36380049.932686,0.010917329710511512,1.0917329710511512,Bruttopræmieindtægter,t.DKK,F&P,reported,kvartalsvise-markedsandele-1-2026.xlsx,Skadeforsikring i alt,644
Forsikring,Skadeforsikring i alt,2010,3,9,Købstædernes Forsikring,412958.0,36380049.932686,0.011351221363469855,1.1351221363469854,Bruttopræmieindtægter,t.DKK,F&P,reported,kvartalsvise-markedsandele-1-2026.xlsx,Skadeforsikring i alt,645
Forsikring,Skadeforsikring i alt,2010,3,9,Himmerland Forsikring,263165.0,36380049.932686,0.007233772369387551,0.7233772369387551,Bruttopræmieindtægter,t.DKK,F&P,reported,kvartalsvise-markedsandele-1-2026.xlsx,Skadeforsikring i alt,646
Forsikring,Skadeforsikring i alt,2010,3,9,AXA Forsikring,88903.0,36380049.932686,0.002443729466135928,0.2443729466135928,Bruttopræmieindtægter,t.DKK,F&P,reported,kvartalsvise-markedsandele-1-2026.xlsx,Skadeforsikring i alt,647
Forsikring,Skadeforsikring i alt,2010,3,9,Thisted Forsikring,185609.0,36380049.932686,0.005101944619191967,0.5101944619191967,Bruttopræmieindtægter,t.DKK,F&P,reported,kvartalsvise-markedsandele-1-2026.xlsx,Skadeforsikring i alt,648
Forsikring,Skadeforsikring i alt,2010,3,9,Sønderjysk Forsikring,166786.0,36380049.932686,0.004584545659189756,0.45845456591897565,Bruttopræmieindtægter,t.DKK,F&P,reported,kvartalsvise-markedsandele-1-2026.xlsx,Skadeforsikring i alt,649
Forsikring,Skadeforsikring i alt,2010,3,9,Lokal Forsikring,140099.0,36380049.932686,0.003850984269104275,0.3850984269104275,Bruttopræmieindtægter,t.DKK,F&P,reported,kvartalsvise-markedsandele-1-2026.xlsx,Skadeforsikring i alt,650
Forsikring,Skadeforsikring i alt,2010,3,9,PenSam Forsikring,145178.0,36380049.932686,0.0039905937531318604,0.399059375313186,Bruttopræmieindtægter,t.DKK,F&P,reported,kvartalsvise-markedsandele-1-2026.xlsx,Skadeforsikring i alt,651
Forsikring,Skadeforsikring i alt,2010,3,9,Popermo Forsikring,135724.0,36380049.932686,0.0037307260504351116,0.37307260504351114,Bruttopræmieindtægter,t.DKK,F&P,reported,kvartalsvise-markedsandele-1-2026.xlsx,Skadeforsikring i alt,652
Forsikring,Skadeforsikring i alt,2010,3,9,Vestjylland Forsikring,124741.0,36380049.932686,0.0034288298182880415,0.34288298182880417,Bruttopræmieindtægter,t.DKK,F&P,reported,kvartalsvise-markedsandele-1-2026.xlsx,Skadeforsikring i alt,653
Forsikring,Skadeforsikring i alt,2010,3,9,Forsikringsselskabet Nærsikring,120783.0,36380049.932686,0.0033200339258326016,0.33200339258326017,Bruttopræmieindtægter,t.DKK,F&P,reported,kvartalsvise-markedsandele-1-2026.xlsx,Skadeforsikring i alt,654
Forsikring,Skadeforsikring i alt,2010,3,9,Skandia,135332.0,36380049.932686,0.003719950914042354,0.3719950914042354,Bruttopræmieindtægter,t.DKK,F&P,reported,kvartalsvise-markedsandele-1-2026.xlsx,Skadeforsikring i alt,655
Forsikring,Skadeforsikring i alt,2010,3,9,Gartnernes Forsikring,104594.0,36380049.932686,0.002875037285367437,0.2875037285367437,Bruttopræmieindtægter,t.DKK,F&P,reported,kvartalsvise-markedsandele-1-2026.xlsx,Skadeforsikring i alt,656
Forsikring,Skadeforsikring i alt,2010,3,9,Aros Forsikring,103996.0,36380049.932686,0.0028585997048499153,0.2858599704849915,Bruttopræmieindtægter,t.DKK,F&P,reported,kvartalsvise-markedsandele-1-2026.xlsx,Skadeforsikring i alt,657
Forsikring,Skadeforsikring i alt,2010,3,9,HDI-Gerling Forsikring,47000.0,36380049.932686,0.0012919168634173044,0.12919168634173045,Bruttopræmieindtægter,t.DKK,F&P,reported,kvartalsvise-markedsandele-1-2026.xlsx,Skadeforsikring i alt,658
Forsikring,Skadeforsikring i alt,2010,3,9,Bornholms Brandforsikring,73383.0,36380049.932686,0.002017122025279831,0.20171220252798308,Bruttopræmieindtægter,t.DKK,F&P,reported,kvartalsvise-markedsandele-1-2026.xlsx,Skadeforsikring i alt,659
Forsikring,Skadeforsikring i alt,2010,3,9,DiBa Forsikring,63967.0,36380049.932686,0.0017582988511109516,0.17582988511109515,Bruttopræmieindtægter,t.DKK,F&P,reported,kvartalsvise-markedsandele-1-2026.xlsx,Skadeforsikring i alt,660
Forsikring,Skadeforsikring i alt,2010,3,9,Forsikring FYN,55835.0,36380049.932686,0.001534769746146919,0.1534769746146919,Bruttopræmieindtægter,t.DKK,F&P,reported,kvartalsvise-markedsandele-1-2026.xlsx,Skadeforsikring i alt,661
Forsikring,Skadeforsikring i alt,2010,3,9,Forsikringsselskabet TRAFIK,49231.0,36380049.932686,0.0013532416830403684,0.13532416830403685,Bruttopræmieindtægter,t.DKK,F&P,reported,kvartalsvise-markedsandele-1-2026.xlsx,Skadeforsikring i alt,662
Forsikring,Skadeforsikring i alt,2010,3,9,Midtjysk Forsikring,39457.932686,36380049.932686,0.0010846035879152835,0.10846035879152835,Bruttopræmieindtægter,t.DKK,F&P,reported,kvartalsvise-markedsandele-1-2026.xlsx,Skadeforsikring i alt,663
Forsikring,Skadeforsikring i alt,2010,3,9,PensionDanmark,37509.0,36380049.932686,0.001031032119785525,0.10310321197855249,Bruttopræmieindtægter,t.DKK,F&P,reported,kvartalsvise-markedsandele-1-2026.xlsx,Skadeforsikring i alt,664
Forsikring,Skadeforsikring i alt,2010,3,9,HF Forsikring,34732.0,36380049.932686,0.0009546990744725492,0.09546990744725492,Bruttopræmieindtægter,t.DKK,F&P,reported,kvartalsvise-markedsandele-1-2026.xlsx,Skadeforsikring i alt,665
Forsikring,Skadeforsikring i alt,2010,3,9,Forsikringsselskabet Vendsyssel,27127.0,36380049.932686,0.000745655930934494,0.0745655930934494,Bruttopræmieindtægter,t.DKK,F&P,reported,kvartalsvise-markedsandele-1-2026.xlsx,Skadeforsikring i alt,666
Forsikring,Skadeforsikring i alt,2010,3,9,Søassurancen Ærø,18104.0,36380049.932686,0.0004976353807512103,0.049763538075121024,Bruttopræmieindtægter,t.DKK,F&P,reported,kvartalsvise-markedsandele-1-2026.xlsx,Skadeforsikring i alt,667
Forsikring,Skadeforsikring i alt,2010,3,9,Dansk Boligforsikring,19626.0,36380049.932686,0.00053947149705166,0.053947149705165995,Bruttopræmieindtægter,t.DKK,F&P,reported,kvartalsvise-markedsandele-1-2026.xlsx,Skadeforsikring i alt,668
Forsikring,Skadeforsikring i alt,2010,3,9,"Ulykkesforsikringsforbundet for 
dansk Fiskeri",12592.0,36380049.932686,0.0003461237690244829,0.03461237690244829,Bruttopræmieindtægter,t.DKK,F&P,reported,kvartalsvise-markedsandele-1-2026.xlsx,Skadeforsikring i alt,669
Forsikring,Skadeforsikring i alt,2010,3,9,Forsikringsselskabet af 1. juni 2007,6930.0,36380049.932686,0.00019048901837195574,0.019048901837195573,Bruttopræmieindtægter,t.DKK,F&P,reported,kvartalsvise-markedsandele-1-2026.xlsx,Skadeforsikring i alt,670
Forsikring,Skadeforsikring i alt,2010,3,9,Dansk Musiker Forbund Forsikring,5390.0,36380049.932686,0.00014815812540041,0.014815812540041001,Bruttopræmieindtægter,t.DKK,F&P,reported,kvartalsvise-markedsandele-1-2026.xlsx,Skadeforsikring i alt,671
Forsikring,Skadeforsikring i alt,2010,3,9,Hamburg-Mannheimer,3581.0,36380049.932686,9.843306995526314e-05,0.009843306995526314,Bruttopræmieindtægter,t.DKK,F&P,reported,kvartalsvise-markedsandele-1-2026.xlsx,Skadeforsikring i alt,672
Forsikring,Skadeforsikring i alt,2010,4,12,Tryg,9867715.0,48441372.416572,0.20370428226398146,20.370428226398147,Bruttopræmieindtægter,t.DKK,F&P,reported,kvartalsvise-markedsandele-1-2026.xlsx,Skadeforsikring i alt,631
Forsikring,Skadeforsikring i alt,2010,4,12,Topdanmark,8548432.0,48441372.416572,0.1764696492594741,17.646964925947408,Bruttopræmieindtægter,t.DKK,F&P,reported,kvartalsvise-markedsandele-1-2026.xlsx,Skadeforsikring i alt,632
Forsikring,Skadeforsikring i alt,2010,4,12,Codan,6267429.0,48441372.416572,0.12938173894214244,12.938173894214245,Bruttopræmieindtægter,t.DKK,F&P,reported,kvartalsvise-markedsandele-1-2026.xlsx,Skadeforsikring i alt,633
Forsikring,Skadeforsikring i alt,2010,4,12,Alm. Brand,4761925.0,48441372.416572,0.09830285069237506,9.830285069237506,Bruttopræmieindtægter,t.DKK,F&P,reported,kvartalsvise-markedsandele-1-2026.xlsx,Skadeforsikring i alt,634
Forsikring,Skadeforsikring i alt,2010,4,12,Sygeforsikringen Danmark,2544096.0,48441372.416572,0.0525190735333019,5.25190735333019,Bruttopræmieindtægter,t.DKK,F&P,reported,kvartalsvise-markedsandele-1-2026.xlsx,Skadeforsikring i alt,635
Forsikring,Skadeforsikring i alt,2010,4,12,If,2512773.0,48441372.416572,0.05187245684105301,5.187245684105301,Bruttopræmieindtægter,t.DKK,F&P,reported,kvartalsvise-markedsandele-1-2026.xlsx,Skadeforsikring i alt,636
Forsikring,Skadeforsikring i alt,2010,4,12,Lærerstandens Brandforsikring,1969686.0,48441372.416572,0.04066123443121458,4.066123443121458,Bruttopræmieindtægter,t.DKK,F&P,reported,kvartalsvise-markedsandele-1-2026.xlsx,Skadeforsikring i alt,637
Forsikring,Skadeforsikring i alt,2010,4,12,Alka,1661330.0,48441372.416572,0.034295683980903414,3.4295683980903413,Bruttopræmieindtægter,t.DKK,F&P,reported,kvartalsvise-markedsandele-1-2026.xlsx,Skadeforsikring i alt,638
Forsikring,Skadeforsikring i alt,2010,4,12,GF-Forsikring,1434230.0,48441372.416572,0.029607542653133992,2.9607542653133994,Bruttopræmieindtægter,t.DKK,F&P,reported,kvartalsvise-markedsandele-1-2026.xlsx,Skadeforsikring i alt,639
Forsikring,Skadeforsikring i alt,2010,4,12,Danica,1385351.0,48441372.416572,0.02859850848334077,2.859850848334077,Bruttopræmieindtægter,t.DKK,F&P,reported,kvartalsvise-markedsandele-1-2026.xlsx,Skadeforsikring i alt,641
Forsikring,Skadeforsikring i alt,2010,4,12,Gjensidige Forsikring,2793204.0,48441372.416572,0.057661537249189106,5.766153724918911,Bruttopræmieindtægter,t.DKK,F&P,reported,kvartalsvise-markedsandele-1-2026.xlsx,Skadeforsikring i alt,642
Forsikring,Skadeforsikring i alt,2010,4,12,PFA Pension,684866.0,48441372.416572,0.014138038743215014,1.4138038743215013,Bruttopræmieindtægter,t.DKK,F&P,reported,kvartalsvise-markedsandele-1-2026.xlsx,Skadeforsikring i alt,643
Forsikring,Skadeforsikring i alt,2010,4,12,PKA+ Personforsikring,536011.0,48441372.416572,0.011065148926635899,1.10651489266359,Bruttopræmieindtægter,t.DKK,F&P,reported,kvartalsvise-markedsandele-1-2026.xlsx,Skadeforsikring i alt,644
Forsikring,Skadeforsikring i alt,2010,4,12,Købstædernes Forsikring,554087.0,48441372.416572,0.011438301029853689,1.1438301029853688,Bruttopræmieindtægter,t.DKK,F&P,reported,kvartalsvise-markedsandele-1-2026.xlsx,Skadeforsikring i alt,645
Forsikring,Skadeforsikring i alt,2010,4,12,Himmerland Forsikring,354176.0,48441372.416572,0.0073114361202292425,0.7311436120229242,Bruttopræmieindtægter,t.DKK,F&P,reported,kvartalsvise-markedsandele-1-2026.xlsx,Skadeforsikring i alt,646
Forsikring,Skadeforsikring i alt,2010,4,12,AXA Forsikring,96151.0,48441372.416572,0.0019848942175533122,0.1984894217553312,Bruttopræmieindtægter,t.DKK,F&P,reported,kvartalsvise-markedsandele-1-2026.xlsx,Skadeforsikring i alt,647
Forsikring,Skadeforsikring i alt,2010,4,12,Thisted Forsikring,245092.0,48441372.416572,0.005059559376070726,0.5059559376070726,Bruttopræmieindtægter,t.DKK,F&P,reported,kvartalsvise-markedsandele-1-2026.xlsx,Skadeforsikring i alt,648
Forsikring,Skadeforsikring i alt,2010,4,12,Sønderjysk Forsikring,226986.0,48441372.416572,0.004685787967525622,0.46857879675256225,Bruttopræmieindtægter,t.DKK,F&P,reported,kvartalsvise-markedsandele-1-2026.xlsx,Skadeforsikring i alt,649
Forsikring,Skadeforsikring i alt,2010,4,12,Lokal Forsikring,188578.0,48441372.416572,0.003892912000476006,0.3892912000476006,Bruttopræmieindtægter,t.DKK,F&P,reported,kvartalsvise-markedsandele-1-2026.xlsx,Skadeforsikring i alt,650
Forsikring,Skadeforsikring i alt,2010,4,12,PenSam Forsikring,203169.0,48441372.416572,0.004194121468170782,0.41941214681707817,Bruttopræmieindtægter,t.DKK,F&P,reported,kvartalsvise-markedsandele-1-2026.xlsx,Skadeforsikring i alt,651
Forsikring,Skadeforsikring i alt,2010,4,12,Popermo Forsikring,181904.0,48441372.416572,0.0037551372086594803,0.37551372086594803,Bruttopræmieindtægter,t.DKK,F&P,reported,kvartalsvise-markedsandele-1-2026.xlsx,Skadeforsikring i alt,652
Forsikring,Skadeforsikring i alt,2010,4,12,Vestjylland Forsikring,168228.0,48441372.416572,0.003472816553447791,0.3472816553447791,Bruttopræmieindtægter,t.DKK,F&P,reported,kvartalsvise-markedsandele-1-2026.xlsx,Skadeforsikring i alt,653
Forsikring,Skadeforsikring i alt,2010,4,12,Forsikringsselskabet Nærsikring,161191.0,48441372.416572,0.0033275481671707617,0.3327548167170762,Bruttopræmieindtægter,t.DKK,F&P,reported,kvartalsvise-markedsandele-1-2026.xlsx,Skadeforsikring i alt,654
Forsikring,Skadeforsikring i alt,2010,4,12,Skandia,166995.0,48441372.416572,0.0034473631044951727,0.34473631044951725,Bruttopræmieindtægter,t.DKK,F&P,reported,kvartalsvise-markedsandele-1-2026.xlsx,Skadeforsikring i alt,655
Forsikring,Skadeforsikring i alt,2010,4,12,Gartnernes Forsikring,140209.0,48441372.416572,0.002894406021247125,0.2894406021247125,Bruttopræmieindtægter,t.DKK,F&P,reported,kvartalsvise-markedsandele-1-2026.xlsx,Skadeforsikring i alt,656
Forsikring,Skadeforsikring i alt,2010,4,12,Aros Forsikring,139575.0,48441372.416572,0.002881318035329883,0.2881318035329883,Bruttopræmieindtægter,t.DKK,F&P,reported,kvartalsvise-markedsandele-1-2026.xlsx,Skadeforsikring i alt,657
Forsikring,Skadeforsikring i alt,2010,4,12,HDI-Gerling Forsikring,47933.0,48441372.416572,0.000989505408471913,0.0989505408471913,Bruttopræmieindtægter,t.DKK,F&P,reported,kvartalsvise-markedsandele-1-2026.xlsx,Skadeforsikring i alt,658
Forsikring,Skadeforsikring i alt,2010,4,12,Bornholms Brandforsikring,98173.0,48441372.416572,0.002026635396614297,0.20266353966142972,Bruttopræmieindtægter,t.DKK,F&P,reported,kvartalsvise-markedsandele-1-2026.xlsx,Skadeforsikring i alt,659
Forsikring,Skadeforsikring i alt,2010,4,12,DiBa Forsikring,86460.0,48441372.416572,0.0017848379533198756,0.17848379533198755,Bruttopræmieindtægter,t.DKK,F&P,reported,kvartalsvise-markedsandele-1-2026.xlsx,Skadeforsikring i alt,660
Forsikring,Skadeforsikring i alt,2010,4,12,Forsikring FYN,75585.0,48441372.416572,0.001560339772168434,0.1560339772168434,Bruttopræmieindtægter,t.DKK,F&P,reported,kvartalsvise-markedsandele-1-2026.xlsx,Skadeforsikring i alt,661
Forsikring,Skadeforsikring i alt,2010,4,12,Forsikringsselskabet TRAFIK,58785.0,48441372.416572,0.0012135287888724137,0.12135287888724137,Bruttopræmieindtægter,t.DKK,F&P,reported,kvartalsvise-markedsandele-1-2026.xlsx,Skadeforsikring i alt,662
Forsikring,Skadeforsikring i alt,2010,4,12,Midtjysk Forsikring,53503.416572,48441372.416572,0.001104498363749139,0.1104498363749139,Bruttopræmieindtægter,t.DKK,F&P,reported,kvartalsvise-markedsandele-1-2026.xlsx,Skadeforsikring i alt,663
Forsikring,Skadeforsikring i alt,2010,4,12,PensionDanmark,53638.0,48441372.416572,0.0011072766382161866,0.11072766382161867,Bruttopræmieindtægter,t.DKK,F&P,reported,kvartalsvise-markedsandele-1-2026.xlsx,Skadeforsikring i alt,664
Forsikring,Skadeforsikring i alt,2010,4,12,HF Forsikring,46438.0,48441372.416572,0.0009586433596607493,0.09586433596607494,Bruttopræmieindtægter,t.DKK,F&P,reported,kvartalsvise-markedsandele-1-2026.xlsx,Skadeforsikring i alt,665
Forsikring,Skadeforsikring i alt,2010,4,12,Forsikringsselskabet Vendsyssel,36382.0,48441372.416572,0.0007510522139449885,0.07510522139449885,Bruttopræmieindtægter,t.DKK,F&P,reported,kvartalsvise-markedsandele-1-2026.xlsx,Skadeforsikring i alt,666
Forsikring,Skadeforsikring i alt,2010,4,12,Søassurancen Ærø,24178.0,48441372.416572,0.0004991188067935225,0.049911880679352254,Bruttopræmieindtægter,t.DKK,F&P,reported,kvartalsvise-markedsandele-1-2026.xlsx,Skadeforsikring i alt,667
Forsikring,Skadeforsikring i alt,2010,4,12,Dansk Boligforsikring,28433.0,48441372.416572,0.0005869569457176038,0.058695694571760375,Bruttopræmieindtægter,t.DKK,F&P,reported,kvartalsvise-markedsandele-1-2026.xlsx,Skadeforsikring i alt,668
Forsikring,Skadeforsikring i alt,2010,4,12,"Ulykkesforsikringsforbundet for 
dansk Fiskeri",17228.0,48441372.416572,0.00035564640596570456,0.035564640596570454,Bruttopræmieindtægter,t.DKK,F&P,reported,kvartalsvise-markedsandele-1-2026.xlsx,Skadeforsikring i alt,669
Forsikring,Skadeforsikring i alt,2010,4,12,Forsikringsselskabet af 1. juni 2007,9240.0,48441372.416572,0.00019074604081281113,0.019074604081281112,Bruttopræmieindtægter,t.DKK,F&P,reported,kvartalsvise-markedsandele-1-2026.xlsx,Skadeforsikring i alt,670
Forsikring,Skadeforsikring i alt,2010,4,12,Dansk Musiker Forbund Forsikring,7145.0,48441372.416572,0.00014749788545536098,0.014749788545536099,Bruttopræmieindtægter,t.DKK,F&P,reported,kvartalsvise-markedsandele-1-2026.xlsx,Skadeforsikring i alt,671
Forsikring,Skadeforsikring i alt,2010,4,12,Hamburg-Mannheimer,4862.0,48441372.416572,0.00010036875004674109,0.010036875004674109,Bruttopræmieindtægter,t.DKK,F&P,reported,kvartalsvise-markedsandele-1-2026.xlsx,Skadeforsikring i alt,672
Forsikring,Skadeforsikring i alt,2009,1,3,Tryg,2411416.0,11833428.0,0.2037800035627884,20.37800035627884,Bruttopræmieindtægter,t.DKK,F&P,reported,kvartalsvise-markedsandele-1-2026.xlsx,Skadeforsikring i alt,677
Forsikring,Skadeforsikring i alt,2009,1,3,Topdanmark,2169000.0,11833428.0,0.18329430829342097,18.329430829342098,Bruttopræmieindtægter,t.DKK,F&P,reported,kvartalsvise-markedsandele-1-2026.xlsx,Skadeforsikring i alt,678
Forsikring,Skadeforsikring i alt,2009,1,3,Codan,1622320.0,11833428.0,0.13709636801778824,13.709636801778824,Bruttopræmieindtægter,t.DKK,F&P,reported,kvartalsvise-markedsandele-1-2026.xlsx,Skadeforsikring i alt,679
Forsikring,Skadeforsikring i alt,2009,1,3,Alm. Brand,1165489.0,11833428.0,0.09849124023909217,9.849124023909217,Bruttopræmieindtægter,t.DKK,F&P,reported,kvartalsvise-markedsandele-1-2026.xlsx,Skadeforsikring i alt,680
Forsikring,Skadeforsikring i alt,2009,1,3,Sygeforsikringen Danmark,615965.0,11833428.0,0.05205296385797928,5.2052963857979275,Bruttopræmieindtægter,t.DKK,F&P,reported,kvartalsvise-markedsandele-1-2026.xlsx,Skadeforsikring i alt,681
Forsikring,Skadeforsikring i alt,2009,1,3,If,574113.0,11833428.0,0.04851620341966842,4.851620341966842,Bruttopræmieindtægter,t.DKK,F&P,reported,kvartalsvise-markedsandele-1-2026.xlsx,Skadeforsikring i alt,682
Forsikring,Skadeforsikring i alt,2009,1,3,Lærerstandens Brandforsikring,454025.0,11833428.0,0.03836800291513161,3.836800291513161,Bruttopræmieindtægter,t.DKK,F&P,reported,kvartalsvise-markedsandele-1-2026.xlsx,Skadeforsikring i alt,683
Forsikring,Skadeforsikring i alt,2009,1,3,Alka,400292.0,11833428.0,0.03382722233996776,3.382722233996776,Bruttopræmieindtægter,t.DKK,F&P,reported,kvartalsvise-markedsandele-1-2026.xlsx,Skadeforsikring i alt,684
Forsikring,Skadeforsikring i alt,2009,1,3,Danica,346050.0,11833428.0,0.02924342802440679,2.924342802440679,Bruttopræmieindtægter,t.DKK,F&P,reported,kvartalsvise-markedsandele-1-2026.xlsx,Skadeforsikring i alt,685
Forsikring,Skadeforsikring i alt,2009,1,3,Nykredit Forsikring,338879.0,11833428.0,0.02863743287236801,2.863743287236801,Bruttopræmieindtægter,t.DKK,F&P,reported,kvartalsvise-markedsandele-1-2026.xlsx,Skadeforsikring i alt,686
Forsikring,Skadeforsikring i alt,2009,1,3,GF-Forsikring,323617.0,11833428.0,0.027347696711384057,2.7347696711384057,Bruttopræmieindtægter,t.DKK,F&P,reported,kvartalsvise-markedsandele-1-2026.xlsx,Skadeforsikring i alt,687
Forsikring,Skadeforsikring i alt,2009,1,3,Fair Forsikring,311481.0,11833428.0,0.026322127451149403,2.6322127451149404,Bruttopræmieindtægter,t.DKK,F&P,reported,kvartalsvise-markedsandele-1-2026.xlsx,Skadeforsikring i alt,688
Forsikring,Skadeforsikring i alt,2009,1,3,Købstædernes Forsikring,132803.0,11833428.0,0.01122269895080276,1.1222698950802759,Bruttopræmieindtægter,t.DKK,F&P,reported,kvartalsvise-markedsandele-1-2026.xlsx,Skadeforsikring i alt,689
Forsikring,Skadeforsikring i alt,2009,1,3,PFA Pension,113917.0,11833428.0,0.009626711718700616,0.9626711718700616,Bruttopræmieindtægter,t.DKK,F&P,reported,kvartalsvise-markedsandele-1-2026.xlsx,Skadeforsikring i alt,690
Forsikring,Skadeforsikring i alt,2009,1,3,PKA+ Personforsikring,111145.0,11833428.0,0.009392460071587033,0.9392460071587033,Bruttopræmieindtægter,t.DKK,F&P,reported,kvartalsvise-markedsandele-1-2026.xlsx,Skadeforsikring i alt,691
Forsikring,Skadeforsikring i alt,2009,1,3,Himmerland Forsikring,84171.0,11833428.0,0.00711298534963833,0.711298534963833,Bruttopræmieindtægter,t.DKK,F&P,reported,kvartalsvise-markedsandele-1-2026.xlsx,Skadeforsikring i alt,692
Forsikring,Skadeforsikring i alt,2009,1,3,Thisted Forsikring,71851.0,11833428.0,0.0060718669180224024,0.6071866918022403,Bruttopræmieindtægter,t.DKK,F&P,reported,kvartalsvise-markedsandele-1-2026.xlsx,Skadeforsikring i alt,693
Forsikring,Skadeforsikring i alt,2009,1,3,Lokal Forsikring,54728.0,11833428.0,0.004624864409535428,0.46248644095354285,Bruttopræmieindtægter,t.DKK,F&P,reported,kvartalsvise-markedsandele-1-2026.xlsx,Skadeforsikring i alt,694
Forsikring,Skadeforsikring i alt,2009,1,3,Sønderjysk Forsikring,50121.0,11833428.0,0.004235543580440089,0.42355435804400887,Bruttopræmieindtægter,t.DKK,F&P,reported,kvartalsvise-markedsandele-1-2026.xlsx,Skadeforsikring i alt,695
Forsikring,Skadeforsikring i alt,2009,1,3,Forsikringsselskabet Nærsikring,44787.0,11833428.0,0.003784786623115466,0.3784786623115466,Bruttopræmieindtægter,t.DKK,F&P,reported,kvartalsvise-markedsandele-1-2026.xlsx,Skadeforsikring i alt,696
Forsikring,Skadeforsikring i alt,2009,1,3,Vestjylland Forsikring,40962.0,11833428.0,0.003461549772390554,0.34615497723905536,Bruttopræmieindtægter,t.DKK,F&P,reported,kvartalsvise-markedsandele-1-2026.xlsx,Skadeforsikring i alt,697
Forsikring,Skadeforsikring i alt,2009,1,3,Popermo Forsikring,40483.0,11833428.0,0.003421071222979512,0.3421071222979512,Bruttopræmieindtægter,t.DKK,F&P,reported,kvartalsvise-markedsandele-1-2026.xlsx,Skadeforsikring i alt,698
Forsikring,Skadeforsikring i alt,2009,1,3,Skandia,39553.0,11833428.0,0.0033424803024111023,0.3342480302411102,Bruttopræmieindtægter,t.DKK,F&P,reported,kvartalsvise-markedsandele-1-2026.xlsx,Skadeforsikring i alt,699
Forsikring,Skadeforsikring i alt,2009,1,3,AXA Forsikring,39512.0,11833428.0,0.0033390155413967957,0.3339015541396796,Bruttopræmieindtægter,t.DKK,F&P,reported,kvartalsvise-markedsandele-1-2026.xlsx,Skadeforsikring i alt,700
Forsikring,Skadeforsikring i alt,2009,1,3,Gartnernes Forsikring,35329.0,11833428.0,0.0029855254115713553,0.29855254115713553,Bruttopræmieindtægter,t.DKK,F&P,reported,kvartalsvise-markedsandele-1-2026.xlsx,Skadeforsikring i alt,701
Forsikring,Skadeforsikring i alt,2009,1,3,PenSam Forsikring,33544.0,11833428.0,0.0028346815478997294,0.28346815478997295,Bruttopræmieindtægter,t.DKK,F&P,reported,kvartalsvise-markedsandele-1-2026.xlsx,Skadeforsikring i alt,702
Forsikring,Skadeforsikring i alt,2009,1,3,Aros Forsikring,31861.0,11833428.0,0.002692457333580768,0.26924573335807683,Bruttopræmieindtægter,t.DKK,F&P,reported,kvartalsvise-markedsandele-1-2026.xlsx,Skadeforsikring i alt,703
Forsikring,Skadeforsikring i alt,2009,1,3,HDI-Gerling Forsikring,24626.0,11833428.0,0.0020810537741050186,0.20810537741050186,Bruttopræmieindtægter,t.DKK,F&P,reported,kvartalsvise-markedsandele-1-2026.xlsx,Skadeforsikring i alt,704
Forsikring,Skadeforsikring i alt,2009,1,3,Bornholms Brandforsikring,23555.0,11833428.0,0.0019905474559020427,0.19905474559020428,Bruttopræmieindtægter,t.DKK,F&P,reported,kvartalsvise-markedsandele-1-2026.xlsx,Skadeforsikring i alt,705
Forsikring,Skadeforsikring i alt,2009,1,3,Forsikringsselskabet TRAFIK,23143.0,11833428.0,0.0019557308330265754,0.19557308330265755,Bruttopræmieindtægter,t.DKK,F&P,reported,kvartalsvise-markedsandele-1-2026.xlsx,Skadeforsikring i alt,706
Forsikring,Skadeforsikring i alt,2009,1,3,DiBa Forsikring,18095.0,11833428.0,0.0015291426964358934,0.15291426964358934,Bruttopræmieindtægter,t.DKK,F&P,reported,kvartalsvise-markedsandele-1-2026.xlsx,Skadeforsikring i alt,707
Forsikring,Skadeforsikring i alt,2009,1,3,Forsikring Fyn,17358.0,11833428.0,0.0014668615045445833,0.14668615045445832,Bruttopræmieindtægter,t.DKK,F&P,reported,kvartalsvise-markedsandele-1-2026.xlsx,Skadeforsikring i alt,708
Forsikring,Skadeforsikring i alt,2009,1,3,Midtjysk Forsikring,13526.0,11833428.0,0.0011430331092562528,0.11430331092562528,Bruttopræmieindtægter,t.DKK,F&P,reported,kvartalsvise-markedsandele-1-2026.xlsx,Skadeforsikring i alt,709
Forsikring,Skadeforsikring i alt,2009,1,3,PensionDanmark,12723.0,11833428.0,0.0010751744971955717,0.10751744971955718,Bruttopræmieindtægter,t.DKK,F&P,reported,kvartalsvise-markedsandele-1-2026.xlsx,Skadeforsikring i alt,710
Forsikring,Skadeforsikring i alt,2009,1,3,HF Forsikring,12317.0,11833428.0,0.0010408649125173196,0.10408649125173196,Bruttopræmieindtægter,t.DKK,F&P,reported,kvartalsvise-markedsandele-1-2026.xlsx,Skadeforsikring i alt,711
Forsikring,Skadeforsikring i alt,2009,1,3,Forsikringsselskabet Vendsyssel,8853.0,11833428.0,0.0007481348599915426,0.07481348599915426,Bruttopræmieindtægter,t.DKK,F&P,reported,kvartalsvise-markedsandele-1-2026.xlsx,Skadeforsikring i alt,712
Forsikring,Skadeforsikring i alt,2009,1,3,Søassurancen Ærø,6338.0,11833428.0,0.000535601348992025,0.0535601348992025,Bruttopræmieindtægter,t.DKK,F&P,reported,kvartalsvise-markedsandele-1-2026.xlsx,Skadeforsikring i alt,713
Forsikring,Skadeforsikring i alt,2009,1,3,Dansk Boligforsikring,5360.0,11833428.0,0.00045295412284589046,0.04529541228458905,Bruttopræmieindtægter,t.DKK,F&P,reported,kvartalsvise-markedsandele-1-2026.xlsx,Skadeforsikring i alt,714
Forsikring,Skadeforsikring i alt,2009,1,3,Ulykkesforsikringsforbundet for dansk Fiskeri,5258.0,11833428.0,0.00044433447349322613,0.04443344734932261,Bruttopræmieindtægter,t.DKK,F&P,reported,kvartalsvise-markedsandele-1-2026.xlsx,Skadeforsikring i alt,715
Forsikring,Skadeforsikring i alt,2009,1,3,Dansk Musiker Forbund Forsikring,1826.0,11833428.0,0.00015430862468593208,0.015430862468593208,Bruttopræmieindtægter,t.DKK,F&P,reported,kvartalsvise-markedsandele-1-2026.xlsx,Skadeforsikring i alt,716
Forsikring,Skadeforsikring i alt,2009,1,3,Forsikringsselskabet af 1. juni 2007,1738.0,11833428.0,0.00014687206446010404,0.014687206446010403,Bruttopræmieindtægter,t.DKK,F&P,reported,kvartalsvise-markedsandele-1-2026.xlsx,Skadeforsikring i alt,717
Forsikring,Skadeforsikring i alt,2009,1,3,Hamburg-Mannheimer,1298.0,11833428.0,0.00010968926333096378,0.010968926333096377,Bruttopræmieindtægter,t.DKK,F&P,reported,kvartalsvise-markedsandele-1-2026.xlsx,Skadeforsikring i alt,718
Forsikring,Skadeforsikring i alt,2009,2,6,Tryg,4823379.0,23634842.0,0.204079172604581,20.4079172604581,Bruttopræmieindtægter,t.DKK,F&P,reported,kvartalsvise-markedsandele-1-2026.xlsx,Skadeforsikring i alt,677
Forsikring,Skadeforsikring i alt,2009,2,6,Topdanmark,4334633.0,23634842.0,0.18340012596657085,18.340012596657086,Bruttopræmieindtægter,t.DKK,F&P,reported,kvartalsvise-markedsandele-1-2026.xlsx,Skadeforsikring i alt,678
Forsikring,Skadeforsikring i alt,2009,2,6,Codan,3238831.0,23634842.0,0.13703628735914544,13.703628735914544,Bruttopræmieindtægter,t.DKK,F&P,reported,kvartalsvise-markedsandele-1-2026.xlsx,Skadeforsikring i alt,679
Forsikring,Skadeforsikring i alt,2009,2,6,Alm. Brand,2333804.0,23634842.0,0.09874421838741294,9.874421838741295,Bruttopræmieindtægter,t.DKK,F&P,reported,kvartalsvise-markedsandele-1-2026.xlsx,Skadeforsikring i alt,680
Forsikring,Skadeforsikring i alt,2009,2,6,Sygeforsikringen Danmark,1233033.0,23634842.0,0.052170139322276834,5.217013932227683,Bruttopræmieindtægter,t.DKK,F&P,reported,kvartalsvise-markedsandele-1-2026.xlsx,Skadeforsikring i alt,681
Forsikring,Skadeforsikring i alt,2009,2,6,If,1147775.0,23634842.0,0.04856283786453914,4.856283786453914,Bruttopræmieindtægter,t.DKK,F&P,reported,kvartalsvise-markedsandele-1-2026.xlsx,Skadeforsikring i alt,682
Forsikring,Skadeforsikring i alt,2009,2,6,Lærerstandens Brandforsikring,851080.0,23634842.0,0.03600954895319376,3.600954895319376,Bruttopræmieindtægter,t.DKK,F&P,reported,kvartalsvise-markedsandele-1-2026.xlsx,Skadeforsikring i alt,683
Forsikring,Skadeforsikring i alt,2009,2,6,Alka,809112.0,23634842.0,0.03423386540938162,3.423386540938162,Bruttopræmieindtægter,t.DKK,F&P,reported,kvartalsvise-markedsandele-1-2026.xlsx,Skadeforsikring i alt,684
Forsikring,Skadeforsikring i alt,2009,2,6,Danica,689611.0,23634842.0,0.02917772837237499,2.9177728372374987,Bruttopræmieindtægter,t.DKK,F&P,reported,kvartalsvise-markedsandele-1-2026.xlsx,Skadeforsikring i alt,685
Forsikring,Skadeforsikring i alt,2009,2,6,Nykredit Forsikring,687138.0,23634842.0,0.029073094713305044,2.9073094713305045,Bruttopræmieindtægter,t.DKK,F&P,reported,kvartalsvise-markedsandele-1-2026.xlsx,Skadeforsikring i alt,686
Forsikring,Skadeforsikring i alt,2009,2,6,GF-Forsikring,647710.0,23634842.0,0.02740487962644303,2.740487962644303,Bruttopræmieindtægter,t.DKK,F&P,reported,kvartalsvise-markedsandele-1-2026.xlsx,Skadeforsikring i alt,687
Forsikring,Skadeforsikring i alt,2009,2,6,Fair Forsikring,635850.0,23634842.0,0.026903078091234964,2.6903078091234964,Bruttopræmieindtægter,t.DKK,F&P,reported,kvartalsvise-markedsandele-1-2026.xlsx,Skadeforsikring i alt,688
Forsikring,Skadeforsikring i alt,2009,2,6,Købstædernes Forsikring,267801.0,23634842.0,0.011330771747913526,1.1330771747913526,Bruttopræmieindtægter,t.DKK,F&P,reported,kvartalsvise-markedsandele-1-2026.xlsx,Skadeforsikring i alt,689
Forsikring,Skadeforsikring i alt,2009,2,6,PFA Pension,249478.0,23634842.0,0.010555517993308354,1.0555517993308354,Bruttopræmieindtægter,t.DKK,F&P,reported,kvartalsvise-markedsandele-1-2026.xlsx,Skadeforsikring i alt,690
Forsikring,Skadeforsikring i alt,2009,2,6,PKA+ Personforsikring,221696.0,23634842.0,0.009380050012604273,0.9380050012604273,Bruttopræmieindtægter,t.DKK,F&P,reported,kvartalsvise-markedsandele-1-2026.xlsx,Skadeforsikring i alt,691
Forsikring,Skadeforsikring i alt,2009,2,6,Himmerland Forsikring,171391.0,23634842.0,0.007251624529582216,0.7251624529582216,Bruttopræmieindtægter,t.DKK,F&P,reported,kvartalsvise-markedsandele-1-2026.xlsx,Skadeforsikring i alt,692
Forsikring,Skadeforsikring i alt,2009,2,6,Thisted Forsikring,143397.0,23634842.0,0.006067186740660251,0.6067186740660251,Bruttopræmieindtægter,t.DKK,F&P,reported,kvartalsvise-markedsandele-1-2026.xlsx,Skadeforsikring i alt,693
Forsikring,Skadeforsikring i alt,2009,2,6,Lokal Forsikring,121105.0,23634842.0,0.005124002944466479,0.5124002944466479,Bruttopræmieindtægter,t.DKK,F&P,reported,kvartalsvise-markedsandele-1-2026.xlsx,Skadeforsikring i alt,694
Forsikring,Skadeforsikring i alt,2009,2,6,Sønderjysk Forsikring,101067.0,23634842.0,0.004276186826211912,0.4276186826211912,Bruttopræmieindtægter,t.DKK,F&P,reported,kvartalsvise-markedsandele-1-2026.xlsx,Skadeforsikring i alt,695
Forsikring,Skadeforsikring i alt,2009,2,6,Forsikringsselskabet Nærsikring,90711.0,23634842.0,0.003838020156851482,0.3838020156851482,Bruttopræmieindtægter,t.DKK,F&P,reported,kvartalsvise-markedsandele-1-2026.xlsx,Skadeforsikring i alt,696
Forsikring,Skadeforsikring i alt,2009,2,6,Vestjylland Forsikring,80563.0,23634842.0,0.0034086540540444483,0.3408654054044448,Bruttopræmieindtægter,t.DKK,F&P,reported,kvartalsvise-markedsandele-1-2026.xlsx,Skadeforsikring i alt,697
Forsikring,Skadeforsikring i alt,2009,2,6,Popermo Forsikring,84121.0,23634842.0,0.0035591945146068674,0.35591945146068676,Bruttopræmieindtægter,t.DKK,F&P,reported,kvartalsvise-markedsandele-1-2026.xlsx,Skadeforsikring i alt,698
Forsikring,Skadeforsikring i alt,2009,2,6,Skandia,82006.0,23634842.0,0.0034697079845086333,0.3469707984508633,Bruttopræmieindtægter,t.DKK,F&P,reported,kvartalsvise-markedsandele-1-2026.xlsx,Skadeforsikring i alt,699
Forsikring,Skadeforsikring i alt,2009,2,6,AXA Forsikring,52218.0,23634842.0,0.002209365309063627,0.22093653090636273,Bruttopræmieindtægter,t.DKK,F&P,reported,kvartalsvise-markedsandele-1-2026.xlsx,Skadeforsikring i alt,700
Forsikring,Skadeforsikring i alt,2009,2,6,Gartnernes Forsikring,71170.0,23634842.0,0.0030112323154095973,0.3011232315409597,Bruttopræmieindtægter,t.DKK,F&P,reported,kvartalsvise-markedsandele-1-2026.xlsx,Skadeforsikring i alt,701
Forsikring,Skadeforsikring i alt,2009,2,6,PenSam Forsikring,68517.0,23634842.0,0.0028989827814376755,0.28989827814376756,Bruttopræmieindtægter,t.DKK,F&P,reported,kvartalsvise-markedsandele-1-2026.xlsx,Skadeforsikring i alt,702
Forsikring,Skadeforsikring i alt,2009,2,6,Aros Forsikring,64677.0,23634842.0,0.0027365107835288253,0.27365107835288255,Bruttopræmieindtægter,t.DKK,F&P,reported,kvartalsvise-markedsandele-1-2026.xlsx,Skadeforsikring i alt,703
Forsikring,Skadeforsikring i alt,2009,2,6,HDI-Gerling Forsikring,36133.0,23634842.0,0.0015288022657397075,0.15288022657397074,Bruttopræmieindtægter,t.DKK,F&P,reported,kvartalsvise-markedsandele-1-2026.xlsx,Skadeforsikring i alt,704
Forsikring,Skadeforsikring i alt,2009,2,6,Bornholms Brandforsikring,47011.0,23634842.0,0.0019890549723158716,0.19890549723158715,Bruttopræmieindtægter,t.DKK,F&P,reported,kvartalsvise-markedsandele-1-2026.xlsx,Skadeforsikring i alt,705
Forsikring,Skadeforsikring i alt,2009,2,6,Forsikringsselskabet TRAFIK,37383.0,23634842.0,0.001581690285892328,0.1581690285892328,Bruttopræmieindtægter,t.DKK,F&P,reported,kvartalsvise-markedsandele-1-2026.xlsx,Skadeforsikring i alt,706
Forsikring,Skadeforsikring i alt,2009,2,6,DiBa Forsikring,40192.0,23634842.0,0.0017005402447792966,0.17005402447792967,Bruttopræmieindtægter,t.DKK,F&P,reported,kvartalsvise-markedsandele-1-2026.xlsx,Skadeforsikring i alt,707
Forsikring,Skadeforsikring i alt,2009,2,6,Forsikring Fyn,34995.0,23634842.0,0.001480653012192762,0.1480653012192762,Bruttopræmieindtægter,t.DKK,F&P,reported,kvartalsvise-markedsandele-1-2026.xlsx,Skadeforsikring i alt,708
Forsikring,Skadeforsikring i alt,2009,2,6,Midtjysk Forsikring,26548.0,23634842.0,0.001123256927209414,0.11232569272094141,Bruttopræmieindtægter,t.DKK,F&P,reported,kvartalsvise-markedsandele-1-2026.xlsx,Skadeforsikring i alt,709
Forsikring,Skadeforsikring i alt,2009,2,6,PensionDanmark,25129.0,23634842.0,0.0010632184467321592,0.10632184467321591,Bruttopræmieindtægter,t.DKK,F&P,reported,kvartalsvise-markedsandele-1-2026.xlsx,Skadeforsikring i alt,710
Forsikring,Skadeforsikring i alt,2009,2,6,HF Forsikring,24413.0,23634842.0,0.0010329241887887383,0.10329241887887383,Bruttopræmieindtægter,t.DKK,F&P,reported,kvartalsvise-markedsandele-1-2026.xlsx,Skadeforsikring i alt,711
Forsikring,Skadeforsikring i alt,2009,2,6,Forsikringsselskabet Vendsyssel,17704.0,23634842.0,0.0007490636070255939,0.07490636070255939,Bruttopræmieindtægter,t.DKK,F&P,reported,kvartalsvise-markedsandele-1-2026.xlsx,Skadeforsikring i alt,712
Forsikring,Skadeforsikring i alt,2009,2,6,Søassurancen Ærø,12816.0,23634842.0,0.0005422502930207869,0.05422502930207869,Bruttopræmieindtægter,t.DKK,F&P,reported,kvartalsvise-markedsandele-1-2026.xlsx,Skadeforsikring i alt,713
Forsikring,Skadeforsikring i alt,2009,2,6,Dansk Boligforsikring,10686.0,23634842.0,0.0004521291066807216,0.04521291066807216,Bruttopræmieindtægter,t.DKK,F&P,reported,kvartalsvise-markedsandele-1-2026.xlsx,Skadeforsikring i alt,714
Forsikring,Skadeforsikring i alt,2009,2,6,Ulykkesforsikringsforbundet for dansk Fiskeri,10245.0,23634842.0,0.00043347021317087714,0.04334702131708772,Bruttopræmieindtægter,t.DKK,F&P,reported,kvartalsvise-markedsandele-1-2026.xlsx,Skadeforsikring i alt,715
Forsikring,Skadeforsikring i alt,2009,2,6,Dansk Musiker Forbund Forsikring,3548.0,23634842.0,0.00015011735640119785,0.015011735640119785,Bruttopræmieindtægter,t.DKK,F&P,reported,kvartalsvise-markedsandele-1-2026.xlsx,Skadeforsikring i alt,716
Forsikring,Skadeforsikring i alt,2009,2,6,Forsikringsselskabet af 1. juni 2007,3667.0,23634842.0,0.00015515229591972732,0.015515229591972731,Bruttopræmieindtægter,t.DKK,F&P,reported,kvartalsvise-markedsandele-1-2026.xlsx,Skadeforsikring i alt,717
Forsikring,Skadeforsikring i alt,2009,2,6,Hamburg-Mannheimer,2498.0,23634842.0,0.0001056914194729967,0.01056914194729967,Bruttopræmieindtægter,t.DKK,F&P,reported,kvartalsvise-markedsandele-1-2026.xlsx,Skadeforsikring i alt,718
Forsikring,Skadeforsikring i alt,2009,3,9,Tryg,7239670.0,35607157.0,0.20332064140925377,20.332064140925375,Bruttopræmieindtægter,t.DKK,F&P,reported,kvartalsvise-markedsandele-1-2026.xlsx,Skadeforsikring i alt,677
Forsikring,Skadeforsikring i alt,2009,3,9,Topdanmark,6493734.0,35607157.0,0.1823715945645422,18.23715945645422,Bruttopræmieindtægter,t.DKK,F&P,reported,kvartalsvise-markedsandele-1-2026.xlsx,Skadeforsikring i alt,678
Forsikring,Skadeforsikring i alt,2009,3,9,Codan,4872393.0,35607157.0,0.13683746219896187,13.683746219896186,Bruttopræmieindtægter,t.DKK,F&P,reported,kvartalsvise-markedsandele-1-2026.xlsx,Skadeforsikring i alt,679
Forsikring,Skadeforsikring i alt,2009,3,9,Alm. Brand,3509120.0,35607157.0,0.09855097389550084,9.855097389550084,Bruttopræmieindtægter,t.DKK,F&P,reported,kvartalsvise-markedsandele-1-2026.xlsx,Skadeforsikring i alt,680
Forsikring,Skadeforsikring i alt,2009,3,9,Sygeforsikringen Danmark,1845428.0,35607157.0,0.05182744581377277,5.1827445813772774,Bruttopræmieindtægter,t.DKK,F&P,reported,kvartalsvise-markedsandele-1-2026.xlsx,Skadeforsikring i alt,681
Forsikring,Skadeforsikring i alt,2009,3,9,If,1726632.0,35607157.0,0.04849115024824926,4.8491150248249255,Bruttopræmieindtægter,t.DKK,F&P,reported,kvartalsvise-markedsandele-1-2026.xlsx,Skadeforsikring i alt,682
Forsikring,Skadeforsikring i alt,2009,3,9,Lærerstandens Brandforsikring,1320864.0,35607157.0,0.03709546370130028,3.7095463701300275,Bruttopræmieindtægter,t.DKK,F&P,reported,kvartalsvise-markedsandele-1-2026.xlsx,Skadeforsikring i alt,683
Forsikring,Skadeforsikring i alt,2009,3,9,Alka,1219166.0,35607157.0,0.03423935249871255,3.423935249871255,Bruttopræmieindtægter,t.DKK,F&P,reported,kvartalsvise-markedsandele-1-2026.xlsx,Skadeforsikring i alt,684
Forsikring,Skadeforsikring i alt,2009,3,9,Danica,1029917.0,35607157.0,0.02892443785950111,2.892443785950111,Bruttopræmieindtægter,t.DKK,F&P,reported,kvartalsvise-markedsandele-1-2026.xlsx,Skadeforsikring i alt,685
Forsikring,Skadeforsikring i alt,2009,3,9,Nykredit Forsikring,1042429.0,35607157.0,0.029275827890443487,2.9275827890443487,Bruttopræmieindtægter,t.DKK,F&P,reported,kvartalsvise-markedsandele-1-2026.xlsx,Skadeforsikring i alt,686
Forsikring,Skadeforsikring i alt,2009,3,9,GF-Forsikring,1011359.0,35607157.0,0.028403250503824272,2.840325050382427,Bruttopræmieindtægter,t.DKK,F&P,reported,kvartalsvise-markedsandele-1-2026.xlsx,Skadeforsikring i alt,687
Forsikring,Skadeforsikring i alt,2009,3,9,Fair Forsikring,957390.0,35607157.0,0.026887572068727647,2.6887572068727645,Bruttopræmieindtægter,t.DKK,F&P,reported,kvartalsvise-markedsandele-1-2026.xlsx,Skadeforsikring i alt,688
Forsikring,Skadeforsikring i alt,2009,3,9,Købstædernes Forsikring,408173.0,35607157.0,0.011463229148005273,1.1463229148005274,Bruttopræmieindtægter,t.DKK,F&P,reported,kvartalsvise-markedsandele-1-2026.xlsx,Skadeforsikring i alt,689
Forsikring,Skadeforsikring i alt,2009,3,9,PFA Pension,417357.0,35607157.0,0.011721154822891364,1.1721154822891364,Bruttopræmieindtægter,t.DKK,F&P,reported,kvartalsvise-markedsandele-1-2026.xlsx,Skadeforsikring i alt,690
Forsikring,Skadeforsikring i alt,2009,3,9,PKA+ Personforsikring,332438.0,35607157.0,0.009336269110167937,0.9336269110167936,Bruttopræmieindtægter,t.DKK,F&P,reported,kvartalsvise-markedsandele-1-2026.xlsx,Skadeforsikring i alt,691
Forsikring,Skadeforsikring i alt,2009,3,9,Himmerland Forsikring,259894.0,35607157.0,0.00729892588728721,0.729892588728721,Bruttopræmieindtægter,t.DKK,F&P,reported,kvartalsvise-markedsandele-1-2026.xlsx,Skadeforsikring i alt,692
Forsikring,Skadeforsikring i alt,2009,3,9,Thisted Forsikring,212043.0,35607157.0,0.005955066842320492,0.5955066842320492,Bruttopræmieindtægter,t.DKK,F&P,reported,kvartalsvise-markedsandele-1-2026.xlsx,Skadeforsikring i alt,693
Forsikring,Skadeforsikring i alt,2009,3,9,Lokal Forsikring,155587.0,35607157.0,0.00436954289835608,0.436954289835608,Bruttopræmieindtægter,t.DKK,F&P,reported,kvartalsvise-markedsandele-1-2026.xlsx,Skadeforsikring i alt,694
Forsikring,Skadeforsikring i alt,2009,3,9,Sønderjysk Forsikring,152891.0,35607157.0,0.004293827782993177,0.4293827782993177,Bruttopræmieindtægter,t.DKK,F&P,reported,kvartalsvise-markedsandele-1-2026.xlsx,Skadeforsikring i alt,695
Forsikring,Skadeforsikring i alt,2009,3,9,Forsikringsselskabet Nærsikring,136922.0,35607157.0,0.0038453505288276735,0.38453505288276735,Bruttopræmieindtægter,t.DKK,F&P,reported,kvartalsvise-markedsandele-1-2026.xlsx,Skadeforsikring i alt,696
Forsikring,Skadeforsikring i alt,2009,3,9,Vestjylland Forsikring,119537.0,35607157.0,0.0033571059885516836,0.33571059885516835,Bruttopræmieindtægter,t.DKK,F&P,reported,kvartalsvise-markedsandele-1-2026.xlsx,Skadeforsikring i alt,697
Forsikring,Skadeforsikring i alt,2009,3,9,Popermo Forsikring,145243.0,35607157.0,0.004079039503209986,0.40790395032099863,Bruttopræmieindtægter,t.DKK,F&P,reported,kvartalsvise-markedsandele-1-2026.xlsx,Skadeforsikring i alt,698
Forsikring,Skadeforsikring i alt,2009,3,9,Skandia,126306.0,35607157.0,0.0035472082199654413,0.35472082199654414,Bruttopræmieindtægter,t.DKK,F&P,reported,kvartalsvise-markedsandele-1-2026.xlsx,Skadeforsikring i alt,699
Forsikring,Skadeforsikring i alt,2009,3,9,AXA Forsikring,66476.0,35607157.0,0.0018669280448309871,0.18669280448309872,Bruttopræmieindtægter,t.DKK,F&P,reported,kvartalsvise-markedsandele-1-2026.xlsx,Skadeforsikring i alt,700
Forsikring,Skadeforsikring i alt,2009,3,9,Gartnernes Forsikring,106572.0,35607157.0,0.0029929937961629457,0.29929937961629455,Bruttopræmieindtægter,t.DKK,F&P,reported,kvartalsvise-markedsandele-1-2026.xlsx,Skadeforsikring i alt,701
Forsikring,Skadeforsikring i alt,2009,3,9,PenSam Forsikring,106289.0,35607157.0,0.002985045955789169,0.2985045955789169,Bruttopræmieindtægter,t.DKK,F&P,reported,kvartalsvise-markedsandele-1-2026.xlsx,Skadeforsikring i alt,702
Forsikring,Skadeforsikring i alt,2009,3,9,Aros Forsikring,98480.0,35607157.0,0.002765736113107822,0.27657361131078223,Bruttopræmieindtægter,t.DKK,F&P,reported,kvartalsvise-markedsandele-1-2026.xlsx,Skadeforsikring i alt,703
Forsikring,Skadeforsikring i alt,2009,3,9,HDI-Gerling Forsikring,44188.0,35607157.0,0.0012409864679732785,0.12409864679732785,Bruttopræmieindtægter,t.DKK,F&P,reported,kvartalsvise-markedsandele-1-2026.xlsx,Skadeforsikring i alt,704
Forsikring,Skadeforsikring i alt,2009,3,9,Bornholms Brandforsikring,71229.0,35607157.0,0.002000412445172188,0.20004124451721883,Bruttopræmieindtægter,t.DKK,F&P,reported,kvartalsvise-markedsandele-1-2026.xlsx,Skadeforsikring i alt,705
Forsikring,Skadeforsikring i alt,2009,3,9,Forsikringsselskabet TRAFIK,57410.0,35607157.0,0.0016123163104541033,0.16123163104541033,Bruttopræmieindtægter,t.DKK,F&P,reported,kvartalsvise-markedsandele-1-2026.xlsx,Skadeforsikring i alt,706
Forsikring,Skadeforsikring i alt,2009,3,9,DiBa Forsikring,61671.0,35607157.0,0.0017319832639264066,0.17319832639264066,Bruttopræmieindtægter,t.DKK,F&P,reported,kvartalsvise-markedsandele-1-2026.xlsx,Skadeforsikring i alt,707
Forsikring,Skadeforsikring i alt,2009,3,9,Forsikring Fyn,52955.0,35607157.0,0.0014872010141107307,0.14872010141107306,Bruttopræmieindtægter,t.DKK,F&P,reported,kvartalsvise-markedsandele-1-2026.xlsx,Skadeforsikring i alt,708
Forsikring,Skadeforsikring i alt,2009,3,9,Midtjysk Forsikring,39866.0,35607157.0,0.0011196063757631647,0.11196063757631647,Bruttopræmieindtægter,t.DKK,F&P,reported,kvartalsvise-markedsandele-1-2026.xlsx,Skadeforsikring i alt,709
Forsikring,Skadeforsikring i alt,2009,3,9,PensionDanmark,37932.0,35607157.0,0.001065291452502091,0.10652914525020911,Bruttopræmieindtægter,t.DKK,F&P,reported,kvartalsvise-markedsandele-1-2026.xlsx,Skadeforsikring i alt,710
Forsikring,Skadeforsikring i alt,2009,3,9,HF Forsikring,36577.0,35607157.0,0.0010272373051294155,0.10272373051294155,Bruttopræmieindtægter,t.DKK,F&P,reported,kvartalsvise-markedsandele-1-2026.xlsx,Skadeforsikring i alt,711
Forsikring,Skadeforsikring i alt,2009,3,9,Forsikringsselskabet Vendsyssel,26677.0,35607157.0,0.0007492033132552536,0.07492033132552536,Bruttopræmieindtægter,t.DKK,F&P,reported,kvartalsvise-markedsandele-1-2026.xlsx,Skadeforsikring i alt,712
Forsikring,Skadeforsikring i alt,2009,3,9,Søassurancen Ærø,20077.0,35607157.0,0.0005638473186724793,0.05638473186724793,Bruttopræmieindtægter,t.DKK,F&P,reported,kvartalsvise-markedsandele-1-2026.xlsx,Skadeforsikring i alt,713
Forsikring,Skadeforsikring i alt,2009,3,9,Dansk Boligforsikring,16303.0,35607157.0,0.0004578573908610564,0.04578573908610564,Bruttopræmieindtægter,t.DKK,F&P,reported,kvartalsvise-markedsandele-1-2026.xlsx,Skadeforsikring i alt,714
Forsikring,Skadeforsikring i alt,2009,3,9,Ulykkesforsikringsforbundet for dansk Fiskeri,14961.0,35607157.0,0.0004201683386292256,0.042016833862922556,Bruttopræmieindtægter,t.DKK,F&P,reported,kvartalsvise-markedsandele-1-2026.xlsx,Skadeforsikring i alt,715
Forsikring,Skadeforsikring i alt,2009,3,9,Dansk Musiker Forbund Forsikring,5285.0,35607157.0,0.00014842521687423682,0.014842521687423681,Bruttopræmieindtægter,t.DKK,F&P,reported,kvartalsvise-markedsandele-1-2026.xlsx,Skadeforsikring i alt,716
Forsikring,Skadeforsikring i alt,2009,3,9,Forsikringsselskabet af 1. juni 2007,5977.0,35607157.0,0.00016785951206382466,0.016785951206382467,Bruttopræmieindtægter,t.DKK,F&P,reported,kvartalsvise-markedsandele-1-2026.xlsx,Skadeforsikring i alt,717
Forsikring,Skadeforsikring i alt,2009,3,9,Hamburg-Mannheimer,3739.0,35607157.0,0.00010500697935530209,0.010500697935530209,Bruttopræmieindtægter,t.DKK,F&P,reported,kvartalsvise-markedsandele-1-2026.xlsx,Skadeforsikring i alt,718
Forsikring,Skadeforsikring i alt,2009,4,12,Tryg,9707198.0,47702488.0,0.2034945850203872,20.34945850203872,Bruttopræmieindtægter,t.DKK,F&P,reported,kvartalsvise-markedsandele-1-2026.xlsx,Skadeforsikring i alt,677
Forsikring,Skadeforsikring i alt,2009,4,12,Topdanmark,8665000.0,47702488.0,0.18164670991584336,18.164670991584337,Bruttopræmieindtægter,t.DKK,F&P,reported,kvartalsvise-markedsandele-1-2026.xlsx,Skadeforsikring i alt,678
Forsikring,Skadeforsikring i alt,2009,4,12,Codan,6487658.0,47702488.0,0.13600250787757653,13.600250787757654,Bruttopræmieindtægter,t.DKK,F&P,reported,kvartalsvise-markedsandele-1-2026.xlsx,Skadeforsikring i alt,679
Forsikring,Skadeforsikring i alt,2009,4,12,Alm. Brand,4714369.0,47702488.0,0.09882857682391745,9.882857682391744,Bruttopræmieindtægter,t.DKK,F&P,reported,kvartalsvise-markedsandele-1-2026.xlsx,Skadeforsikring i alt,680
Forsikring,Skadeforsikring i alt,2009,4,12,Sygeforsikringen Danmark,2464490.0,47702488.0,0.05166376227587961,5.1663762275879614,Bruttopræmieindtægter,t.DKK,F&P,reported,kvartalsvise-markedsandele-1-2026.xlsx,Skadeforsikring i alt,681
Forsikring,Skadeforsikring i alt,2009,4,12,If,2322583.0,47702488.0,0.04868892792342404,4.868892792342404,Bruttopræmieindtægter,t.DKK,F&P,reported,kvartalsvise-markedsandele-1-2026.xlsx,Skadeforsikring i alt,682
Forsikring,Skadeforsikring i alt,2009,4,12,Lærerstandens Brandforsikring,1791814.0,47702488.0,0.03756227557774345,3.756227557774345,Bruttopræmieindtægter,t.DKK,F&P,reported,kvartalsvise-markedsandele-1-2026.xlsx,Skadeforsikring i alt,683
Forsikring,Skadeforsikring i alt,2009,4,12,Alka,1627492.0,47702488.0,0.03411754959196258,3.411754959196258,Bruttopræmieindtægter,t.DKK,F&P,reported,kvartalsvise-markedsandele-1-2026.xlsx,Skadeforsikring i alt,684
Forsikring,Skadeforsikring i alt,2009,4,12,Danica,1394582.0,47702488.0,0.029234995038413928,2.9234995038413927,Bruttopræmieindtægter,t.DKK,F&P,reported,kvartalsvise-markedsandele-1-2026.xlsx,Skadeforsikring i alt,685
Forsikring,Skadeforsikring i alt,2009,4,12,Nykredit Forsikring,1415277.0,47702488.0,0.02966882985222909,2.966882985222909,Bruttopræmieindtægter,t.DKK,F&P,reported,kvartalsvise-markedsandele-1-2026.xlsx,Skadeforsikring i alt,686
Forsikring,Skadeforsikring i alt,2009,4,12,GF-Forsikring,1368229.0,47702488.0,0.028682550059024176,2.8682550059024177,Bruttopræmieindtægter,t.DKK,F&P,reported,kvartalsvise-markedsandele-1-2026.xlsx,Skadeforsikring i alt,687
Forsikring,Skadeforsikring i alt,2009,4,12,Fair Forsikring,1306190.0,47702488.0,0.027382009927867913,2.7382009927867914,Bruttopræmieindtægter,t.DKK,F&P,reported,kvartalsvise-markedsandele-1-2026.xlsx,Skadeforsikring i alt,688
Forsikring,Skadeforsikring i alt,2009,4,12,Købstædernes Forsikring,532807.0,47702488.0,0.011169375484146656,1.1169375484146655,Bruttopræmieindtægter,t.DKK,F&P,reported,kvartalsvise-markedsandele-1-2026.xlsx,Skadeforsikring i alt,689
Forsikring,Skadeforsikring i alt,2009,4,12,PFA Pension,590613.0,47702488.0,0.012381178105427122,1.2381178105427122,Bruttopræmieindtægter,t.DKK,F&P,reported,kvartalsvise-markedsandele-1-2026.xlsx,Skadeforsikring i alt,690
Forsikring,Skadeforsikring i alt,2009,4,12,PKA+ Personforsikring,449662.0,47702488.0,0.009426384636373684,0.9426384636373684,Bruttopræmieindtægter,t.DKK,F&P,reported,kvartalsvise-markedsandele-1-2026.xlsx,Skadeforsikring i alt,691
Forsikring,Skadeforsikring i alt,2009,4,12,Himmerland Forsikring,348370.0,47702488.0,0.007302973379501715,0.7302973379501715,Bruttopræmieindtægter,t.DKK,F&P,reported,kvartalsvise-markedsandele-1-2026.xlsx,Skadeforsikring i alt,692
Forsikring,Skadeforsikring i alt,2009,4,12,Thisted Forsikring,281647.0,47702488.0,0.005904241304981827,0.5904241304981828,Bruttopræmieindtægter,t.DKK,F&P,reported,kvartalsvise-markedsandele-1-2026.xlsx,Skadeforsikring i alt,693
Forsikring,Skadeforsikring i alt,2009,4,12,Lokal Forsikring,184117.0,47702488.0,0.003859693859154684,0.3859693859154684,Bruttopræmieindtægter,t.DKK,F&P,reported,kvartalsvise-markedsandele-1-2026.xlsx,Skadeforsikring i alt,694
Forsikring,Skadeforsikring i alt,2009,4,12,Sønderjysk Forsikring,205359.0,47702488.0,0.004304995580104752,0.43049955801047524,Bruttopræmieindtægter,t.DKK,F&P,reported,kvartalsvise-markedsandele-1-2026.xlsx,Skadeforsikring i alt,695
Forsikring,Skadeforsikring i alt,2009,4,12,Forsikringsselskabet Nærsikring,180736.0,47702488.0,0.0037888170528966956,0.3788817052896696,Bruttopræmieindtægter,t.DKK,F&P,reported,kvartalsvise-markedsandele-1-2026.xlsx,Skadeforsikring i alt,696
Forsikring,Skadeforsikring i alt,2009,4,12,Vestjylland Forsikring,162240.0,47702488.0,0.0034010804635598883,0.34010804635598885,Bruttopræmieindtægter,t.DKK,F&P,reported,kvartalsvise-markedsandele-1-2026.xlsx,Skadeforsikring i alt,697
Forsikring,Skadeforsikring i alt,2009,4,12,Popermo Forsikring,174746.0,47702488.0,0.0036632470826259626,0.3663247082625963,Bruttopræmieindtægter,t.DKK,F&P,reported,kvartalsvise-markedsandele-1-2026.xlsx,Skadeforsikring i alt,698
Forsikring,Skadeforsikring i alt,2009,4,12,Skandia,179996.0,47702488.0,0.003773304235200478,0.3773304235200478,Bruttopræmieindtægter,t.DKK,F&P,reported,kvartalsvise-markedsandele-1-2026.xlsx,Skadeforsikring i alt,699
Forsikring,Skadeforsikring i alt,2009,4,12,AXA Forsikring,74726.0,47702488.0,0.0015665011015777624,0.15665011015777625,Bruttopræmieindtægter,t.DKK,F&P,reported,kvartalsvise-markedsandele-1-2026.xlsx,Skadeforsikring i alt,700
Forsikring,Skadeforsikring i alt,2009,4,12,Gartnernes Forsikring,142695.0,47702488.0,0.0029913534069753345,0.29913534069753345,Bruttopræmieindtægter,t.DKK,F&P,reported,kvartalsvise-markedsandele-1-2026.xlsx,Skadeforsikring i alt,701
Forsikring,Skadeforsikring i alt,2009,4,12,PenSam Forsikring,147457.0,47702488.0,0.0030911804851772094,0.30911804851772096,Bruttopræmieindtægter,t.DKK,F&P,reported,kvartalsvise-markedsandele-1-2026.xlsx,Skadeforsikring i alt,702
Forsikring,Skadeforsikring i alt,2009,4,12,Aros Forsikring,132494.0,47702488.0,0.002777507118706261,0.2777507118706261,Bruttopræmieindtægter,t.DKK,F&P,reported,kvartalsvise-markedsandele-1-2026.xlsx,Skadeforsikring i alt,703
Forsikring,Skadeforsikring i alt,2009,4,12,HDI-Gerling Forsikring,50838.0,47702488.0,0.001065730575730138,0.1065730575730138,Bruttopræmieindtægter,t.DKK,F&P,reported,kvartalsvise-markedsandele-1-2026.xlsx,Skadeforsikring i alt,704
Forsikring,Skadeforsikring i alt,2009,4,12,Bornholms Brandforsikring,95634.0,47702488.0,0.0020048010912973764,0.20048010912973763,Bruttopræmieindtægter,t.DKK,F&P,reported,kvartalsvise-markedsandele-1-2026.xlsx,Skadeforsikring i alt,705
Forsikring,Skadeforsikring i alt,2009,4,12,Forsikringsselskabet TRAFIK,68167.0,47702488.0,0.0014290030322946677,0.14290030322946676,Bruttopræmieindtægter,t.DKK,F&P,reported,kvartalsvise-markedsandele-1-2026.xlsx,Skadeforsikring i alt,706
Forsikring,Skadeforsikring i alt,2009,4,12,DiBa Forsikring,82746.0,47702488.0,0.0017346265041773084,0.17346265041773085,Bruttopræmieindtægter,t.DKK,F&P,reported,kvartalsvise-markedsandele-1-2026.xlsx,Skadeforsikring i alt,707
Forsikring,Skadeforsikring i alt,2009,4,12,Forsikring Fyn,70879.0,47702488.0,0.0014858554128245889,0.14858554128245888,Bruttopræmieindtægter,t.DKK,F&P,reported,kvartalsvise-markedsandele-1-2026.xlsx,Skadeforsikring i alt,708
Forsikring,Skadeforsikring i alt,2009,4,12,Midtjysk Forsikring,52943.0,47702488.0,0.0011098582530957295,0.11098582530957295,Bruttopræmieindtægter,t.DKK,F&P,reported,kvartalsvise-markedsandele-1-2026.xlsx,Skadeforsikring i alt,709
Forsikring,Skadeforsikring i alt,2009,4,12,PensionDanmark,55055.0,47702488.0,0.0011541326733314203,0.11541326733314203,Bruttopræmieindtægter,t.DKK,F&P,reported,kvartalsvise-markedsandele-1-2026.xlsx,Skadeforsikring i alt,710
Forsikring,Skadeforsikring i alt,2009,4,12,HF Forsikring,48438.0,47702488.0,0.0010154187345532166,0.10154187345532166,Bruttopræmieindtægter,t.DKK,F&P,reported,kvartalsvise-markedsandele-1-2026.xlsx,Skadeforsikring i alt,711
Forsikring,Skadeforsikring i alt,2009,4,12,Forsikringsselskabet Vendsyssel,35645.0,47702488.0,0.0007472356578130684,0.07472356578130684,Bruttopræmieindtægter,t.DKK,F&P,reported,kvartalsvise-markedsandele-1-2026.xlsx,Skadeforsikring i alt,712
Forsikring,Skadeforsikring i alt,2009,4,12,Søassurancen Ærø,26144.0,47702488.0,0.0005480636565539307,0.05480636565539307,Bruttopræmieindtægter,t.DKK,F&P,reported,kvartalsvise-markedsandele-1-2026.xlsx,Skadeforsikring i alt,713
Forsikring,Skadeforsikring i alt,2009,4,12,Dansk Boligforsikring,23158.0,47702488.0,0.0004854673408229776,0.04854673408229776,Bruttopræmieindtægter,t.DKK,F&P,reported,kvartalsvise-markedsandele-1-2026.xlsx,Skadeforsikring i alt,714
Forsikring,Skadeforsikring i alt,2009,4,12,Ulykkesforsikringsforbundet for dansk Fiskeri,19649.0,47702488.0,0.00041190723636888707,0.04119072363688871,Bruttopræmieindtægter,t.DKK,F&P,reported,kvartalsvise-markedsandele-1-2026.xlsx,Skadeforsikring i alt,715
Forsikring,Skadeforsikring i alt,2009,4,12,Dansk Musiker Forbund Forsikring,7012.0,47702488.0,0.00014699442930523875,0.014699442930523875,Bruttopræmieindtægter,t.DKK,F&P,reported,kvartalsvise-markedsandele-1-2026.xlsx,Skadeforsikring i alt,716
Forsikring,Skadeforsikring i alt,2009,4,12,Forsikringsselskabet af 1. juni 2007,8287.0,47702488.0,0.00017372259493047827,0.017372259493047826,Bruttopræmieindtægter,t.DKK,F&P,reported,kvartalsvise-markedsandele-1-2026.xlsx,Skadeforsikring i alt,717
Forsikring,Skadeforsikring i alt,2009,4,12,Hamburg-Mannheimer,5346.0,47702488.0,0.00011206962622159247,0.011206962622159247,Bruttopræmieindtægter,t.DKK,F&P,reported,kvartalsvise-markedsandele-1-2026.xlsx,Skadeforsikring i alt,718
Forsikring,Skadeforsikring i alt,2008,1,3,Tryg,2338095.0,11566485.0,0.2021439529813941,20.214395298139408,Bruttopræmieindtægter,t.DKK,F&P,reported,kvartalsvise-markedsandele-1-2026.xlsx,Skadeforsikring i alt,723
Forsikring,Skadeforsikring i alt,2008,1,3,Topdanmark,2252571.0,11566485.0,0.19474983108524327,19.474983108524327,Bruttopræmieindtægter,t.DKK,F&P,reported,kvartalsvise-markedsandele-1-2026.xlsx,Skadeforsikring i alt,724
Forsikring,Skadeforsikring i alt,2008,1,3,Codan,1564739.0,11566485.0,0.13528215356696524,13.528215356696524,Bruttopræmieindtægter,t.DKK,F&P,reported,kvartalsvise-markedsandele-1-2026.xlsx,Skadeforsikring i alt,725
Forsikring,Skadeforsikring i alt,2008,1,3,Alm. Brand,1155929.0,11566485.0,0.0999377944120448,9.99377944120448,Bruttopræmieindtægter,t.DKK,F&P,reported,kvartalsvise-markedsandele-1-2026.xlsx,Skadeforsikring i alt,726
Forsikring,Skadeforsikring i alt,2008,1,3,If,562090.0,11566485.0,0.04859644049164461,4.859644049164461,Bruttopræmieindtægter,t.DKK,F&P,reported,kvartalsvise-markedsandele-1-2026.xlsx,Skadeforsikring i alt,727
Forsikring,Skadeforsikring i alt,2008,1,3,Sygeforsikringen Danmark,560896.0,11566485.0,0.04849321120461402,4.849321120461402,Bruttopræmieindtægter,t.DKK,F&P,reported,kvartalsvise-markedsandele-1-2026.xlsx,Skadeforsikring i alt,728
Forsikring,Skadeforsikring i alt,2008,1,3,Lærerstandens Brandforsikring,428128.0,11566485.0,0.03701452947892121,3.7014529478921214,Bruttopræmieindtægter,t.DKK,F&P,reported,kvartalsvise-markedsandele-1-2026.xlsx,Skadeforsikring i alt,729
Forsikring,Skadeforsikring i alt,2008,1,3,Alka,389424.0,11566485.0,0.033668309776046915,3.3668309776046916,Bruttopræmieindtægter,t.DKK,F&P,reported,kvartalsvise-markedsandele-1-2026.xlsx,Skadeforsikring i alt,730
Forsikring,Skadeforsikring i alt,2008,1,3,Danica,343704.0,11566485.0,0.029715509941006277,2.9715509941006277,Bruttopræmieindtægter,t.DKK,F&P,reported,kvartalsvise-markedsandele-1-2026.xlsx,Skadeforsikring i alt,731
Forsikring,Skadeforsikring i alt,2008,1,3,Nykredit Forsikring,335901.0,11566485.0,0.029040888394356625,2.9040888394356625,Bruttopræmieindtægter,t.DKK,F&P,reported,kvartalsvise-markedsandele-1-2026.xlsx,Skadeforsikring i alt,732
Forsikring,Skadeforsikring i alt,2008,1,3,GF-Forsikring,299950.0,11566485.0,0.025932683957139963,2.5932683957139964,Bruttopræmieindtægter,t.DKK,F&P,reported,kvartalsvise-markedsandele-1-2026.xlsx,Skadeforsikring i alt,733
Forsikring,Skadeforsikring i alt,2008,1,3,Fair Forsikring,297327.0,11566485.0,0.025705908061092027,2.5705908061092027,Bruttopræmieindtægter,t.DKK,F&P,reported,kvartalsvise-markedsandele-1-2026.xlsx,Skadeforsikring i alt,734
Forsikring,Skadeforsikring i alt,2008,1,3,Købstædernes Forsikring,137490.0,11566485.0,0.011886930212592677,1.1886930212592677,Bruttopræmieindtægter,t.DKK,F&P,reported,kvartalsvise-markedsandele-1-2026.xlsx,Skadeforsikring i alt,735
Forsikring,Skadeforsikring i alt,2008,1,3,PFA Pension,97323.0,11566485.0,0.008414224373264651,0.8414224373264652,Bruttopræmieindtægter,t.DKK,F&P,reported,kvartalsvise-markedsandele-1-2026.xlsx,Skadeforsikring i alt,736
Forsikring,Skadeforsikring i alt,2008,1,3,PKA+ Personforsikring,95975.0,11566485.0,0.00829768075608104,0.829768075608104,Bruttopræmieindtægter,t.DKK,F&P,reported,kvartalsvise-markedsandele-1-2026.xlsx,Skadeforsikring i alt,737
Forsikring,Skadeforsikring i alt,2008,1,3,Thisted Forsikring,72252.0,11566485.0,0.006246668715690202,0.6246668715690202,Bruttopræmieindtægter,t.DKK,F&P,reported,kvartalsvise-markedsandele-1-2026.xlsx,Skadeforsikring i alt,738
Forsikring,Skadeforsikring i alt,2008,1,3,Lokal Forsikring,52597.0,11566485.0,0.004547362487393534,0.45473624873935337,Bruttopræmieindtægter,t.DKK,F&P,reported,kvartalsvise-markedsandele-1-2026.xlsx,Skadeforsikring i alt,739
Forsikring,Skadeforsikring i alt,2008,1,3,Himmerland Forsikring,51061.0,11566485.0,0.004414565012620515,0.44145650126205155,Bruttopræmieindtægter,t.DKK,F&P,reported,kvartalsvise-markedsandele-1-2026.xlsx,Skadeforsikring i alt,740
Forsikring,Skadeforsikring i alt,2008,1,3,Sønderjysk Forsikring,49329.0,11566485.0,0.004264822026743648,0.42648220267436476,Bruttopræmieindtægter,t.DKK,F&P,reported,kvartalsvise-markedsandele-1-2026.xlsx,Skadeforsikring i alt,741
Forsikring,Skadeforsikring i alt,2008,1,3,Forsikringsselskabet Nærsikring,45082.0,11566485.0,0.003897640467263823,0.3897640467263823,Bruttopræmieindtægter,t.DKK,F&P,reported,kvartalsvise-markedsandele-1-2026.xlsx,Skadeforsikring i alt,742
Forsikring,Skadeforsikring i alt,2008,1,3,AXA Forsikring,42465.0,11566485.0,0.00367138331135172,0.36713833113517197,Bruttopræmieindtægter,t.DKK,F&P,reported,kvartalsvise-markedsandele-1-2026.xlsx,Skadeforsikring i alt,743
Forsikring,Skadeforsikring i alt,2008,1,3,Popermo Forsikring,39518.0,11566485.0,0.0034165954479688514,0.34165954479688515,Bruttopræmieindtægter,t.DKK,F&P,reported,kvartalsvise-markedsandele-1-2026.xlsx,Skadeforsikring i alt,744
Forsikring,Skadeforsikring i alt,2008,1,3,Vestjylland Forsikring,38074.0,11566485.0,0.0032917519886119253,0.3291751988611925,Bruttopræmieindtægter,t.DKK,F&P,reported,kvartalsvise-markedsandele-1-2026.xlsx,Skadeforsikring i alt,745
Forsikring,Skadeforsikring i alt,2008,1,3,Gartnernes Forsikring,37060.0,11566485.0,0.0032040849056562994,0.3204084905656299,Bruttopræmieindtægter,t.DKK,F&P,reported,kvartalsvise-markedsandele-1-2026.xlsx,Skadeforsikring i alt,746
Forsikring,Skadeforsikring i alt,2008,1,3,Skandia,32100.0,11566485.0,0.002775259726701759,0.2775259726701759,Bruttopræmieindtægter,t.DKK,F&P,reported,kvartalsvise-markedsandele-1-2026.xlsx,Skadeforsikring i alt,747
Forsikring,Skadeforsikring i alt,2008,1,3,Aros Forsikring,31317.0,11566485.0,0.00270756413897567,0.270756413897567,Bruttopræmieindtægter,t.DKK,F&P,reported,kvartalsvise-markedsandele-1-2026.xlsx,Skadeforsikring i alt,748
Forsikring,Skadeforsikring i alt,2008,1,3,PenSam Forsikring,30815.0,11566485.0,0.0026641628809443833,0.26641628809443835,Bruttopræmieindtægter,t.DKK,F&P,reported,kvartalsvise-markedsandele-1-2026.xlsx,Skadeforsikring i alt,749
Forsikring,Skadeforsikring i alt,2008,1,3,Forsikringsselskabet TRAFIK,30710.0,11566485.0,0.002655084928567322,0.26550849285673217,Bruttopræmieindtægter,t.DKK,F&P,reported,kvartalsvise-markedsandele-1-2026.xlsx,Skadeforsikring i alt,750
Forsikring,Skadeforsikring i alt,2008,1,3,Bornholms Brandforsikring,23548.0,11566485.0,0.0020358821197624,0.20358821197623997,Bruttopræmieindtægter,t.DKK,F&P,reported,kvartalsvise-markedsandele-1-2026.xlsx,Skadeforsikring i alt,751
Forsikring,Skadeforsikring i alt,2008,1,3,HDI-Gerling Forsikring,23235.0,11566485.0,0.002008821176009825,0.20088211760098248,Bruttopræmieindtægter,t.DKK,F&P,reported,kvartalsvise-markedsandele-1-2026.xlsx,Skadeforsikring i alt,752
Forsikring,Skadeforsikring i alt,2008,1,3,DiBa Forsikring,17701.0,11566485.0,0.0015303698573940138,0.1530369857394014,Bruttopræmieindtægter,t.DKK,F&P,reported,kvartalsvise-markedsandele-1-2026.xlsx,Skadeforsikring i alt,753
Forsikring,Skadeforsikring i alt,2008,1,3,Forsikring Fyn,17370.0,11566485.0,0.0015017526932339428,0.15017526932339428,Bruttopræmieindtægter,t.DKK,F&P,reported,kvartalsvise-markedsandele-1-2026.xlsx,Skadeforsikring i alt,754
Forsikring,Skadeforsikring i alt,2008,1,3,Midtjysk Forsikring,13601.0,11566485.0,0.0011758974312420757,0.11758974312420757,Bruttopræmieindtægter,t.DKK,F&P,reported,kvartalsvise-markedsandele-1-2026.xlsx,Skadeforsikring i alt,755
Forsikring,Skadeforsikring i alt,2008,1,3,HF Forsikring,13445.0,11566485.0,0.001162410187710441,0.11624101877104409,Bruttopræmieindtægter,t.DKK,F&P,reported,kvartalsvise-markedsandele-1-2026.xlsx,Skadeforsikring i alt,756
Forsikring,Skadeforsikring i alt,2008,1,3,PensionDanmark,10765.0,11566485.0,0.0009307062603721009,0.0930706260372101,Bruttopræmieindtægter,t.DKK,F&P,reported,kvartalsvise-markedsandele-1-2026.xlsx,Skadeforsikring i alt,757
Forsikring,Skadeforsikring i alt,2008,1,3,Forsikringsselskabet Vendsyssel,8722.0,11566485.0,0.0007540752441212693,0.07540752441212693,Bruttopræmieindtægter,t.DKK,F&P,reported,kvartalsvise-markedsandele-1-2026.xlsx,Skadeforsikring i alt,758
Forsikring,Skadeforsikring i alt,2008,1,3,Søassurancen Ærø,6343.0,11566485.0,0.0005483947802638399,0.05483947802638399,Bruttopræmieindtægter,t.DKK,F&P,reported,kvartalsvise-markedsandele-1-2026.xlsx,Skadeforsikring i alt,759
Forsikring,Skadeforsikring i alt,2008,1,3,Ulykkesforsikringsforbundet for dansk Fiskeri,5967.0,11566485.0,0.000515887065085028,0.0515887065085028,Bruttopræmieindtægter,t.DKK,F&P,reported,kvartalsvise-markedsandele-1-2026.xlsx,Skadeforsikring i alt,760
Forsikring,Skadeforsikring i alt,2008,1,3,Dansk Boligforsikring,5361.0,11566485.0,0.0004634943113659854,0.04634943113659854,Bruttopræmieindtægter,t.DKK,F&P,reported,kvartalsvise-markedsandele-1-2026.xlsx,Skadeforsikring i alt,761
Forsikring,Skadeforsikring i alt,2008,1,3,Morsø Forsikring,3762.0,11566485.0,0.00032525006516672956,0.03252500651667296,Bruttopræmieindtægter,t.DKK,F&P,reported,kvartalsvise-markedsandele-1-2026.xlsx,Skadeforsikring i alt,762
Forsikring,Skadeforsikring i alt,2008,1,3,Dansk Musiker Forbund Forsikring,1736.0,11566485.0,0.00015008881263408892,0.015008881263408892,Bruttopræmieindtægter,t.DKK,F&P,reported,kvartalsvise-markedsandele-1-2026.xlsx,Skadeforsikring i alt,763
Forsikring,Skadeforsikring i alt,2008,1,3,Forsikringsselskabet af 1. juni 2007,1619.0,11566485.0,0.0001399733799853629,0.013997337998536289,Bruttopræmieindtægter,t.DKK,F&P,reported,kvartalsvise-markedsandele-1-2026.xlsx,Skadeforsikring i alt,764
Forsikring,Skadeforsikring i alt,2008,1,3,Hamburg-Mannheimer,1388.0,11566485.0,0.00012000188475582686,0.012000188475582686,Bruttopræmieindtægter,t.DKK,F&P,reported,kvartalsvise-markedsandele-1-2026.xlsx,Skadeforsikring i alt,765
Forsikring,Skadeforsikring i alt,2008,2,6,Tryg,4727779.0,23254984.0,0.20330175243294082,20.330175243294082,Bruttopræmieindtægter,t.DKK,F&P,reported,kvartalsvise-markedsandele-1-2026.xlsx,Skadeforsikring i alt,723
Forsikring,Skadeforsikring i alt,2008,2,6,Topdanmark,4490000.0,23254984.0,0.19307689052806917,19.307689052806918,Bruttopræmieindtægter,t.DKK,F&P,reported,kvartalsvise-markedsandele-1-2026.xlsx,Skadeforsikring i alt,724
Forsikring,Skadeforsikring i alt,2008,2,6,Codan,3177317.0,23254984.0,0.13662950703384702,13.662950703384702,Bruttopræmieindtægter,t.DKK,F&P,reported,kvartalsvise-markedsandele-1-2026.xlsx,Skadeforsikring i alt,725
Forsikring,Skadeforsikring i alt,2008,2,6,Alm. Brand,2348876.0,23254984.0,0.10100527267617126,10.100527267617126,Bruttopræmieindtægter,t.DKK,F&P,reported,kvartalsvise-markedsandele-1-2026.xlsx,Skadeforsikring i alt,726
Forsikring,Skadeforsikring i alt,2008,2,6,If,1129533.0,23254984.0,0.04857165242513175,4.857165242513175,Bruttopræmieindtægter,t.DKK,F&P,reported,kvartalsvise-markedsandele-1-2026.xlsx,Skadeforsikring i alt,727
Forsikring,Skadeforsikring i alt,2008,2,6,Sygeforsikringen Danmark,1118113.0,23254984.0,0.04808057489955701,4.808057489955702,Bruttopræmieindtægter,t.DKK,F&P,reported,kvartalsvise-markedsandele-1-2026.xlsx,Skadeforsikring i alt,728
Forsikring,Skadeforsikring i alt,2008,2,6,Lærerstandens Brandforsikring,805530.0,23254984.0,0.03463902619756694,3.463902619756694,Bruttopræmieindtægter,t.DKK,F&P,reported,kvartalsvise-markedsandele-1-2026.xlsx,Skadeforsikring i alt,729
Forsikring,Skadeforsikring i alt,2008,2,6,Alka,784505.0,23254984.0,0.03373491893178684,3.373491893178684,Bruttopræmieindtægter,t.DKK,F&P,reported,kvartalsvise-markedsandele-1-2026.xlsx,Skadeforsikring i alt,730
Forsikring,Skadeforsikring i alt,2008,2,6,Danica,693294.0,23254984.0,0.02981270595585015,2.981270595585015,Bruttopræmieindtægter,t.DKK,F&P,reported,kvartalsvise-markedsandele-1-2026.xlsx,Skadeforsikring i alt,731
Forsikring,Skadeforsikring i alt,2008,2,6,Nykredit Forsikring,675292.0,23254984.0,0.029038592329283047,2.903859232928305,Bruttopræmieindtægter,t.DKK,F&P,reported,kvartalsvise-markedsandele-1-2026.xlsx,Skadeforsikring i alt,732
Forsikring,Skadeforsikring i alt,2008,2,6,GF-Forsikring,617993.0,23254984.0,0.026574647396016268,2.6574647396016267,Bruttopræmieindtægter,t.DKK,F&P,reported,kvartalsvise-markedsandele-1-2026.xlsx,Skadeforsikring i alt,733
Forsikring,Skadeforsikring i alt,2008,2,6,Fair Forsikring,602940.0,23254984.0,0.02592734529509889,2.592734529509889,Bruttopræmieindtægter,t.DKK,F&P,reported,kvartalsvise-markedsandele-1-2026.xlsx,Skadeforsikring i alt,734
Forsikring,Skadeforsikring i alt,2008,2,6,Købstædernes Forsikring,274777.0,23254984.0,0.011815832683436807,1.1815832683436807,Bruttopræmieindtægter,t.DKK,F&P,reported,kvartalsvise-markedsandele-1-2026.xlsx,Skadeforsikring i alt,735
Forsikring,Skadeforsikring i alt,2008,2,6,PFA Pension,244311.0,23254984.0,0.010505747929132093,1.0505747929132094,Bruttopræmieindtægter,t.DKK,F&P,reported,kvartalsvise-markedsandele-1-2026.xlsx,Skadeforsikring i alt,736
Forsikring,Skadeforsikring i alt,2008,2,6,PKA+ Personforsikring,191410.0,23254984.0,0.00823092374520662,0.823092374520662,Bruttopræmieindtægter,t.DKK,F&P,reported,kvartalsvise-markedsandele-1-2026.xlsx,Skadeforsikring i alt,737
Forsikring,Skadeforsikring i alt,2008,2,6,Thisted Forsikring,144774.0,23254984.0,0.006225504175793027,0.6225504175793026,Bruttopræmieindtægter,t.DKK,F&P,reported,kvartalsvise-markedsandele-1-2026.xlsx,Skadeforsikring i alt,738
Forsikring,Skadeforsikring i alt,2008,2,6,Lokal Forsikring,84886.0,23254984.0,0.003650228269346476,0.3650228269346476,Bruttopræmieindtægter,t.DKK,F&P,reported,kvartalsvise-markedsandele-1-2026.xlsx,Skadeforsikring i alt,739
Forsikring,Skadeforsikring i alt,2008,2,6,Himmerland Forsikring,161885.0,23254984.0,0.006961303434996988,0.6961303434996988,Bruttopræmieindtægter,t.DKK,F&P,reported,kvartalsvise-markedsandele-1-2026.xlsx,Skadeforsikring i alt,740
Forsikring,Skadeforsikring i alt,2008,2,6,Sønderjysk Forsikring,98269.0,23254984.0,0.004225717807417111,0.4225717807417111,Bruttopræmieindtægter,t.DKK,F&P,reported,kvartalsvise-markedsandele-1-2026.xlsx,Skadeforsikring i alt,741
Forsikring,Skadeforsikring i alt,2008,2,6,Forsikringsselskabet Nærsikring,91781.0,23254984.0,0.003946723850680783,0.3946723850680783,Bruttopræmieindtægter,t.DKK,F&P,reported,kvartalsvise-markedsandele-1-2026.xlsx,Skadeforsikring i alt,742
Forsikring,Skadeforsikring i alt,2008,2,6,AXA Forsikring,51413.0,23254984.0,0.002210837900382989,0.2210837900382989,Bruttopræmieindtægter,t.DKK,F&P,reported,kvartalsvise-markedsandele-1-2026.xlsx,Skadeforsikring i alt,743
Forsikring,Skadeforsikring i alt,2008,2,6,Popermo Forsikring,80907.0,23254984.0,0.0034791251630188176,0.34791251630188175,Bruttopræmieindtægter,t.DKK,F&P,reported,kvartalsvise-markedsandele-1-2026.xlsx,Skadeforsikring i alt,744
Forsikring,Skadeforsikring i alt,2008,2,6,Vestjylland Forsikring,75648.0,23254984.0,0.0032529800923535358,0.32529800923535357,Bruttopræmieindtægter,t.DKK,F&P,reported,kvartalsvise-markedsandele-1-2026.xlsx,Skadeforsikring i alt,745
Forsikring,Skadeforsikring i alt,2008,2,6,Gartnernes Forsikring,66499.0,23254984.0,0.002859559051943446,0.2859559051943446,Bruttopræmieindtægter,t.DKK,F&P,reported,kvartalsvise-markedsandele-1-2026.xlsx,Skadeforsikring i alt,746
Forsikring,Skadeforsikring i alt,2008,2,6,Skandia,63024.0,23254984.0,0.002710128719073726,0.2710128719073726,Bruttopræmieindtægter,t.DKK,F&P,reported,kvartalsvise-markedsandele-1-2026.xlsx,Skadeforsikring i alt,747
Forsikring,Skadeforsikring i alt,2008,2,6,Aros Forsikring,62959.0,23254984.0,0.0027073336193222065,0.27073336193222064,Bruttopræmieindtægter,t.DKK,F&P,reported,kvartalsvise-markedsandele-1-2026.xlsx,Skadeforsikring i alt,748
Forsikring,Skadeforsikring i alt,2008,2,6,PenSam Forsikring,54824.0,23254984.0,0.002357516135035827,0.23575161350358273,Bruttopræmieindtægter,t.DKK,F&P,reported,kvartalsvise-markedsandele-1-2026.xlsx,Skadeforsikring i alt,749
Forsikring,Skadeforsikring i alt,2008,2,6,Forsikringsselskabet TRAFIK,49967.0,23254984.0,0.00214865768129533,0.214865768129533,Bruttopræmieindtægter,t.DKK,F&P,reported,kvartalsvise-markedsandele-1-2026.xlsx,Skadeforsikring i alt,750
Forsikring,Skadeforsikring i alt,2008,2,6,Bornholms Brandforsikring,46694.0,23254984.0,0.002007913658422642,0.2007913658422642,Bruttopræmieindtægter,t.DKK,F&P,reported,kvartalsvise-markedsandele-1-2026.xlsx,Skadeforsikring i alt,751
Forsikring,Skadeforsikring i alt,2008,2,6,HDI-Gerling Forsikring,33275.0,23254984.0,0.0014308760651050114,0.14308760651050115,Bruttopræmieindtægter,t.DKK,F&P,reported,kvartalsvise-markedsandele-1-2026.xlsx,Skadeforsikring i alt,752
Forsikring,Skadeforsikring i alt,2008,2,6,DiBa Forsikring,36545.0,23254984.0,0.0015714910833737835,0.15714910833737836,Bruttopræmieindtægter,t.DKK,F&P,reported,kvartalsvise-markedsandele-1-2026.xlsx,Skadeforsikring i alt,753
Forsikring,Skadeforsikring i alt,2008,2,6,Forsikring Fyn,29106.0,23254984.0,0.0012516026671959867,0.12516026671959868,Bruttopræmieindtægter,t.DKK,F&P,reported,kvartalsvise-markedsandele-1-2026.xlsx,Skadeforsikring i alt,754
Forsikring,Skadeforsikring i alt,2008,2,6,Midtjysk Forsikring,27348.0,23254984.0,0.0011760059693010324,0.11760059693010323,Bruttopræmieindtægter,t.DKK,F&P,reported,kvartalsvise-markedsandele-1-2026.xlsx,Skadeforsikring i alt,755
Forsikring,Skadeforsikring i alt,2008,2,6,HF Forsikring,26827.0,23254984.0,0.0011536021697542342,0.11536021697542342,Bruttopræmieindtægter,t.DKK,F&P,reported,kvartalsvise-markedsandele-1-2026.xlsx,Skadeforsikring i alt,756
Forsikring,Skadeforsikring i alt,2008,2,6,PensionDanmark,20007.0,23254984.0,0.0008603317035178351,0.08603317035178351,Bruttopræmieindtægter,t.DKK,F&P,reported,kvartalsvise-markedsandele-1-2026.xlsx,Skadeforsikring i alt,757
Forsikring,Skadeforsikring i alt,2008,2,6,Forsikringsselskabet Vendsyssel,17440.0,23254984.0,0.0007499467641001172,0.07499467641001172,Bruttopræmieindtægter,t.DKK,F&P,reported,kvartalsvise-markedsandele-1-2026.xlsx,Skadeforsikring i alt,758
Forsikring,Skadeforsikring i alt,2008,2,6,Søassurancen Ærø,12309.0,23254984.0,0.0005293058898685976,0.05293058898685976,Bruttopræmieindtægter,t.DKK,F&P,reported,kvartalsvise-markedsandele-1-2026.xlsx,Skadeforsikring i alt,759
Forsikring,Skadeforsikring i alt,2008,2,6,Ulykkesforsikringsforbundet for dansk Fiskeri,11330.0,23254984.0,0.00048720738745724356,0.04872073874572436,Bruttopræmieindtægter,t.DKK,F&P,reported,kvartalsvise-markedsandele-1-2026.xlsx,Skadeforsikring i alt,760
Forsikring,Skadeforsikring i alt,2008,2,6,Dansk Boligforsikring,12467.0,23254984.0,0.000536100132341523,0.0536100132341523,Bruttopræmieindtægter,t.DKK,F&P,reported,kvartalsvise-markedsandele-1-2026.xlsx,Skadeforsikring i alt,761
Forsikring,Skadeforsikring i alt,2008,2,6,Morsø Forsikring,3821.0,23254984.0,0.00016430886385473324,0.016430886385473326,Bruttopræmieindtægter,t.DKK,F&P,reported,kvartalsvise-markedsandele-1-2026.xlsx,Skadeforsikring i alt,762
Forsikring,Skadeforsikring i alt,2008,2,6,Dansk Musiker Forbund Forsikring,3410.0,23254984.0,0.00014663523311819952,0.014663523311819951,Bruttopræmieindtægter,t.DKK,F&P,reported,kvartalsvise-markedsandele-1-2026.xlsx,Skadeforsikring i alt,763
Forsikring,Skadeforsikring i alt,2008,2,6,Forsikringsselskabet af 1. juni 2007,3277.0,23254984.0,0.00014091602901124335,0.014091602901124335,Bruttopræmieindtægter,t.DKK,F&P,reported,kvartalsvise-markedsandele-1-2026.xlsx,Skadeforsikring i alt,764
Forsikring,Skadeforsikring i alt,2008,2,6,Hamburg-Mannheimer,2622.0,23254984.0,0.00011275002382285019,0.011275002382285019,Bruttopræmieindtægter,t.DKK,F&P,reported,kvartalsvise-markedsandele-1-2026.xlsx,Skadeforsikring i alt,765
Forsikring,Skadeforsikring i alt,2008,3,9,Tryg,7133129.0,35211315.0,0.20258059092652464,20.258059092652463,Bruttopræmieindtægter,t.DKK,F&P,reported,kvartalsvise-markedsandele-1-2026.xlsx,Skadeforsikring i alt,723
Forsikring,Skadeforsikring i alt,2008,3,9,Topdanmark,6751000.0,35211315.0,0.19172814193392096,19.172814193392096,Bruttopræmieindtægter,t.DKK,F&P,reported,kvartalsvise-markedsandele-1-2026.xlsx,Skadeforsikring i alt,724
Forsikring,Skadeforsikring i alt,2008,3,9,Codan,4821724.0,35211315.0,0.13693677728309778,13.693677728309778,Bruttopræmieindtægter,t.DKK,F&P,reported,kvartalsvise-markedsandele-1-2026.xlsx,Skadeforsikring i alt,725
Forsikring,Skadeforsikring i alt,2008,3,9,Alm. Brand,3565409.0,35211315.0,0.10125747930743285,10.125747930743286,Bruttopræmieindtægter,t.DKK,F&P,reported,kvartalsvise-markedsandele-1-2026.xlsx,Skadeforsikring i alt,726
Forsikring,Skadeforsikring i alt,2008,3,9,If,1703870.0,35211315.0,0.04838984286727151,4.83898428672715,Bruttopræmieindtægter,t.DKK,F&P,reported,kvartalsvise-markedsandele-1-2026.xlsx,Skadeforsikring i alt,727
Forsikring,Skadeforsikring i alt,2008,3,9,Sygeforsikringen Danmark,1680822.0,35211315.0,0.04773528054831238,4.773528054831238,Bruttopræmieindtægter,t.DKK,F&P,reported,kvartalsvise-markedsandele-1-2026.xlsx,Skadeforsikring i alt,728
Forsikring,Skadeforsikring i alt,2008,3,9,Lærerstandens Brandforsikring,1247334.0,35211315.0,0.03542423791897576,3.5424237918975763,Bruttopræmieindtægter,t.DKK,F&P,reported,kvartalsvise-markedsandele-1-2026.xlsx,Skadeforsikring i alt,729
Forsikring,Skadeforsikring i alt,2008,3,9,Alka,1185158.0,35211315.0,0.03365844189573721,3.3658441895737212,Bruttopræmieindtægter,t.DKK,F&P,reported,kvartalsvise-markedsandele-1-2026.xlsx,Skadeforsikring i alt,730
Forsikring,Skadeforsikring i alt,2008,3,9,Danica,1077980.0,35211315.0,0.03061459079276079,3.061459079276079,Bruttopræmieindtægter,t.DKK,F&P,reported,kvartalsvise-markedsandele-1-2026.xlsx,Skadeforsikring i alt,731
Forsikring,Skadeforsikring i alt,2008,3,9,Nykredit Forsikring,1021359.0,35211315.0,0.029006556557174875,2.9006556557174874,Bruttopræmieindtægter,t.DKK,F&P,reported,kvartalsvise-markedsandele-1-2026.xlsx,Skadeforsikring i alt,732
Forsikring,Skadeforsikring i alt,2008,3,9,GF-Forsikring,946075.0,35211315.0,0.0268684938350073,2.68684938350073,Bruttopræmieindtægter,t.DKK,F&P,reported,kvartalsvise-markedsandele-1-2026.xlsx,Skadeforsikring i alt,733
Forsikring,Skadeforsikring i alt,2008,3,9,Fair Forsikring,926282.0,35211315.0,0.02630637339162141,2.630637339162141,Bruttopræmieindtægter,t.DKK,F&P,reported,kvartalsvise-markedsandele-1-2026.xlsx,Skadeforsikring i alt,734
Forsikring,Skadeforsikring i alt,2008,3,9,Købstædernes Forsikring,412061.0,35211315.0,0.01170251664841259,1.170251664841259,Bruttopræmieindtægter,t.DKK,F&P,reported,kvartalsvise-markedsandele-1-2026.xlsx,Skadeforsikring i alt,735
Forsikring,Skadeforsikring i alt,2008,3,9,PFA Pension,370994.0,35211315.0,0.010536215418254048,1.0536215418254047,Bruttopræmieindtægter,t.DKK,F&P,reported,kvartalsvise-markedsandele-1-2026.xlsx,Skadeforsikring i alt,736
Forsikring,Skadeforsikring i alt,2008,3,9,PKA+ Personforsikring,286669.0,35211315.0,0.008141388641690889,0.8141388641690889,Bruttopræmieindtægter,t.DKK,F&P,reported,kvartalsvise-markedsandele-1-2026.xlsx,Skadeforsikring i alt,737
Forsikring,Skadeforsikring i alt,2008,3,9,Thisted Forsikring,221040.0,35211315.0,0.006277527550447917,0.6277527550447917,Bruttopræmieindtægter,t.DKK,F&P,reported,kvartalsvise-markedsandele-1-2026.xlsx,Skadeforsikring i alt,738
Forsikring,Skadeforsikring i alt,2008,3,9,Lokal Forsikring,132437.0,35211315.0,0.0037612057374170776,0.37612057374170776,Bruttopræmieindtægter,t.DKK,F&P,reported,kvartalsvise-markedsandele-1-2026.xlsx,Skadeforsikring i alt,739
Forsikring,Skadeforsikring i alt,2008,3,9,Himmerland Forsikring,246048.0,35211315.0,0.0069877537944833925,0.6987753794483392,Bruttopræmieindtægter,t.DKK,F&P,reported,kvartalsvise-markedsandele-1-2026.xlsx,Skadeforsikring i alt,740
Forsikring,Skadeforsikring i alt,2008,3,9,Sønderjysk Forsikring,148031.0,35211315.0,0.004204074741315398,0.42040747413153984,Bruttopræmieindtægter,t.DKK,F&P,reported,kvartalsvise-markedsandele-1-2026.xlsx,Skadeforsikring i alt,741
Forsikring,Skadeforsikring i alt,2008,3,9,Forsikringsselskabet Nærsikring,138166.0,35211315.0,0.003923909118418327,0.3923909118418327,Bruttopræmieindtægter,t.DKK,F&P,reported,kvartalsvise-markedsandele-1-2026.xlsx,Skadeforsikring i alt,742
Forsikring,Skadeforsikring i alt,2008,3,9,AXA Forsikring,70678.0,35211315.0,0.0020072524982381375,0.20072524982381376,Bruttopræmieindtægter,t.DKK,F&P,reported,kvartalsvise-markedsandele-1-2026.xlsx,Skadeforsikring i alt,743
Forsikring,Skadeforsikring i alt,2008,3,9,Popermo Forsikring,122818.0,35211315.0,0.0034880265051163237,0.3488026505116324,Bruttopræmieindtægter,t.DKK,F&P,reported,kvartalsvise-markedsandele-1-2026.xlsx,Skadeforsikring i alt,744
Forsikring,Skadeforsikring i alt,2008,3,9,Vestjylland Forsikring,113661.0,35211315.0,0.0032279680551549977,0.3227968055154998,Bruttopræmieindtægter,t.DKK,F&P,reported,kvartalsvise-markedsandele-1-2026.xlsx,Skadeforsikring i alt,745
Forsikring,Skadeforsikring i alt,2008,3,9,Gartnernes Forsikring,100765.0,35211315.0,0.002861722148121989,0.2861722148121989,Bruttopræmieindtægter,t.DKK,F&P,reported,kvartalsvise-markedsandele-1-2026.xlsx,Skadeforsikring i alt,746
Forsikring,Skadeforsikring i alt,2008,3,9,Skandia,98327.0,35211315.0,0.0027924830413178264,0.27924830413178264,Bruttopræmieindtægter,t.DKK,F&P,reported,kvartalsvise-markedsandele-1-2026.xlsx,Skadeforsikring i alt,747
Forsikring,Skadeforsikring i alt,2008,3,9,Aros Forsikring,95190.0,35211315.0,0.0027033923612338816,0.27033923612338817,Bruttopræmieindtægter,t.DKK,F&P,reported,kvartalsvise-markedsandele-1-2026.xlsx,Skadeforsikring i alt,748
Forsikring,Skadeforsikring i alt,2008,3,9,PenSam Forsikring,85434.0,35211315.0,0.002426322334170138,0.24263223341701382,Bruttopræmieindtægter,t.DKK,F&P,reported,kvartalsvise-markedsandele-1-2026.xlsx,Skadeforsikring i alt,749
Forsikring,Skadeforsikring i alt,2008,3,9,Forsikringsselskabet TRAFIK,74931.0,35211315.0,0.002128037535661477,0.21280375356614772,Bruttopræmieindtægter,t.DKK,F&P,reported,kvartalsvise-markedsandele-1-2026.xlsx,Skadeforsikring i alt,750
Forsikring,Skadeforsikring i alt,2008,3,9,Bornholms Brandforsikring,70138.0,35211315.0,0.0019919165188803656,0.19919165188803656,Bruttopræmieindtægter,t.DKK,F&P,reported,kvartalsvise-markedsandele-1-2026.xlsx,Skadeforsikring i alt,751
Forsikring,Skadeforsikring i alt,2008,3,9,HDI-Gerling Forsikring,38567.0,35211315.0,0.0010953013257244157,0.10953013257244157,Bruttopræmieindtægter,t.DKK,F&P,reported,kvartalsvise-markedsandele-1-2026.xlsx,Skadeforsikring i alt,752
Forsikring,Skadeforsikring i alt,2008,3,9,DiBa Forsikring,56135.0,35211315.0,0.0015942318541639243,0.15942318541639242,Bruttopræmieindtægter,t.DKK,F&P,reported,kvartalsvise-markedsandele-1-2026.xlsx,Skadeforsikring i alt,753
Forsikring,Skadeforsikring i alt,2008,3,9,Forsikring Fyn,52750.0,35211315.0,0.001498097983560114,0.1498097983560114,Bruttopræmieindtægter,t.DKK,F&P,reported,kvartalsvise-markedsandele-1-2026.xlsx,Skadeforsikring i alt,754
Forsikring,Skadeforsikring i alt,2008,3,9,Midtjysk Forsikring,41412.0,35211315.0,0.0011760992169704539,0.11760992169704539,Bruttopræmieindtægter,t.DKK,F&P,reported,kvartalsvise-markedsandele-1-2026.xlsx,Skadeforsikring i alt,755
Forsikring,Skadeforsikring i alt,2008,3,9,HF Forsikring,40160.0,35211315.0,0.0011405424648298424,0.11405424648298423,Bruttopræmieindtægter,t.DKK,F&P,reported,kvartalsvise-markedsandele-1-2026.xlsx,Skadeforsikring i alt,756
Forsikring,Skadeforsikring i alt,2008,3,9,PensionDanmark,34014.0,35211315.0,0.0009659962997689804,0.09659962997689804,Bruttopræmieindtægter,t.DKK,F&P,reported,kvartalsvise-markedsandele-1-2026.xlsx,Skadeforsikring i alt,757
Forsikring,Skadeforsikring i alt,2008,3,9,Forsikringsselskabet Vendsyssel,26317.0,35211315.0,0.0007474017939971852,0.07474017939971853,Bruttopræmieindtægter,t.DKK,F&P,reported,kvartalsvise-markedsandele-1-2026.xlsx,Skadeforsikring i alt,758
Forsikring,Skadeforsikring i alt,2008,3,9,Søassurancen Ærø,19940.0,35211315.0,0.00056629523776661,0.056629523776661,Bruttopræmieindtægter,t.DKK,F&P,reported,kvartalsvise-markedsandele-1-2026.xlsx,Skadeforsikring i alt,759
Forsikring,Skadeforsikring i alt,2008,3,9,Ulykkesforsikringsforbundet for dansk Fiskeri,16797.0,35211315.0,0.00047703415791202345,0.047703415791202346,Bruttopræmieindtægter,t.DKK,F&P,reported,kvartalsvise-markedsandele-1-2026.xlsx,Skadeforsikring i alt,760
Forsikring,Skadeforsikring i alt,2008,3,9,Dansk Boligforsikring,19666.0,35211315.0,0.0005585136482406294,0.05585136482406294,Bruttopræmieindtægter,t.DKK,F&P,reported,kvartalsvise-markedsandele-1-2026.xlsx,Skadeforsikring i alt,761
Forsikring,Skadeforsikring i alt,2008,3,9,Morsø Forsikring,3965.0,35211315.0,0.00011260584843252802,0.011260584843252801,Bruttopræmieindtægter,t.DKK,F&P,reported,kvartalsvise-markedsandele-1-2026.xlsx,Skadeforsikring i alt,762
Forsikring,Skadeforsikring i alt,2008,3,9,Dansk Musiker Forbund Forsikring,5125.0,35211315.0,0.0001455498040899637,0.01455498040899637,Bruttopræmieindtægter,t.DKK,F&P,reported,kvartalsvise-markedsandele-1-2026.xlsx,Skadeforsikring i alt,763
Forsikring,Skadeforsikring i alt,2008,3,9,Forsikringsselskabet af 1. juni 2007,5015.0,35211315.0,0.00014242580829486204,0.014242580829486203,Bruttopræmieindtægter,t.DKK,F&P,reported,kvartalsvise-markedsandele-1-2026.xlsx,Skadeforsikring i alt,764
Forsikring,Skadeforsikring i alt,2008,3,9,Hamburg-Mannheimer,3922.0,35211315.0,0.000111384650076261,0.0111384650076261,Bruttopræmieindtægter,t.DKK,F&P,reported,kvartalsvise-markedsandele-1-2026.xlsx,Skadeforsikring i alt,765
Forsikring,Skadeforsikring i alt,2008,4,12,Tryg,9558576.0,46887965.0,0.20385990306894317,20.385990306894318,Bruttopræmieindtægter,t.DKK,F&P,reported,kvartalsvise-markedsandele-1-2026.xlsx,Skadeforsikring i alt,723
Forsikring,Skadeforsikring i alt,2008,4,12,Topdanmark,8952000.0,46887965.0,0.1909231931904061,19.09231931904061,Bruttopræmieindtægter,t.DKK,F&P,reported,kvartalsvise-markedsandele-1-2026.xlsx,Skadeforsikring i alt,724
Forsikring,Skadeforsikring i alt,2008,4,12,Codan,6424705.0,46887965.0,0.13702247474378554,13.702247474378554,Bruttopræmieindtægter,t.DKK,F&P,reported,kvartalsvise-markedsandele-1-2026.xlsx,Skadeforsikring i alt,725
Forsikring,Skadeforsikring i alt,2008,4,12,Alm. Brand,4768408.0,46887965.0,0.10169790904766288,10.169790904766288,Bruttopræmieindtægter,t.DKK,F&P,reported,kvartalsvise-markedsandele-1-2026.xlsx,Skadeforsikring i alt,726
Forsikring,Skadeforsikring i alt,2008,4,12,If,2293329.0,46887965.0,0.04891082391824853,4.891082391824853,Bruttopræmieindtægter,t.DKK,F&P,reported,kvartalsvise-markedsandele-1-2026.xlsx,Skadeforsikring i alt,727
Forsikring,Skadeforsikring i alt,2008,4,12,Sygeforsikringen Danmark,2246841.0,46887965.0,0.047919354145568055,4.791935414556805,Bruttopræmieindtægter,t.DKK,F&P,reported,kvartalsvise-markedsandele-1-2026.xlsx,Skadeforsikring i alt,728
Forsikring,Skadeforsikring i alt,2008,4,12,Lærerstandens Brandforsikring,1679671.0,46887965.0,0.035823073148941315,3.5823073148941313,Bruttopræmieindtægter,t.DKK,F&P,reported,kvartalsvise-markedsandele-1-2026.xlsx,Skadeforsikring i alt,729
Forsikring,Skadeforsikring i alt,2008,4,12,Alka,1590692.0,46887965.0,0.03392537935907434,3.3925379359074337,Bruttopræmieindtægter,t.DKK,F&P,reported,kvartalsvise-markedsandele-1-2026.xlsx,Skadeforsikring i alt,730
Forsikring,Skadeforsikring i alt,2008,4,12,Danica,1397511.0,46887965.0,0.029805324244718233,2.980532424471823,Bruttopræmieindtægter,t.DKK,F&P,reported,kvartalsvise-markedsandele-1-2026.xlsx,Skadeforsikring i alt,731
Forsikring,Skadeforsikring i alt,2008,4,12,Nykredit Forsikring,1366426.0,46887965.0,0.029142360944860796,2.9142360944860797,Bruttopræmieindtægter,t.DKK,F&P,reported,kvartalsvise-markedsandele-1-2026.xlsx,Skadeforsikring i alt,732
Forsikring,Skadeforsikring i alt,2008,4,12,GF-Forsikring,1274813.0,46887965.0,0.027188490692654287,2.7188490692654286,Bruttopræmieindtægter,t.DKK,F&P,reported,kvartalsvise-markedsandele-1-2026.xlsx,Skadeforsikring i alt,733
Forsikring,Skadeforsikring i alt,2008,4,12,Fair Forsikring,1248941.0,46887965.0,0.02663670730858121,2.6636707308581213,Bruttopræmieindtægter,t.DKK,F&P,reported,kvartalsvise-markedsandele-1-2026.xlsx,Skadeforsikring i alt,734
Forsikring,Skadeforsikring i alt,2008,4,12,Købstædernes Forsikring,547019.0,46887965.0,0.011666511865038288,1.166651186503829,Bruttopræmieindtægter,t.DKK,F&P,reported,kvartalsvise-markedsandele-1-2026.xlsx,Skadeforsikring i alt,735
Forsikring,Skadeforsikring i alt,2008,4,12,PFA Pension,502384.0,46887965.0,0.010714561828392427,1.0714561828392426,Bruttopræmieindtægter,t.DKK,F&P,reported,kvartalsvise-markedsandele-1-2026.xlsx,Skadeforsikring i alt,736
Forsikring,Skadeforsikring i alt,2008,4,12,PKA+ Personforsikring,387003.0,46887965.0,0.008253781114194229,0.8253781114194229,Bruttopræmieindtægter,t.DKK,F&P,reported,kvartalsvise-markedsandele-1-2026.xlsx,Skadeforsikring i alt,737
Forsikring,Skadeforsikring i alt,2008,4,12,Thisted Forsikring,297233.0,46887965.0,0.006339217323677835,0.6339217323677835,Bruttopræmieindtægter,t.DKK,F&P,reported,kvartalsvise-markedsandele-1-2026.xlsx,Skadeforsikring i alt,738
Forsikring,Skadeforsikring i alt,2008,4,12,Lokal Forsikring,181259.0,46887965.0,0.003865789440851186,0.3865789440851186,Bruttopræmieindtægter,t.DKK,F&P,reported,kvartalsvise-markedsandele-1-2026.xlsx,Skadeforsikring i alt,739
Forsikring,Skadeforsikring i alt,2008,4,12,Himmerland Forsikring,207370.0,46887965.0,0.004422670081757654,0.44226700817576536,Bruttopræmieindtægter,t.DKK,F&P,reported,kvartalsvise-markedsandele-1-2026.xlsx,Skadeforsikring i alt,740
Forsikring,Skadeforsikring i alt,2008,4,12,Sønderjysk Forsikring,197052.0,46887965.0,0.0042026136131094625,0.42026136131094627,Bruttopræmieindtægter,t.DKK,F&P,reported,kvartalsvise-markedsandele-1-2026.xlsx,Skadeforsikring i alt,741
Forsikring,Skadeforsikring i alt,2008,4,12,Forsikringsselskabet Nærsikring,185373.0,46887965.0,0.003953530506175732,0.3953530506175732,Bruttopræmieindtægter,t.DKK,F&P,reported,kvartalsvise-markedsandele-1-2026.xlsx,Skadeforsikring i alt,742
Forsikring,Skadeforsikring i alt,2008,4,12,AXA Forsikring,80385.0,46887965.0,0.0017144058182094273,0.17144058182094274,Bruttopræmieindtægter,t.DKK,F&P,reported,kvartalsvise-markedsandele-1-2026.xlsx,Skadeforsikring i alt,743
Forsikring,Skadeforsikring i alt,2008,4,12,Popermo Forsikring,164790.0,46887965.0,0.0035145479229051636,0.35145479229051635,Bruttopræmieindtægter,t.DKK,F&P,reported,kvartalsvise-markedsandele-1-2026.xlsx,Skadeforsikring i alt,744
Forsikring,Skadeforsikring i alt,2008,4,12,Vestjylland Forsikring,148865.0,46887965.0,0.003174908529299576,0.3174908529299576,Bruttopræmieindtægter,t.DKK,F&P,reported,kvartalsvise-markedsandele-1-2026.xlsx,Skadeforsikring i alt,745
Forsikring,Skadeforsikring i alt,2008,4,12,Gartnernes Forsikring,148390.0,46887965.0,0.003164777997936144,0.3164777997936144,Bruttopræmieindtægter,t.DKK,F&P,reported,kvartalsvise-markedsandele-1-2026.xlsx,Skadeforsikring i alt,746
Forsikring,Skadeforsikring i alt,2008,4,12,Skandia,136075.0,46887965.0,0.0029021306426926397,0.29021306426926397,Bruttopræmieindtægter,t.DKK,F&P,reported,kvartalsvise-markedsandele-1-2026.xlsx,Skadeforsikring i alt,747
Forsikring,Skadeforsikring i alt,2008,4,12,Aros Forsikring,127884.0,46887965.0,0.0027274376271181743,0.27274376271181744,Bruttopræmieindtægter,t.DKK,F&P,reported,kvartalsvise-markedsandele-1-2026.xlsx,Skadeforsikring i alt,748
Forsikring,Skadeforsikring i alt,2008,4,12,PenSam Forsikring,114094.0,46887965.0,0.0024333323060619074,0.24333323060619075,Bruttopræmieindtægter,t.DKK,F&P,reported,kvartalsvise-markedsandele-1-2026.xlsx,Skadeforsikring i alt,749
Forsikring,Skadeforsikring i alt,2008,4,12,Forsikringsselskabet TRAFIK,91422.0,46887965.0,0.0019497967122266873,0.19497967122266874,Bruttopræmieindtægter,t.DKK,F&P,reported,kvartalsvise-markedsandele-1-2026.xlsx,Skadeforsikring i alt,750
Forsikring,Skadeforsikring i alt,2008,4,12,Bornholms Brandforsikring,95642.0,46887965.0,0.002039798485602862,0.2039798485602862,Bruttopræmieindtægter,t.DKK,F&P,reported,kvartalsvise-markedsandele-1-2026.xlsx,Skadeforsikring i alt,751
Forsikring,Skadeforsikring i alt,2008,4,12,HDI-Gerling Forsikring,43236.0,46887965.0,0.0009221129558512509,0.09221129558512509,Bruttopræmieindtægter,t.DKK,F&P,reported,kvartalsvise-markedsandele-1-2026.xlsx,Skadeforsikring i alt,752
Forsikring,Skadeforsikring i alt,2008,4,12,DiBa Forsikring,75142.0,46887965.0,0.001602586079391588,0.1602586079391588,Bruttopræmieindtægter,t.DKK,F&P,reported,kvartalsvise-markedsandele-1-2026.xlsx,Skadeforsikring i alt,753
Forsikring,Skadeforsikring i alt,2008,4,12,Forsikring Fyn,70548.0,46887965.0,0.001504607845531364,0.15046078455313638,Bruttopræmieindtægter,t.DKK,F&P,reported,kvartalsvise-markedsandele-1-2026.xlsx,Skadeforsikring i alt,754
Forsikring,Skadeforsikring i alt,2008,4,12,Midtjysk Forsikring,55086.0,46887965.0,0.0011748430540758166,0.11748430540758166,Bruttopræmieindtægter,t.DKK,F&P,reported,kvartalsvise-markedsandele-1-2026.xlsx,Skadeforsikring i alt,755
Forsikring,Skadeforsikring i alt,2008,4,12,HF Forsikring,52858.0,46887965.0,0.0011273255301227085,0.11273255301227085,Bruttopræmieindtægter,t.DKK,F&P,reported,kvartalsvise-markedsandele-1-2026.xlsx,Skadeforsikring i alt,756
Forsikring,Skadeforsikring i alt,2008,4,12,PensionDanmark,46581.0,46887965.0,0.0009934532240842612,0.09934532240842611,Bruttopræmieindtægter,t.DKK,F&P,reported,kvartalsvise-markedsandele-1-2026.xlsx,Skadeforsikring i alt,757
Forsikring,Skadeforsikring i alt,2008,4,12,Forsikringsselskabet Vendsyssel,35325.0,46887965.0,0.0007533916219225978,0.07533916219225978,Bruttopræmieindtægter,t.DKK,F&P,reported,kvartalsvise-markedsandele-1-2026.xlsx,Skadeforsikring i alt,758
Forsikring,Skadeforsikring i alt,2008,4,12,Søassurancen Ærø,25313.0,46887965.0,0.0005398613482159014,0.05398613482159014,Bruttopræmieindtægter,t.DKK,F&P,reported,kvartalsvise-markedsandele-1-2026.xlsx,Skadeforsikring i alt,759
Forsikring,Skadeforsikring i alt,2008,4,12,Ulykkesforsikringsforbundet for dansk Fiskeri,22867.0,46887965.0,0.0004876944435528392,0.04876944435528392,Bruttopræmieindtægter,t.DKK,F&P,reported,kvartalsvise-markedsandele-1-2026.xlsx,Skadeforsikring i alt,760
Forsikring,Skadeforsikring i alt,2008,4,12,Dansk Boligforsikring,23979.0,46887965.0,0.0005114105506604946,0.05114105506604946,Bruttopræmieindtægter,t.DKK,F&P,reported,kvartalsvise-markedsandele-1-2026.xlsx,Skadeforsikring i alt,761
Forsikring,Skadeforsikring i alt,2008,4,12,Morsø Forsikring,3958.0,46887965.0,8.441398555044988e-05,0.008441398555044988,Bruttopræmieindtægter,t.DKK,F&P,reported,kvartalsvise-markedsandele-1-2026.xlsx,Skadeforsikring i alt,762
Forsikring,Skadeforsikring i alt,2008,4,12,Dansk Musiker Forbund Forsikring,6829.0,46887965.0,0.00014564504985447758,0.014564504985447759,Bruttopræmieindtægter,t.DKK,F&P,reported,kvartalsvise-markedsandele-1-2026.xlsx,Skadeforsikring i alt,763
Forsikring,Skadeforsikring i alt,2008,4,12,Forsikringsselskabet af 1. juni 2007,6753.0,46887965.0,0.00014402416483632848,0.014402416483632849,Bruttopræmieindtægter,t.DKK,F&P,reported,kvartalsvise-markedsandele-1-2026.xlsx,Skadeforsikring i alt,764
Forsikring,Skadeforsikring i alt,2008,4,12,Hamburg-Mannheimer,5337.0,46887965.0,0.00011382451765607656,0.011382451765607655,Bruttopræmieindtægter,t.DKK,F&P,reported,kvartalsvise-markedsandele-1-2026.xlsx,Skadeforsikring i alt,765
