ÅR,Måned,regnr,navn,Attribute,Value
2016,12,50018,ULYKKESFORSIKRINGSFORBUNDET FOR DANSK SØFART. GENSIDIGT FORBUND,Bruttoerstatningsprocent (Loss ratio),194.0
2016,12,50018,ULYKKESFORSIKRINGSFORBUNDET FOR DANSK SØFART. GENSIDIGT FORBUND,Bruttoomkostningsprocent (Expense ratio),29.0
2016,12,50018,ULYKKESFORSIKRINGSFORBUNDET FOR DANSK SØFART. GENSIDIGT FORBUND,Combined ratio,225.0
2016,12,50018,ULYKKESFORSIKRINGSFORBUNDET FOR DANSK SØFART. GENSIDIGT FORBUND,Egenkapitalforrentning i pct. (Return on equity),-1.0
2016,12,50018,ULYKKESFORSIKRINGSFORBUNDET FOR DANSK SØFART. GENSIDIGT FORBUND,Operating ratio,225.0
2016,12,50018,ULYKKESFORSIKRINGSFORBUNDET FOR DANSK SØFART. GENSIDIGT FORBUND,Relativt afløbsresultat,3.0
2016,12,50043,Forsikrings-Aktieselskabet ALKA,Bruttoerstatningsprocent (Loss ratio),71.0
2016,12,50043,Forsikrings-Aktieselskabet ALKA,Bruttoomkostningsprocent (Expense ratio),18.0
2016,12,50043,Forsikrings-Aktieselskabet ALKA,Combined ratio,91.0
2016,12,50043,Forsikrings-Aktieselskabet ALKA,Egenkapitalforrentning i pct. (Return on equity),9.0
2016,12,50043,Forsikrings-Aktieselskabet ALKA,Operating ratio,91.0
2016,12,50043,Forsikrings-Aktieselskabet ALKA,Relativt afløbsresultat,7.0
2016,12,50052,NEM Forsikring A/S,Bruttoerstatningsprocent (Loss ratio),69.0
2016,12,50052,NEM Forsikring A/S,Bruttoomkostningsprocent (Expense ratio),27.0
2016,12,50052,NEM Forsikring A/S,Combined ratio,102.0
2016,12,50052,NEM Forsikring A/S,Egenkapitalforrentning i pct. (Return on equity),15.0
2016,12,50052,NEM Forsikring A/S,Operating ratio,102.0
2016,12,50052,NEM Forsikring A/S,Relativt afløbsresultat,12.0
2016,12,50074,ULFBORG-HIND HERREDS BRANDASSURANCESELSKAB FOR LØSØRE. GENSIDIG,Bruttoerstatningsprocent (Loss ratio),20.0
2016,12,50074,ULFBORG-HIND HERREDS BRANDASSURANCESELSKAB FOR LØSØRE. GENSIDIG,Bruttoomkostningsprocent (Expense ratio),177.0
2016,12,50074,ULFBORG-HIND HERREDS BRANDASSURANCESELSKAB FOR LØSØRE. GENSIDIG,Combined ratio,236.0
2016,12,50074,ULFBORG-HIND HERREDS BRANDASSURANCESELSKAB FOR LØSØRE. GENSIDIG,Egenkapitalforrentning i pct. (Return on equity),1.0
2016,12,50074,ULFBORG-HIND HERREDS BRANDASSURANCESELSKAB FOR LØSØRE. GENSIDIG,Operating ratio,236.0
2016,12,50074,ULFBORG-HIND HERREDS BRANDASSURANCESELSKAB FOR LØSØRE. GENSIDIG,Relativt afløbsresultat,6.0
2016,12,50099,Lokal Forsikring G/S,Bruttoerstatningsprocent (Loss ratio),64.0
2016,12,50099,Lokal Forsikring G/S,Bruttoomkostningsprocent (Expense ratio),24.0
2016,12,50099,Lokal Forsikring G/S,Combined ratio,96.0
2016,12,50099,Lokal Forsikring G/S,Egenkapitalforrentning i pct. (Return on equity),12.0
2016,12,50099,Lokal Forsikring G/S,Operating ratio,96.0
2016,12,50099,Lokal Forsikring G/S,Relativt afløbsresultat,14.0
2016,12,50102,VESTJYLLAND FORSIKRING GS.,Bruttoerstatningsprocent (Loss ratio),63.0
2016,12,50102,VESTJYLLAND FORSIKRING GS.,Bruttoomkostningsprocent (Expense ratio),18.0
2016,12,50102,VESTJYLLAND FORSIKRING GS.,Combined ratio,87.0
2016,12,50102,VESTJYLLAND FORSIKRING GS.,Egenkapitalforrentning i pct. (Return on equity),13.0
2016,12,50102,VESTJYLLAND FORSIKRING GS.,Operating ratio,87.0
2016,12,50102,VESTJYLLAND FORSIKRING GS.,Relativt afløbsresultat,17.0
2016,12,50134,FORSIKRINGSSELSKABET TRAFIK GENSIDIGT,Bruttoerstatningsprocent (Loss ratio),86.0
2016,12,50134,FORSIKRINGSSELSKABET TRAFIK GENSIDIGT,Bruttoomkostningsprocent (Expense ratio),16.0
2016,12,50134,FORSIKRINGSSELSKABET TRAFIK GENSIDIGT,Combined ratio,116.0
2016,12,50134,FORSIKRINGSSELSKABET TRAFIK GENSIDIGT,Egenkapitalforrentning i pct. (Return on equity),0.0
2016,12,50134,FORSIKRINGSSELSKABET TRAFIK GENSIDIGT,Operating ratio,116.0
2016,12,50134,FORSIKRINGSSELSKABET TRAFIK GENSIDIGT,Relativt afløbsresultat,17.0
2016,12,50140,HF-Forsikring G/S,Bruttoerstatningsprocent (Loss ratio),70.0
2016,12,50140,HF-Forsikring G/S,Bruttoomkostningsprocent (Expense ratio),35.0
2016,12,50140,HF-Forsikring G/S,Combined ratio,108.0
2016,12,50140,HF-Forsikring G/S,Egenkapitalforrentning i pct. (Return on equity),3.0
2016,12,50140,HF-Forsikring G/S,Operating ratio,107.0
2016,12,50140,HF-Forsikring G/S,Relativt afløbsresultat,14.0
2016,12,50149,Europæiske Rejseforsikring A/S,Bruttoerstatningsprocent (Loss ratio),52.0
2016,12,50149,Europæiske Rejseforsikring A/S,Bruttoomkostningsprocent (Expense ratio),36.0
2016,12,50149,Europæiske Rejseforsikring A/S,Combined ratio,91.0
2016,12,50149,Europæiske Rejseforsikring A/S,Egenkapitalforrentning i pct. (Return on equity),16.0
2016,12,50149,Europæiske Rejseforsikring A/S,Operating ratio,91.0
2016,12,50149,Europæiske Rejseforsikring A/S,Relativt afløbsresultat,9.0
2016,12,50167,Storstrøms Forsikring G/S,Bruttoerstatningsprocent (Loss ratio),66.0
2016,12,50167,Storstrøms Forsikring G/S,Bruttoomkostningsprocent (Expense ratio),32.0
2016,12,50167,Storstrøms Forsikring G/S,Combined ratio,101.0
2016,12,50167,Storstrøms Forsikring G/S,Egenkapitalforrentning i pct. (Return on equity),4.0
2016,12,50167,Storstrøms Forsikring G/S,Operating ratio,101.0
2016,12,50167,Storstrøms Forsikring G/S,Relativt afløbsresultat,12.0
2016,12,50192,Kongeriget Danmarks Hesteforsikring G/S,Bruttoerstatningsprocent (Loss ratio),78.0
2016,12,50192,Kongeriget Danmarks Hesteforsikring G/S,Bruttoomkostningsprocent (Expense ratio),59.0
2016,12,50192,Kongeriget Danmarks Hesteforsikring G/S,Combined ratio,137.0
2016,12,50192,Kongeriget Danmarks Hesteforsikring G/S,Egenkapitalforrentning i pct. (Return on equity),-5.0
2016,12,50192,Kongeriget Danmarks Hesteforsikring G/S,Operating ratio,137.0
2016,12,50192,Kongeriget Danmarks Hesteforsikring G/S,Relativt afløbsresultat,21.0
2016,12,50230,Forsikringsselskabet VEJLE BRAND af 1841 g/s,Bruttoerstatningsprocent (Loss ratio),64.0
2016,12,50230,Forsikringsselskabet VEJLE BRAND af 1841 g/s,Bruttoomkostningsprocent (Expense ratio),41.0
2016,12,50230,Forsikringsselskabet VEJLE BRAND af 1841 g/s,Combined ratio,108.0
2016,12,50230,Forsikringsselskabet VEJLE BRAND af 1841 g/s,Egenkapitalforrentning i pct. (Return on equity),1.0
2016,12,50230,Forsikringsselskabet VEJLE BRAND af 1841 g/s,Operating ratio,108.0
2016,12,50230,Forsikringsselskabet VEJLE BRAND af 1841 g/s,Relativt afløbsresultat,5.0
2016,12,50234,Landinspektørernes gensidige Erhvervsansvarsforsikring,Bruttoerstatningsprocent (Loss ratio),23.0
2016,12,50234,Landinspektørernes gensidige Erhvervsansvarsforsikring,Bruttoomkostningsprocent (Expense ratio),33.0
2016,12,50234,Landinspektørernes gensidige Erhvervsansvarsforsikring,Combined ratio,94.0
2016,12,50234,Landinspektørernes gensidige Erhvervsansvarsforsikring,Egenkapitalforrentning i pct. (Return on equity),7.0
2016,12,50234,Landinspektørernes gensidige Erhvervsansvarsforsikring,Operating ratio,94.0
2016,12,50234,Landinspektørernes gensidige Erhvervsansvarsforsikring,Relativt afløbsresultat,11.0
2016,12,50240,Sønderjysk Forsikring G/S,Bruttoerstatningsprocent (Loss ratio),64.0
2016,12,50240,Sønderjysk Forsikring G/S,Bruttoomkostningsprocent (Expense ratio),25.0
2016,12,50240,Sønderjysk Forsikring G/S,Combined ratio,95.0
2016,12,50240,Sønderjysk Forsikring G/S,Egenkapitalforrentning i pct. (Return on equity),10.0
2016,12,50240,Sønderjysk Forsikring G/S,Operating ratio,95.0
2016,12,50240,Sønderjysk Forsikring G/S,Relativt afløbsresultat,14.0
2016,12,50253,Aros Forsikring - gensidigt forsikringsselskab,Bruttoerstatningsprocent (Loss ratio),65.0
2016,12,50253,Aros Forsikring - gensidigt forsikringsselskab,Bruttoomkostningsprocent (Expense ratio),28.0
2016,12,50253,Aros Forsikring - gensidigt forsikringsselskab,Combined ratio,98.0
2016,12,50253,Aros Forsikring - gensidigt forsikringsselskab,Egenkapitalforrentning i pct. (Return on equity),6.0
2016,12,50253,Aros Forsikring - gensidigt forsikringsselskab,Operating ratio,99.0
2016,12,50253,Aros Forsikring - gensidigt forsikringsselskab,Relativt afløbsresultat,7.0
2016,12,50257,Dansk Glasforsikring A/S,Bruttoerstatningsprocent (Loss ratio),48.0
2016,12,50257,Dansk Glasforsikring A/S,Bruttoomkostningsprocent (Expense ratio),29.0
2016,12,50257,Dansk Glasforsikring A/S,Combined ratio,77.0
2016,12,50257,Dansk Glasforsikring A/S,Egenkapitalforrentning i pct. (Return on equity),9.0
2016,12,50257,Dansk Glasforsikring A/S,Operating ratio,77.0
2016,12,50257,Dansk Glasforsikring A/S,Relativt afløbsresultat,32.0
2016,12,50295,GARTNERNES FORSIKRING GS. DANSK JORDBRUG,Bruttoerstatningsprocent (Loss ratio),52.0
2016,12,50295,GARTNERNES FORSIKRING GS. DANSK JORDBRUG,Bruttoomkostningsprocent (Expense ratio),24.0
2016,12,50295,GARTNERNES FORSIKRING GS. DANSK JORDBRUG,Combined ratio,87.0
2016,12,50295,GARTNERNES FORSIKRING GS. DANSK JORDBRUG,Egenkapitalforrentning i pct. (Return on equity),13.0
2016,12,50295,GARTNERNES FORSIKRING GS. DANSK JORDBRUG,Operating ratio,87.0
2016,12,50295,GARTNERNES FORSIKRING GS. DANSK JORDBRUG,Relativt afløbsresultat,3.0
2016,12,50421,Det gensidige forsikringsselskab Dansk Plantageforsikring,Bruttoerstatningsprocent (Loss ratio),6.0
2016,12,50421,Det gensidige forsikringsselskab Dansk Plantageforsikring,Bruttoomkostningsprocent (Expense ratio),191.0
2016,12,50421,Det gensidige forsikringsselskab Dansk Plantageforsikring,Combined ratio,197.0
2016,12,50421,Det gensidige forsikringsselskab Dansk Plantageforsikring,Egenkapitalforrentning i pct. (Return on equity),1.0
2016,12,50421,Det gensidige forsikringsselskab Dansk Plantageforsikring,Operating ratio,197.0
2016,12,50421,Det gensidige forsikringsselskab Dansk Plantageforsikring,Relativt afløbsresultat,22.0
2016,12,50447,HIDS HERREDS SAMT GRØNBÆK. HINGE OG VINDERSLEV SOGNES BRANDFORSIKRING FOR RØRLIG EJENDOM - GENSIDIG under frivillig likvidation,Bruttoerstatningsprocent (Loss ratio),14.0
2016,12,50447,HIDS HERREDS SAMT GRØNBÆK. HINGE OG VINDERSLEV SOGNES BRANDFORSIKRING FOR RØRLIG EJENDOM - GENSIDIG under frivillig likvidation,Bruttoomkostningsprocent (Expense ratio),770.0
2016,12,50447,HIDS HERREDS SAMT GRØNBÆK. HINGE OG VINDERSLEV SOGNES BRANDFORSIKRING FOR RØRLIG EJENDOM - GENSIDIG under frivillig likvidation,Combined ratio,810.0
2016,12,50447,HIDS HERREDS SAMT GRØNBÆK. HINGE OG VINDERSLEV SOGNES BRANDFORSIKRING FOR RØRLIG EJENDOM - GENSIDIG under frivillig likvidation,Egenkapitalforrentning i pct. (Return on equity),-4.0
2016,12,50447,HIDS HERREDS SAMT GRØNBÆK. HINGE OG VINDERSLEV SOGNES BRANDFORSIKRING FOR RØRLIG EJENDOM - GENSIDIG under frivillig likvidation,Operating ratio,810.0
2016,12,50447,HIDS HERREDS SAMT GRØNBÆK. HINGE OG VINDERSLEV SOGNES BRANDFORSIKRING FOR RØRLIG EJENDOM - GENSIDIG under frivillig likvidation,Relativt afløbsresultat,0.0
2016,12,50453,NærBrand G/S (Under frivillig likvidation),Bruttoerstatningsprocent (Loss ratio),40.0
2016,12,50453,NærBrand G/S (Under frivillig likvidation),Bruttoomkostningsprocent (Expense ratio),70.0
2016,12,50453,NærBrand G/S (Under frivillig likvidation),Combined ratio,113.0
2016,12,50453,NærBrand G/S (Under frivillig likvidation),Egenkapitalforrentning i pct. (Return on equity),3.0
2016,12,50453,NærBrand G/S (Under frivillig likvidation),Operating ratio,113.0
2016,12,50453,NærBrand G/S (Under frivillig likvidation),Relativt afløbsresultat,-17.0
2016,12,50479,Skibsforsikringen Frederikshavn G/F,Bruttoerstatningsprocent (Loss ratio),47.0
2016,12,50479,Skibsforsikringen Frederikshavn G/F,Bruttoomkostningsprocent (Expense ratio),24.0
2016,12,50479,Skibsforsikringen Frederikshavn G/F,Combined ratio,89.0
2016,12,50479,Skibsforsikringen Frederikshavn G/F,Egenkapitalforrentning i pct. (Return on equity),8.0
2016,12,50479,Skibsforsikringen Frederikshavn G/F,Operating ratio,89.0
2016,12,50479,Skibsforsikringen Frederikshavn G/F,Relativt afløbsresultat,39.0
2016,12,50540,Dansk Jagtforsikring A/S,Bruttoerstatningsprocent (Loss ratio),68.0
2016,12,50540,Dansk Jagtforsikring A/S,Bruttoomkostningsprocent (Expense ratio),44.0
2016,12,50540,Dansk Jagtforsikring A/S,Combined ratio,127.0
2016,12,50540,Dansk Jagtforsikring A/S,Egenkapitalforrentning i pct. (Return on equity),-1.0
2016,12,50540,Dansk Jagtforsikring A/S,Operating ratio,127.0
2016,12,50540,Dansk Jagtforsikring A/S,Relativt afløbsresultat,-66.0
2016,12,50568,Danske Privatbaners Forsikringsforening G/S,Bruttoerstatningsprocent (Loss ratio),8.0
2016,12,50568,Danske Privatbaners Forsikringsforening G/S,Bruttoomkostningsprocent (Expense ratio),15.0
2016,12,50568,Danske Privatbaners Forsikringsforening G/S,Combined ratio,59.0
2016,12,50568,Danske Privatbaners Forsikringsforening G/S,Egenkapitalforrentning i pct. (Return on equity),7.0
2016,12,50568,Danske Privatbaners Forsikringsforening G/S,Operating ratio,59.0
2016,12,50568,Danske Privatbaners Forsikringsforening G/S,Relativt afløbsresultat,0.0
2016,12,50580,Dansk Søforsikring G/S (opløst efter frivillig likvidation),Bruttoerstatningsprocent (Loss ratio),23.0
2016,12,50580,Dansk Søforsikring G/S (opløst efter frivillig likvidation),Bruttoomkostningsprocent (Expense ratio),32.0
2016,12,50580,Dansk Søforsikring G/S (opløst efter frivillig likvidation),Combined ratio,110.0
2016,12,50580,Dansk Søforsikring G/S (opløst efter frivillig likvidation),Egenkapitalforrentning i pct. (Return on equity),-1.0
2016,12,50580,Dansk Søforsikring G/S (opløst efter frivillig likvidation),Operating ratio,100.0
2016,12,50580,Dansk Søforsikring G/S (opløst efter frivillig likvidation),Relativt afløbsresultat,16.0
2016,12,50635,Fiskernes Forsikring G/S,Bruttoerstatningsprocent (Loss ratio),21.0
2016,12,50635,Fiskernes Forsikring G/S,Bruttoomkostningsprocent (Expense ratio),49.0
2016,12,50635,Fiskernes Forsikring G/S,Combined ratio,75.0
2016,12,50635,Fiskernes Forsikring G/S,Egenkapitalforrentning i pct. (Return on equity),3.0
2016,12,50635,Fiskernes Forsikring G/S,Operating ratio,79.0
2016,12,50635,Fiskernes Forsikring G/S,Relativt afløbsresultat,4.0
2016,12,50826,Hvide Sande gensidige Skibsforsikringsforening,Bruttoerstatningsprocent (Loss ratio),75.0
2016,12,50826,Hvide Sande gensidige Skibsforsikringsforening,Bruttoomkostningsprocent (Expense ratio),25.0
2016,12,50826,Hvide Sande gensidige Skibsforsikringsforening,Combined ratio,133.0
2016,12,50826,Hvide Sande gensidige Skibsforsikringsforening,Egenkapitalforrentning i pct. (Return on equity),-3.0
2016,12,50826,Hvide Sande gensidige Skibsforsikringsforening,Operating ratio,133.0
2016,12,50826,Hvide Sande gensidige Skibsforsikringsforening,Relativt afløbsresultat,7.0
2016,12,51519,Popermo Forsikring g/s,Bruttoerstatningsprocent (Loss ratio),84.0
2016,12,51519,Popermo Forsikring g/s,Bruttoomkostningsprocent (Expense ratio),10.0
2016,12,51519,Popermo Forsikring g/s,Combined ratio,97.0
2016,12,51519,Popermo Forsikring g/s,Egenkapitalforrentning i pct. (Return on equity),8.0
2016,12,51519,Popermo Forsikring g/s,Operating ratio,97.0
2016,12,51519,Popermo Forsikring g/s,Relativt afløbsresultat,7.0
2016,12,51571,Forsikringsselskabet HIMMERLAND G/S,Bruttoerstatningsprocent (Loss ratio),67.0
2016,12,51571,Forsikringsselskabet HIMMERLAND G/S,Bruttoomkostningsprocent (Expense ratio),26.0
2016,12,51571,Forsikringsselskabet HIMMERLAND G/S,Combined ratio,96.0
2016,12,51571,Forsikringsselskabet HIMMERLAND G/S,Egenkapitalforrentning i pct. (Return on equity),7.0
2016,12,51571,Forsikringsselskabet HIMMERLAND G/S,Operating ratio,97.0
2016,12,51571,Forsikringsselskabet HIMMERLAND G/S,Relativt afløbsresultat,6.0
2016,12,51609,FISKEFARTØJSFORSIKRINGEN LÆSØ. GENSIDIGT SELSKAB under frivillig likvidation,Bruttoerstatningsprocent (Loss ratio),131.0
2016,12,51609,FISKEFARTØJSFORSIKRINGEN LÆSØ. GENSIDIGT SELSKAB under frivillig likvidation,Bruttoomkostningsprocent (Expense ratio),62.0
2016,12,51609,FISKEFARTØJSFORSIKRINGEN LÆSØ. GENSIDIGT SELSKAB under frivillig likvidation,Combined ratio,223.0
2016,12,51609,FISKEFARTØJSFORSIKRINGEN LÆSØ. GENSIDIGT SELSKAB under frivillig likvidation,Egenkapitalforrentning i pct. (Return on equity),-11.0
2016,12,51609,FISKEFARTØJSFORSIKRINGEN LÆSØ. GENSIDIGT SELSKAB under frivillig likvidation,Operating ratio,223.0
2016,12,51609,FISKEFARTØJSFORSIKRINGEN LÆSØ. GENSIDIGT SELSKAB under frivillig likvidation,Relativt afløbsresultat,0.0
2016,12,51619,GF Forsikring A/S,Bruttoerstatningsprocent (Loss ratio),65.0
2016,12,51619,GF Forsikring A/S,Bruttoomkostningsprocent (Expense ratio),22.0
2016,12,51619,GF Forsikring A/S,Combined ratio,89.0
2016,12,51619,GF Forsikring A/S,Egenkapitalforrentning i pct. (Return on equity),13.0
2016,12,51619,GF Forsikring A/S,Operating ratio,89.0
2016,12,51619,GF Forsikring A/S,Relativt afløbsresultat,14.0
2016,12,51706,"SYGEFORSIKRINGEN ""DANMARK"", GS",Bruttoerstatningsprocent (Loss ratio),96.0
2016,12,51706,"SYGEFORSIKRINGEN ""DANMARK"", GS",Bruttoomkostningsprocent (Expense ratio),4.0
2016,12,51706,"SYGEFORSIKRINGEN ""DANMARK"", GS",Combined ratio,100.0
2016,12,51706,"SYGEFORSIKRINGEN ""DANMARK"", GS",Egenkapitalforrentning i pct. (Return on equity),5.0
2016,12,51706,"SYGEFORSIKRINGEN ""DANMARK"", GS",Operating ratio,100.0
2016,12,51706,"SYGEFORSIKRINGEN ""DANMARK"", GS",Relativt afløbsresultat,2.0
2016,12,51777,Thisted Forsikring A/S,Bruttoerstatningsprocent (Loss ratio),61.0
2016,12,51777,Thisted Forsikring A/S,Bruttoomkostningsprocent (Expense ratio),24.0
2016,12,51777,Thisted Forsikring A/S,Combined ratio,90.0
2016,12,51777,Thisted Forsikring A/S,Egenkapitalforrentning i pct. (Return on equity),19.0
2016,12,51777,Thisted Forsikring A/S,Operating ratio,90.0
2016,12,51777,Thisted Forsikring A/S,Relativt afløbsresultat,8.0
2016,12,51778,"Købstædernes Forsikring, gensidig",Bruttoerstatningsprocent (Loss ratio),72.0
2016,12,51778,"Købstædernes Forsikring, gensidig",Bruttoomkostningsprocent (Expense ratio),23.0
2016,12,51778,"Købstædernes Forsikring, gensidig",Combined ratio,99.0
2016,12,51778,"Købstædernes Forsikring, gensidig",Egenkapitalforrentning i pct. (Return on equity),4.0
2016,12,51778,"Købstædernes Forsikring, gensidig",Operating ratio,99.0
2016,12,51778,"Købstædernes Forsikring, gensidig",Relativt afløbsresultat,-1.0
2016,12,51949,Forsikringsselskabet Nærsikring A/S,Bruttoerstatningsprocent (Loss ratio),26.0
2016,12,51949,Forsikringsselskabet Nærsikring A/S,Bruttoomkostningsprocent (Expense ratio),10.0
2016,12,51949,Forsikringsselskabet Nærsikring A/S,Combined ratio,39.0
2016,12,51949,Forsikringsselskabet Nærsikring A/S,Egenkapitalforrentning i pct. (Return on equity),8.0
2016,12,51949,Forsikringsselskabet Nærsikring A/S,Operating ratio,39.0
2016,12,51949,Forsikringsselskabet Nærsikring A/S,Relativt afløbsresultat,9.0
2016,12,52009,Topdanmark Forsikring A/S,Bruttoerstatningsprocent (Loss ratio),66.0
2016,12,52009,Topdanmark Forsikring A/S,Bruttoomkostningsprocent (Expense ratio),17.0
2016,12,52009,Topdanmark Forsikring A/S,Combined ratio,84.0
2016,12,52009,Topdanmark Forsikring A/S,Egenkapitalforrentning i pct. (Return on equity),30.0
2016,12,52009,Topdanmark Forsikring A/S,Operating ratio,84.0
2016,12,52009,Topdanmark Forsikring A/S,Relativt afløbsresultat,4.0
2016,12,52042,Codan Forsikring A/S,Bruttoerstatningsprocent (Loss ratio),64.0
2016,12,52042,Codan Forsikring A/S,Bruttoomkostningsprocent (Expense ratio),19.0
2016,12,52042,Codan Forsikring A/S,Combined ratio,86.0
2016,12,52042,Codan Forsikring A/S,Egenkapitalforrentning i pct. (Return on equity),23.0
2016,12,52042,Codan Forsikring A/S,Operating ratio,86.0
2016,12,52042,Codan Forsikring A/S,Relativt afløbsresultat,4.0
2016,12,53005,Dansk Fartøjsforsikring A/S,Bruttoerstatningsprocent (Loss ratio),66.0
2016,12,53005,Dansk Fartøjsforsikring A/S,Bruttoomkostningsprocent (Expense ratio),63.0
2016,12,53005,Dansk Fartøjsforsikring A/S,Combined ratio,137.0
2016,12,53005,Dansk Fartøjsforsikring A/S,Egenkapitalforrentning i pct. (Return on equity),-13.0
2016,12,53005,Dansk Fartøjsforsikring A/S,Operating ratio,131.0
2016,12,53005,Dansk Fartøjsforsikring A/S,Relativt afløbsresultat,25.0
2016,12,53006,Nykredit Forsikring A/S,Bruttoerstatningsprocent (Loss ratio),75.0
2016,12,53006,Nykredit Forsikring A/S,Bruttoomkostningsprocent (Expense ratio),22.0
2016,12,53006,Nykredit Forsikring A/S,Combined ratio,98.0
2016,12,53006,Nykredit Forsikring A/S,Egenkapitalforrentning i pct. (Return on equity),13.0
2016,12,53006,Nykredit Forsikring A/S,Operating ratio,98.0
2016,12,53006,Nykredit Forsikring A/S,Relativt afløbsresultat,-1.0
2016,12,53028,Bornholms Brandforsikring A/S,Bruttoerstatningsprocent (Loss ratio),44.0
2016,12,53028,Bornholms Brandforsikring A/S,Bruttoomkostningsprocent (Expense ratio),20.0
2016,12,53028,Bornholms Brandforsikring A/S,Combined ratio,72.0
2016,12,53028,Bornholms Brandforsikring A/S,Egenkapitalforrentning i pct. (Return on equity),14.0
2016,12,53028,Bornholms Brandforsikring A/S,Operating ratio,72.0
2016,12,53028,Bornholms Brandforsikring A/S,Relativt afløbsresultat,17.0
2016,12,53040,LB Forsikring A/S,Bruttoerstatningsprocent (Loss ratio),89.0
2016,12,53040,LB Forsikring A/S,Bruttoomkostningsprocent (Expense ratio),15.0
2016,12,53040,LB Forsikring A/S,Combined ratio,106.0
2016,12,53040,LB Forsikring A/S,Egenkapitalforrentning i pct. (Return on equity),6.0
2016,12,53040,LB Forsikring A/S,Operating ratio,106.0
2016,12,53040,LB Forsikring A/S,Relativt afløbsresultat,4.0
2016,12,53053,PenSam Forsikring A/S,Bruttoerstatningsprocent (Loss ratio),81.0
2016,12,53053,PenSam Forsikring A/S,Bruttoomkostningsprocent (Expense ratio),17.0
2016,12,53053,PenSam Forsikring A/S,Combined ratio,99.0
2016,12,53053,PenSam Forsikring A/S,Egenkapitalforrentning i pct. (Return on equity),4.0
2016,12,53053,PenSam Forsikring A/S,Operating ratio,99.0
2016,12,53053,PenSam Forsikring A/S,Relativt afløbsresultat,3.0
2016,12,53055,Concordia Forsikring A/S,Bruttoerstatningsprocent (Loss ratio),80.0
2016,12,53055,Concordia Forsikring A/S,Bruttoomkostningsprocent (Expense ratio),16.0
2016,12,53055,Concordia Forsikring A/S,Combined ratio,95.0
2016,12,53055,Concordia Forsikring A/S,Egenkapitalforrentning i pct. (Return on equity),7.0
2016,12,53055,Concordia Forsikring A/S,Operating ratio,96.0
2016,12,53055,Concordia Forsikring A/S,Relativt afløbsresultat,11.0
2016,12,53065,Borealis Insurance A/S (captive insurance company),Bruttoerstatningsprocent (Loss ratio),0.0
2016,12,53065,Borealis Insurance A/S (captive insurance company),Bruttoomkostningsprocent (Expense ratio),1.0
2016,12,53065,Borealis Insurance A/S (captive insurance company),Combined ratio,62.0
2016,12,53065,Borealis Insurance A/S (captive insurance company),Egenkapitalforrentning i pct. (Return on equity),10.0
2016,12,53065,Borealis Insurance A/S (captive insurance company),Operating ratio,62.0
2016,12,53065,Borealis Insurance A/S (captive insurance company),Relativt afløbsresultat,42.0
2016,12,53068,Alpha Insurance A/S under konkurs,Bruttoerstatningsprocent (Loss ratio),87.0
2016,12,53068,Alpha Insurance A/S under konkurs,Bruttoomkostningsprocent (Expense ratio),34.0
2016,12,53068,Alpha Insurance A/S under konkurs,Combined ratio,103.0
2016,12,53068,Alpha Insurance A/S under konkurs,Egenkapitalforrentning i pct. (Return on equity),-6.0
2016,12,53068,Alpha Insurance A/S under konkurs,Operating ratio,103.0
2016,12,53068,Alpha Insurance A/S under konkurs,Relativt afløbsresultat,-22.0
2016,12,53070,Tryg Forsikring A/S,Bruttoerstatningsprocent (Loss ratio),66.0
2016,12,53070,Tryg Forsikring A/S,Bruttoomkostningsprocent (Expense ratio),16.0
2016,12,53070,Tryg Forsikring A/S,Combined ratio,87.0
2016,12,53070,Tryg Forsikring A/S,Egenkapitalforrentning i pct. (Return on equity),25.0
2016,12,53070,Tryg Forsikring A/S,Operating ratio,87.0
2016,12,53070,Tryg Forsikring A/S,Relativt afløbsresultat,6.0
2016,12,53072,"FORSIKRINGSSELSKABET DANICA, SKADEFORSIKRINGSAKTIESELSKAB AF 1999",Bruttoerstatningsprocent (Loss ratio),105.0
2016,12,53072,"FORSIKRINGSSELSKABET DANICA, SKADEFORSIKRINGSAKTIESELSKAB AF 1999",Bruttoomkostningsprocent (Expense ratio),4.0
2016,12,53072,"FORSIKRINGSSELSKABET DANICA, SKADEFORSIKRINGSAKTIESELSKAB AF 1999",Combined ratio,109.0
2016,12,53072,"FORSIKRINGSSELSKABET DANICA, SKADEFORSIKRINGSAKTIESELSKAB AF 1999",Egenkapitalforrentning i pct. (Return on equity),10.0
2016,12,53072,"FORSIKRINGSSELSKABET DANICA, SKADEFORSIKRINGSAKTIESELSKAB AF 1999",Operating ratio,109.0
2016,12,53072,"FORSIKRINGSSELSKABET DANICA, SKADEFORSIKRINGSAKTIESELSKAB AF 1999",Relativt afløbsresultat,0.0
2016,12,53073,Mølholm Forsikring A/S,Bruttoerstatningsprocent (Loss ratio),85.0
2016,12,53073,Mølholm Forsikring A/S,Bruttoomkostningsprocent (Expense ratio),8.0
2016,12,53073,Mølholm Forsikring A/S,Combined ratio,97.0
2016,12,53073,Mølholm Forsikring A/S,Egenkapitalforrentning i pct. (Return on equity),11.0
2016,12,53073,Mølholm Forsikring A/S,Operating ratio,98.0
2016,12,53073,Mølholm Forsikring A/S,Relativt afløbsresultat,4.0
2016,12,53074,Forsikringsselskabet PrivatSikring A/S,Bruttoerstatningsprocent (Loss ratio),59.0
2016,12,53074,Forsikringsselskabet PrivatSikring A/S,Bruttoomkostningsprocent (Expense ratio),30.0
2016,12,53074,Forsikringsselskabet PrivatSikring A/S,Combined ratio,91.0
2016,12,53074,Forsikringsselskabet PrivatSikring A/S,Egenkapitalforrentning i pct. (Return on equity),14.0
2016,12,53074,Forsikringsselskabet PrivatSikring A/S,Operating ratio,91.0
2016,12,53074,Forsikringsselskabet PrivatSikring A/S,Relativt afløbsresultat,10.0
2016,12,53086,Alm. Brand Forsikring A/S,Bruttoerstatningsprocent (Loss ratio),61.0
2016,12,53086,Alm. Brand Forsikring A/S,Bruttoomkostningsprocent (Expense ratio),17.0
2016,12,53086,Alm. Brand Forsikring A/S,Combined ratio,82.0
2016,12,53086,Alm. Brand Forsikring A/S,Egenkapitalforrentning i pct. (Return on equity),25.0
2016,12,53086,Alm. Brand Forsikring A/S,Operating ratio,82.0
2016,12,53086,Alm. Brand Forsikring A/S,Relativt afløbsresultat,9.0
2016,12,53087,Dansk Boligforsikring A/S,Bruttoerstatningsprocent (Loss ratio),72.0
2016,12,53087,Dansk Boligforsikring A/S,Bruttoomkostningsprocent (Expense ratio),25.0
2016,12,53087,Dansk Boligforsikring A/S,Combined ratio,97.0
2016,12,53087,Dansk Boligforsikring A/S,Egenkapitalforrentning i pct. (Return on equity),4.0
2016,12,53087,Dansk Boligforsikring A/S,Operating ratio,97.0
2016,12,53087,Dansk Boligforsikring A/S,Relativt afløbsresultat,-11.0
2016,12,53090,LUNDBECK INS A/S under frivillig likvidation,Bruttoerstatningsprocent (Loss ratio),0.0
2016,12,53090,LUNDBECK INS A/S under frivillig likvidation,Bruttoomkostningsprocent (Expense ratio),18.0
2016,12,53090,LUNDBECK INS A/S under frivillig likvidation,Combined ratio,18.0
2016,12,53090,LUNDBECK INS A/S under frivillig likvidation,Egenkapitalforrentning i pct. (Return on equity),9.0
2016,12,53090,LUNDBECK INS A/S under frivillig likvidation,Operating ratio,17.0
2016,12,53090,LUNDBECK INS A/S under frivillig likvidation,Relativt afløbsresultat,0.0
2016,12,53092,Carlsberg Captive Insurance Company A/S,Bruttoerstatningsprocent (Loss ratio),98.0
2016,12,53092,Carlsberg Captive Insurance Company A/S,Bruttoomkostningsprocent (Expense ratio),7.0
2016,12,53092,Carlsberg Captive Insurance Company A/S,Combined ratio,105.0
2016,12,53092,Carlsberg Captive Insurance Company A/S,Egenkapitalforrentning i pct. (Return on equity),-128.0
2016,12,53092,Carlsberg Captive Insurance Company A/S,Operating ratio,106.0
2016,12,53092,Carlsberg Captive Insurance Company A/S,Relativt afløbsresultat,0.0
2016,12,53093,Arriva Insurance A/S,Bruttoerstatningsprocent (Loss ratio),-49.0
2016,12,53093,Arriva Insurance A/S,Bruttoomkostningsprocent (Expense ratio),12.0
2016,12,53093,Arriva Insurance A/S,Combined ratio,-8.0
2016,12,53093,Arriva Insurance A/S,Egenkapitalforrentning i pct. (Return on equity),19.0
2016,12,53093,Arriva Insurance A/S,Operating ratio,-8.0
2016,12,53093,Arriva Insurance A/S,Relativt afløbsresultat,24.0
2016,12,53094,TDC Reinsurance A/S,Bruttoerstatningsprocent (Loss ratio),33.0
2016,12,53094,TDC Reinsurance A/S,Bruttoomkostningsprocent (Expense ratio),6.0
2016,12,53094,TDC Reinsurance A/S,Combined ratio,39.0
2016,12,53094,TDC Reinsurance A/S,Egenkapitalforrentning i pct. (Return on equity),19.0
2016,12,53094,TDC Reinsurance A/S,Operating ratio,39.0
2016,12,53094,TDC Reinsurance A/S,Relativt afløbsresultat,10.0
2016,12,53095,Dansk Musiker Forbund Forsikring G/S,Bruttoerstatningsprocent (Loss ratio),56.0
2016,12,53095,Dansk Musiker Forbund Forsikring G/S,Bruttoomkostningsprocent (Expense ratio),37.0
2016,12,53095,Dansk Musiker Forbund Forsikring G/S,Combined ratio,97.0
2016,12,53095,Dansk Musiker Forbund Forsikring G/S,Egenkapitalforrentning i pct. (Return on equity),6.0
2016,12,53095,Dansk Musiker Forbund Forsikring G/S,Operating ratio,97.0
2016,12,53095,Dansk Musiker Forbund Forsikring G/S,Relativt afløbsresultat,37.0
2016,12,53099,MELES Insurance A/S (captive insurance company),Bruttoerstatningsprocent (Loss ratio),63.0
2016,12,53099,MELES Insurance A/S (captive insurance company),Bruttoomkostningsprocent (Expense ratio),20.0
2016,12,53099,MELES Insurance A/S (captive insurance company),Combined ratio,88.0
2016,12,53099,MELES Insurance A/S (captive insurance company),Egenkapitalforrentning i pct. (Return on equity),10.0
2016,12,53099,MELES Insurance A/S (captive insurance company),Operating ratio,88.0
2016,12,53099,MELES Insurance A/S (captive insurance company),Relativt afløbsresultat,16.0
2016,12,53100,Ørsted Insurance A/S,Bruttoerstatningsprocent (Loss ratio),32.0
2016,12,53100,Ørsted Insurance A/S,Bruttoomkostningsprocent (Expense ratio),4.0
2016,12,53100,Ørsted Insurance A/S,Combined ratio,92.0
2016,12,53100,Ørsted Insurance A/S,Egenkapitalforrentning i pct. (Return on equity),3.0
2016,12,53100,Ørsted Insurance A/S,Operating ratio,84.0
2016,12,53100,Ørsted Insurance A/S,Relativt afløbsresultat,100.0
2016,12,53101,Salling Group Forsikring A/S,Bruttoerstatningsprocent (Loss ratio),66.0
2016,12,53101,Salling Group Forsikring A/S,Bruttoomkostningsprocent (Expense ratio),20.0
2016,12,53101,Salling Group Forsikring A/S,Combined ratio,94.0
2016,12,53101,Salling Group Forsikring A/S,Egenkapitalforrentning i pct. (Return on equity),7.0
2016,12,53101,Salling Group Forsikring A/S,Operating ratio,94.0
2016,12,53101,Salling Group Forsikring A/S,Relativt afløbsresultat,2.0
2016,12,53103,ETU Forsikring A/S,Bruttoerstatningsprocent (Loss ratio),70.0
2016,12,53103,ETU Forsikring A/S,Bruttoomkostningsprocent (Expense ratio),29.0
2016,12,53103,ETU Forsikring A/S,Combined ratio,100.0
2016,12,53103,ETU Forsikring A/S,Egenkapitalforrentning i pct. (Return on equity),5.0
2016,12,53103,ETU Forsikring A/S,Operating ratio,100.0
2016,12,53103,ETU Forsikring A/S,Relativt afløbsresultat,-1.0
2016,12,53106,Forsikringsselskabet Vendsyssel A/S,Bruttoerstatningsprocent (Loss ratio),26.0
2016,12,53106,Forsikringsselskabet Vendsyssel A/S,Bruttoomkostningsprocent (Expense ratio),26.0
2016,12,53106,Forsikringsselskabet Vendsyssel A/S,Combined ratio,75.0
2016,12,53106,Forsikringsselskabet Vendsyssel A/S,Egenkapitalforrentning i pct. (Return on equity),11.0
2016,12,53106,Forsikringsselskabet Vendsyssel A/S,Operating ratio,75.0
2016,12,53106,Forsikringsselskabet Vendsyssel A/S,Relativt afløbsresultat,15.0
2016,12,53108,FF Forsikring A/S,Bruttoerstatningsprocent (Loss ratio),61.0
2016,12,53108,FF Forsikring A/S,Bruttoomkostningsprocent (Expense ratio),23.0
2016,12,53108,FF Forsikring A/S,Combined ratio,84.0
2016,12,53108,FF Forsikring A/S,Egenkapitalforrentning i pct. (Return on equity),14.0
2016,12,53108,FF Forsikring A/S,Operating ratio,84.0
2016,12,53108,FF Forsikring A/S,Relativt afløbsresultat,0.0
2016,12,53110,DSV Insurance A/S,Bruttoerstatningsprocent (Loss ratio),39.0
2016,12,53110,DSV Insurance A/S,Bruttoomkostningsprocent (Expense ratio),17.0
2016,12,53110,DSV Insurance A/S,Combined ratio,68.0
2016,12,53110,DSV Insurance A/S,Egenkapitalforrentning i pct. (Return on equity),35.0
2016,12,53110,DSV Insurance A/S,Operating ratio,68.0
2016,12,53110,DSV Insurance A/S,Relativt afløbsresultat,12.0
2016,12,53111,Fri Forsikring A/S,Bruttoerstatningsprocent (Loss ratio),54.0
2016,12,53111,Fri Forsikring A/S,Bruttoomkostningsprocent (Expense ratio),24.0
2016,12,53111,Fri Forsikring A/S,Combined ratio,82.0
2016,12,53111,Fri Forsikring A/S,Egenkapitalforrentning i pct. (Return on equity),18.0
2016,12,53111,Fri Forsikring A/S,Operating ratio,82.0
2016,12,53111,Fri Forsikring A/S,Relativt afløbsresultat,8.0
2016,12,53112,Qudos Insurance A/S under konkurs,Bruttoerstatningsprocent (Loss ratio),76.0
2016,12,53112,Qudos Insurance A/S under konkurs,Bruttoomkostningsprocent (Expense ratio),29.0
2016,12,53112,Qudos Insurance A/S under konkurs,Combined ratio,107.0
2016,12,53112,Qudos Insurance A/S under konkurs,Egenkapitalforrentning i pct. (Return on equity),-77.0
2016,12,53112,Qudos Insurance A/S under konkurs,Operating ratio,107.0
2016,12,53112,Qudos Insurance A/S under konkurs,Relativt afløbsresultat,-23.0
2016,12,53113,Maersk Insurance A/S,Bruttoerstatningsprocent (Loss ratio),6.0
2016,12,53113,Maersk Insurance A/S,Bruttoomkostningsprocent (Expense ratio),4.0
2016,12,53113,Maersk Insurance A/S,Combined ratio,60.0
2016,12,53113,Maersk Insurance A/S,Egenkapitalforrentning i pct. (Return on equity),13.0
2016,12,53113,Maersk Insurance A/S,Operating ratio,60.0
2016,12,53113,Maersk Insurance A/S,Relativt afløbsresultat,12.0
2016,12,53114,United Insurance af 01.08.2011 A/S,Bruttoerstatningsprocent (Loss ratio),47.0
2016,12,53114,United Insurance af 01.08.2011 A/S,Bruttoomkostningsprocent (Expense ratio),34.0
2016,12,53114,United Insurance af 01.08.2011 A/S,Combined ratio,81.0
2016,12,53114,United Insurance af 01.08.2011 A/S,Egenkapitalforrentning i pct. (Return on equity),2.0
2016,12,53114,United Insurance af 01.08.2011 A/S,Operating ratio,81.0
2016,12,53114,United Insurance af 01.08.2011 A/S,Relativt afløbsresultat,10.0
2016,12,53116,Global Dental Insurance A/S (under frivillig likvidation),Bruttoerstatningsprocent (Loss ratio),51.0
2016,12,53116,Global Dental Insurance A/S (under frivillig likvidation),Bruttoomkostningsprocent (Expense ratio),61.0
2016,12,53116,Global Dental Insurance A/S (under frivillig likvidation),Combined ratio,112.0
2016,12,53116,Global Dental Insurance A/S (under frivillig likvidation),Egenkapitalforrentning i pct. (Return on equity),-3.0
2016,12,53116,Global Dental Insurance A/S (under frivillig likvidation),Operating ratio,112.0
2016,12,53116,Global Dental Insurance A/S (under frivillig likvidation),Relativt afløbsresultat,0.0
2016,12,53117,GEFION FINANS A/S (under konkurs),Bruttoerstatningsprocent (Loss ratio),39.0
2016,12,53117,GEFION FINANS A/S (under konkurs),Bruttoomkostningsprocent (Expense ratio),52.0
2016,12,53117,GEFION FINANS A/S (under konkurs),Combined ratio,101.0
2016,12,53117,GEFION FINANS A/S (under konkurs),Egenkapitalforrentning i pct. (Return on equity),-12.0
2016,12,53117,GEFION FINANS A/S (under konkurs),Operating ratio,101.0
2016,12,53117,GEFION FINANS A/S (under konkurs),Relativt afløbsresultat,16.0
2017,12,50018,ULYKKESFORSIKRINGSFORBUNDET FOR DANSK SØFART. GENSIDIGT FORBUND,Bruttoerstatningsprocent (Loss ratio),169.86
2017,12,50018,ULYKKESFORSIKRINGSFORBUNDET FOR DANSK SØFART. GENSIDIGT FORBUND,Bruttoomkostningsprocent (Expense ratio),17.19
2017,12,50018,ULYKKESFORSIKRINGSFORBUNDET FOR DANSK SØFART. GENSIDIGT FORBUND,Combined ratio,190.25
2017,12,50018,ULYKKESFORSIKRINGSFORBUNDET FOR DANSK SØFART. GENSIDIGT FORBUND,Egenkapitalforrentning i pct. (Return on equity),-10.6
2017,12,50018,ULYKKESFORSIKRINGSFORBUNDET FOR DANSK SØFART. GENSIDIGT FORBUND,Operating ratio,190.25
2017,12,50018,ULYKKESFORSIKRINGSFORBUNDET FOR DANSK SØFART. GENSIDIGT FORBUND,Relativt afløbsresultat,-11.16
2017,12,50043,Forsikrings-Aktieselskabet ALKA,Bruttoerstatningsprocent (Loss ratio),66.17
2017,12,50043,Forsikrings-Aktieselskabet ALKA,Bruttoomkostningsprocent (Expense ratio),16.82
2017,12,50043,Forsikrings-Aktieselskabet ALKA,Combined ratio,84.81
2017,12,50043,Forsikrings-Aktieselskabet ALKA,Egenkapitalforrentning i pct. (Return on equity),12.86
2017,12,50043,Forsikrings-Aktieselskabet ALKA,Operating ratio,84.81
2017,12,50043,Forsikrings-Aktieselskabet ALKA,Relativt afløbsresultat,9.61
2017,12,50052,NEM Forsikring A/S,Bruttoerstatningsprocent (Loss ratio),81.2
2017,12,50052,NEM Forsikring A/S,Bruttoomkostningsprocent (Expense ratio),20.7
2017,12,50052,NEM Forsikring A/S,Combined ratio,102.5
2017,12,50052,NEM Forsikring A/S,Egenkapitalforrentning i pct. (Return on equity),0.1
2017,12,50052,NEM Forsikring A/S,Operating ratio,102.5
2017,12,50052,NEM Forsikring A/S,Relativt afløbsresultat,0.2
2017,12,50074,ULFBORG-HIND HERREDS BRANDASSURANCESELSKAB FOR LØSØRE. GENSIDIG,Bruttoerstatningsprocent (Loss ratio),13.0
2017,12,50074,ULFBORG-HIND HERREDS BRANDASSURANCESELSKAB FOR LØSØRE. GENSIDIG,Bruttoomkostningsprocent (Expense ratio),343.0
2017,12,50074,ULFBORG-HIND HERREDS BRANDASSURANCESELSKAB FOR LØSØRE. GENSIDIG,Combined ratio,393.0
2017,12,50074,ULFBORG-HIND HERREDS BRANDASSURANCESELSKAB FOR LØSØRE. GENSIDIG,Egenkapitalforrentning i pct. (Return on equity),-1.0
2017,12,50074,ULFBORG-HIND HERREDS BRANDASSURANCESELSKAB FOR LØSØRE. GENSIDIG,Operating ratio,393.0
2017,12,50074,ULFBORG-HIND HERREDS BRANDASSURANCESELSKAB FOR LØSØRE. GENSIDIG,Relativt afløbsresultat,3.0
2017,12,50099,Lokal Forsikring G/S,Bruttoerstatningsprocent (Loss ratio),60.7
2017,12,50099,Lokal Forsikring G/S,Bruttoomkostningsprocent (Expense ratio),23.2
2017,12,50099,Lokal Forsikring G/S,Combined ratio,93.5
2017,12,50099,Lokal Forsikring G/S,Egenkapitalforrentning i pct. (Return on equity),10.9
2017,12,50099,Lokal Forsikring G/S,Operating ratio,93.4
2017,12,50099,Lokal Forsikring G/S,Relativt afløbsresultat,12.1
2017,12,50102,VESTJYLLAND FORSIKRING GS.,Bruttoerstatningsprocent (Loss ratio),57.1
2017,12,50102,VESTJYLLAND FORSIKRING GS.,Bruttoomkostningsprocent (Expense ratio),19.2
2017,12,50102,VESTJYLLAND FORSIKRING GS.,Combined ratio,82.8
2017,12,50102,VESTJYLLAND FORSIKRING GS.,Egenkapitalforrentning i pct. (Return on equity),19.7
2017,12,50102,VESTJYLLAND FORSIKRING GS.,Operating ratio,82.9
2017,12,50102,VESTJYLLAND FORSIKRING GS.,Relativt afløbsresultat,17.3
2017,12,50140,HF-Forsikring G/S,Bruttoerstatningsprocent (Loss ratio),54.8
2017,12,50140,HF-Forsikring G/S,Bruttoomkostningsprocent (Expense ratio),39.2
2017,12,50140,HF-Forsikring G/S,Combined ratio,105.0
2017,12,50140,HF-Forsikring G/S,Egenkapitalforrentning i pct. (Return on equity),6.0
2017,12,50140,HF-Forsikring G/S,Operating ratio,105.5
2017,12,50140,HF-Forsikring G/S,Relativt afløbsresultat,11.5
2017,12,50149,Europæiske Rejseforsikring A/S,Bruttoerstatningsprocent (Loss ratio),50.3
2017,12,50149,Europæiske Rejseforsikring A/S,Bruttoomkostningsprocent (Expense ratio),47.33
2017,12,50149,Europæiske Rejseforsikring A/S,Combined ratio,99.17
2017,12,50149,Europæiske Rejseforsikring A/S,Egenkapitalforrentning i pct. (Return on equity),3.04
2017,12,50149,Europæiske Rejseforsikring A/S,Operating ratio,99.23
2017,12,50149,Europæiske Rejseforsikring A/S,Relativt afløbsresultat,14.62
2017,12,50167,Storstrøms Forsikring G/S,Bruttoerstatningsprocent (Loss ratio),87.0
2017,12,50167,Storstrøms Forsikring G/S,Bruttoomkostningsprocent (Expense ratio),82.0
2017,12,50167,Storstrøms Forsikring G/S,Combined ratio,118.0
2017,12,50167,Storstrøms Forsikring G/S,Egenkapitalforrentning i pct. (Return on equity),-5.0
2017,12,50167,Storstrøms Forsikring G/S,Operating ratio,118.0
2017,12,50167,Storstrøms Forsikring G/S,Relativt afløbsresultat,20.0
2017,12,50192,Kongeriget Danmarks Hesteforsikring G/S,Bruttoerstatningsprocent (Loss ratio),76.0
2017,12,50192,Kongeriget Danmarks Hesteforsikring G/S,Bruttoomkostningsprocent (Expense ratio),50.0
2017,12,50192,Kongeriget Danmarks Hesteforsikring G/S,Combined ratio,127.0
2017,12,50192,Kongeriget Danmarks Hesteforsikring G/S,Egenkapitalforrentning i pct. (Return on equity),2.0
2017,12,50192,Kongeriget Danmarks Hesteforsikring G/S,Operating ratio,127.0
2017,12,50192,Kongeriget Danmarks Hesteforsikring G/S,Relativt afløbsresultat,30.0
2017,12,50230,Forsikringsselskabet VEJLE BRAND af 1841 g/s,Bruttoerstatningsprocent (Loss ratio),56.0
2017,12,50230,Forsikringsselskabet VEJLE BRAND af 1841 g/s,Bruttoomkostningsprocent (Expense ratio),42.0
2017,12,50230,Forsikringsselskabet VEJLE BRAND af 1841 g/s,Combined ratio,107.0
2017,12,50230,Forsikringsselskabet VEJLE BRAND af 1841 g/s,Egenkapitalforrentning i pct. (Return on equity),1.0
2017,12,50230,Forsikringsselskabet VEJLE BRAND af 1841 g/s,Operating ratio,108.0
2017,12,50230,Forsikringsselskabet VEJLE BRAND af 1841 g/s,Relativt afløbsresultat,14.0
2017,12,50234,Landinspektørernes gensidige Erhvervsansvarsforsikring,Bruttoerstatningsprocent (Loss ratio),86.6
2017,12,50234,Landinspektørernes gensidige Erhvervsansvarsforsikring,Bruttoomkostningsprocent (Expense ratio),34.2
2017,12,50234,Landinspektørernes gensidige Erhvervsansvarsforsikring,Combined ratio,137.1
2017,12,50234,Landinspektørernes gensidige Erhvervsansvarsforsikring,Egenkapitalforrentning i pct. (Return on equity),-0.4
2017,12,50234,Landinspektørernes gensidige Erhvervsansvarsforsikring,Operating ratio,137.2
2017,12,50234,Landinspektørernes gensidige Erhvervsansvarsforsikring,Relativt afløbsresultat,18.4
2017,12,50253,Aros Forsikring - gensidigt forsikringsselskab,Bruttoerstatningsprocent (Loss ratio),67.9
2017,12,50253,Aros Forsikring - gensidigt forsikringsselskab,Bruttoomkostningsprocent (Expense ratio),27.5
2017,12,50253,Aros Forsikring - gensidigt forsikringsselskab,Combined ratio,96.8
2017,12,50253,Aros Forsikring - gensidigt forsikringsselskab,Egenkapitalforrentning i pct. (Return on equity),6.5
2017,12,50253,Aros Forsikring - gensidigt forsikringsselskab,Operating ratio,96.9
2017,12,50253,Aros Forsikring - gensidigt forsikringsselskab,Relativt afløbsresultat,-5.7
2017,12,50257,Dansk Glasforsikring A/S,Bruttoerstatningsprocent (Loss ratio),49.82
2017,12,50257,Dansk Glasforsikring A/S,Bruttoomkostningsprocent (Expense ratio),34.36
2017,12,50257,Dansk Glasforsikring A/S,Combined ratio,84.18
2017,12,50257,Dansk Glasforsikring A/S,Egenkapitalforrentning i pct. (Return on equity),7.49
2017,12,50257,Dansk Glasforsikring A/S,Operating ratio,84.32
2017,12,50257,Dansk Glasforsikring A/S,Relativt afløbsresultat,34.47
2017,12,50295,GARTNERNES FORSIKRING GS. DANSK JORDBRUG,Bruttoerstatningsprocent (Loss ratio),62.0
2017,12,50295,GARTNERNES FORSIKRING GS. DANSK JORDBRUG,Bruttoomkostningsprocent (Expense ratio),26.0
2017,12,50295,GARTNERNES FORSIKRING GS. DANSK JORDBRUG,Combined ratio,96.0
2017,12,50295,GARTNERNES FORSIKRING GS. DANSK JORDBRUG,Egenkapitalforrentning i pct. (Return on equity),11.0
2017,12,50295,GARTNERNES FORSIKRING GS. DANSK JORDBRUG,Operating ratio,96.0
2017,12,50295,GARTNERNES FORSIKRING GS. DANSK JORDBRUG,Relativt afløbsresultat,2.3
2017,12,50421,Det gensidige forsikringsselskab Dansk Plantageforsikring,Bruttoerstatningsprocent (Loss ratio),-6.0
2017,12,50421,Det gensidige forsikringsselskab Dansk Plantageforsikring,Bruttoomkostningsprocent (Expense ratio),186.0
2017,12,50421,Det gensidige forsikringsselskab Dansk Plantageforsikring,Combined ratio,180.0
2017,12,50421,Det gensidige forsikringsselskab Dansk Plantageforsikring,Egenkapitalforrentning i pct. (Return on equity),2.0
2017,12,50421,Det gensidige forsikringsselskab Dansk Plantageforsikring,Operating ratio,180.0
2017,12,50421,Det gensidige forsikringsselskab Dansk Plantageforsikring,Relativt afløbsresultat,54.0
2017,12,50453,NærBrand G/S (Under frivillig likvidation),Bruttoerstatningsprocent (Loss ratio),63.5
2017,12,50453,NærBrand G/S (Under frivillig likvidation),Bruttoomkostningsprocent (Expense ratio),73.0
2017,12,50453,NærBrand G/S (Under frivillig likvidation),Combined ratio,138.8
2017,12,50453,NærBrand G/S (Under frivillig likvidation),Egenkapitalforrentning i pct. (Return on equity),3.7
2017,12,50453,NærBrand G/S (Under frivillig likvidation),Operating ratio,138.8
2017,12,50453,NærBrand G/S (Under frivillig likvidation),Relativt afløbsresultat,-18.0
2017,12,50479,Skibsforsikringen Frederikshavn G/F,Bruttoerstatningsprocent (Loss ratio),108.78
2017,12,50479,Skibsforsikringen Frederikshavn G/F,Bruttoomkostningsprocent (Expense ratio),31.18
2017,12,50479,Skibsforsikringen Frederikshavn G/F,Combined ratio,151.39
2017,12,50479,Skibsforsikringen Frederikshavn G/F,Egenkapitalforrentning i pct. (Return on equity),-10.74
2017,12,50479,Skibsforsikringen Frederikshavn G/F,Operating ratio,151.39
2017,12,50479,Skibsforsikringen Frederikshavn G/F,Relativt afløbsresultat,8.31
2017,12,50540,Dansk Jagtforsikring A/S,Bruttoerstatningsprocent (Loss ratio),13382.0
2017,12,50540,Dansk Jagtforsikring A/S,Bruttoomkostningsprocent (Expense ratio),5987.0
2017,12,50540,Dansk Jagtforsikring A/S,Combined ratio,19375.0
2017,12,50540,Dansk Jagtforsikring A/S,Egenkapitalforrentning i pct. (Return on equity),-8.0
2017,12,50540,Dansk Jagtforsikring A/S,Operating ratio,288.0
2017,12,50540,Dansk Jagtforsikring A/S,Relativt afløbsresultat,-43.0
2017,12,50568,Danske Privatbaners Forsikringsforening G/S,Bruttoerstatningsprocent (Loss ratio),50.0
2017,12,50568,Danske Privatbaners Forsikringsforening G/S,Bruttoomkostningsprocent (Expense ratio),15.0
2017,12,50568,Danske Privatbaners Forsikringsforening G/S,Combined ratio,101.0
2017,12,50568,Danske Privatbaners Forsikringsforening G/S,Egenkapitalforrentning i pct. (Return on equity),2.0
2017,12,50568,Danske Privatbaners Forsikringsforening G/S,Operating ratio,101.0
2017,12,50568,Danske Privatbaners Forsikringsforening G/S,Relativt afløbsresultat,9.6
2017,12,50580,Dansk Søforsikring G/S (opløst efter frivillig likvidation),Bruttoerstatningsprocent (Loss ratio),75.0
2017,12,50580,Dansk Søforsikring G/S (opløst efter frivillig likvidation),Bruttoomkostningsprocent (Expense ratio),26.0
2017,12,50580,Dansk Søforsikring G/S (opløst efter frivillig likvidation),Combined ratio,121.0
2017,12,50580,Dansk Søforsikring G/S (opløst efter frivillig likvidation),Egenkapitalforrentning i pct. (Return on equity),-1.0
2017,12,50580,Dansk Søforsikring G/S (opløst efter frivillig likvidation),Operating ratio,121.0
2017,12,50580,Dansk Søforsikring G/S (opløst efter frivillig likvidation),Relativt afløbsresultat,-8.0
2017,12,50635,Fiskernes Forsikring G/S,Bruttoerstatningsprocent (Loss ratio),137.1
2017,12,50635,Fiskernes Forsikring G/S,Bruttoomkostningsprocent (Expense ratio),71.4
2017,12,50635,Fiskernes Forsikring G/S,Combined ratio,214.1
2017,12,50635,Fiskernes Forsikring G/S,Egenkapitalforrentning i pct. (Return on equity),14.7
2017,12,50635,Fiskernes Forsikring G/S,Operating ratio,209.5
2017,12,50635,Fiskernes Forsikring G/S,Relativt afløbsresultat,-1.7
2017,12,50826,Hvide Sande gensidige Skibsforsikringsforening,Bruttoerstatningsprocent (Loss ratio),55.3
2017,12,50826,Hvide Sande gensidige Skibsforsikringsforening,Bruttoomkostningsprocent (Expense ratio),30.3
2017,12,50826,Hvide Sande gensidige Skibsforsikringsforening,Combined ratio,124.2
2017,12,50826,Hvide Sande gensidige Skibsforsikringsforening,Egenkapitalforrentning i pct. (Return on equity),-0.1
2017,12,50826,Hvide Sande gensidige Skibsforsikringsforening,Operating ratio,124.2
2017,12,50826,Hvide Sande gensidige Skibsforsikringsforening,Relativt afløbsresultat,10.2
2017,12,51519,Popermo Forsikring g/s,Bruttoerstatningsprocent (Loss ratio),89.4
2017,12,51519,Popermo Forsikring g/s,Bruttoomkostningsprocent (Expense ratio),11.6
2017,12,51519,Popermo Forsikring g/s,Combined ratio,104.6
2017,12,51519,Popermo Forsikring g/s,Egenkapitalforrentning i pct. (Return on equity),6.0
2017,12,51519,Popermo Forsikring g/s,Operating ratio,104.4
2017,12,51519,Popermo Forsikring g/s,Relativt afløbsresultat,3.2
2017,12,51571,Forsikringsselskabet HIMMERLAND G/S,Bruttoerstatningsprocent (Loss ratio),57.9
2017,12,51571,Forsikringsselskabet HIMMERLAND G/S,Bruttoomkostningsprocent (Expense ratio),26.0
2017,12,51571,Forsikringsselskabet HIMMERLAND G/S,Combined ratio,88.7
2017,12,51571,Forsikringsselskabet HIMMERLAND G/S,Egenkapitalforrentning i pct. (Return on equity),7.2
2017,12,51571,Forsikringsselskabet HIMMERLAND G/S,Operating ratio,88.8
2017,12,51571,Forsikringsselskabet HIMMERLAND G/S,Relativt afløbsresultat,13.7
2017,12,51609,FISKEFARTØJSFORSIKRINGEN LÆSØ. GENSIDIGT SELSKAB under frivillig likvidation,Bruttoerstatningsprocent (Loss ratio),244.8
2017,12,51609,FISKEFARTØJSFORSIKRINGEN LÆSØ. GENSIDIGT SELSKAB under frivillig likvidation,Bruttoomkostningsprocent (Expense ratio),76.7
2017,12,51609,FISKEFARTØJSFORSIKRINGEN LÆSØ. GENSIDIGT SELSKAB under frivillig likvidation,Combined ratio,281.4
2017,12,51609,FISKEFARTØJSFORSIKRINGEN LÆSØ. GENSIDIGT SELSKAB under frivillig likvidation,Egenkapitalforrentning i pct. (Return on equity),-13.0
2017,12,51609,FISKEFARTØJSFORSIKRINGEN LÆSØ. GENSIDIGT SELSKAB under frivillig likvidation,Operating ratio,281.4
2017,12,51609,FISKEFARTØJSFORSIKRINGEN LÆSØ. GENSIDIGT SELSKAB under frivillig likvidation,Relativt afløbsresultat,0.2
2017,12,51619,GF Forsikring A/S,Bruttoerstatningsprocent (Loss ratio),61.8
2017,12,51619,GF Forsikring A/S,Bruttoomkostningsprocent (Expense ratio),24.6
2017,12,51619,GF Forsikring A/S,Combined ratio,89.3
2017,12,51619,GF Forsikring A/S,Egenkapitalforrentning i pct. (Return on equity),14.0
2017,12,51619,GF Forsikring A/S,Operating ratio,89.3
2017,12,51619,GF Forsikring A/S,Relativt afløbsresultat,16.2
2017,12,51706,"SYGEFORSIKRINGEN ""DANMARK"", GS",Bruttoerstatningsprocent (Loss ratio),95.8
2017,12,51706,"SYGEFORSIKRINGEN ""DANMARK"", GS",Bruttoomkostningsprocent (Expense ratio),3.6
2017,12,51706,"SYGEFORSIKRINGEN ""DANMARK"", GS",Combined ratio,99.4
2017,12,51706,"SYGEFORSIKRINGEN ""DANMARK"", GS",Egenkapitalforrentning i pct. (Return on equity),6.5
2017,12,51706,"SYGEFORSIKRINGEN ""DANMARK"", GS",Operating ratio,99.5
2017,12,51706,"SYGEFORSIKRINGEN ""DANMARK"", GS",Relativt afløbsresultat,0.1
2017,12,51777,Thisted Forsikring A/S,Bruttoerstatningsprocent (Loss ratio),61.1
2017,12,51777,Thisted Forsikring A/S,Bruttoomkostningsprocent (Expense ratio),23.4
2017,12,51777,Thisted Forsikring A/S,Combined ratio,89.3
2017,12,51777,Thisted Forsikring A/S,Egenkapitalforrentning i pct. (Return on equity),12.0
2017,12,51777,Thisted Forsikring A/S,Operating ratio,89.4
2017,12,51777,Thisted Forsikring A/S,Relativt afløbsresultat,6.3
2017,12,51778,"Købstædernes Forsikring, gensidig",Bruttoerstatningsprocent (Loss ratio),71.2
2017,12,51778,"Købstædernes Forsikring, gensidig",Bruttoomkostningsprocent (Expense ratio),21.9
2017,12,51778,"Købstædernes Forsikring, gensidig",Combined ratio,98.5
2017,12,51778,"Købstædernes Forsikring, gensidig",Egenkapitalforrentning i pct. (Return on equity),4.5
2017,12,51778,"Købstædernes Forsikring, gensidig",Operating ratio,98.6
2017,12,51778,"Købstædernes Forsikring, gensidig",Relativt afløbsresultat,0.6
2017,12,51949,Forsikringsselskabet Nærsikring A/S,Bruttoerstatningsprocent (Loss ratio),78.2
2017,12,51949,Forsikringsselskabet Nærsikring A/S,Bruttoomkostningsprocent (Expense ratio),10.3
2017,12,51949,Forsikringsselskabet Nærsikring A/S,Combined ratio,98.0
2017,12,51949,Forsikringsselskabet Nærsikring A/S,Egenkapitalforrentning i pct. (Return on equity),0.2
2017,12,51949,Forsikringsselskabet Nærsikring A/S,Operating ratio,98.0
2017,12,51949,Forsikringsselskabet Nærsikring A/S,Relativt afløbsresultat,1.6
2017,12,52009,Topdanmark Forsikring A/S,Bruttoerstatningsprocent (Loss ratio),59.8
2017,12,52009,Topdanmark Forsikring A/S,Bruttoomkostningsprocent (Expense ratio),16.7
2017,12,52009,Topdanmark Forsikring A/S,Combined ratio,81.0
2017,12,52009,Topdanmark Forsikring A/S,Egenkapitalforrentning i pct. (Return on equity),29.2
2017,12,52009,Topdanmark Forsikring A/S,Operating ratio,81.0
2017,12,52009,Topdanmark Forsikring A/S,Relativt afløbsresultat,2.8
2017,12,52042,Codan Forsikring A/S,Bruttoerstatningsprocent (Loss ratio),65.9
2017,12,52042,Codan Forsikring A/S,Bruttoomkostningsprocent (Expense ratio),18.6
2017,12,52042,Codan Forsikring A/S,Combined ratio,88.2
2017,12,52042,Codan Forsikring A/S,Egenkapitalforrentning i pct. (Return on equity),23.1
2017,12,52042,Codan Forsikring A/S,Operating ratio,88.2
2017,12,52042,Codan Forsikring A/S,Relativt afløbsresultat,1.6
2017,12,53005,Dansk Fartøjsforsikring A/S,Bruttoerstatningsprocent (Loss ratio),69.0
2017,12,53005,Dansk Fartøjsforsikring A/S,Bruttoomkostningsprocent (Expense ratio),53.0
2017,12,53005,Dansk Fartøjsforsikring A/S,Combined ratio,123.0
2017,12,53005,Dansk Fartøjsforsikring A/S,Egenkapitalforrentning i pct. (Return on equity),31.0
2017,12,53005,Dansk Fartøjsforsikring A/S,Operating ratio,60.0
2017,12,53005,Dansk Fartøjsforsikring A/S,Relativt afløbsresultat,53.0
2017,12,53006,Nykredit Forsikring A/S,Bruttoerstatningsprocent (Loss ratio),70.0
2017,12,53006,Nykredit Forsikring A/S,Bruttoomkostningsprocent (Expense ratio),18.4
2017,12,53006,Nykredit Forsikring A/S,Combined ratio,93.4
2017,12,53006,Nykredit Forsikring A/S,Egenkapitalforrentning i pct. (Return on equity),22.1
2017,12,53006,Nykredit Forsikring A/S,Operating ratio,93.7
2017,12,53006,Nykredit Forsikring A/S,Relativt afløbsresultat,-1.6
2017,12,53028,Bornholms Brandforsikring A/S,Bruttoerstatningsprocent (Loss ratio),55.5
2017,12,53028,Bornholms Brandforsikring A/S,Bruttoomkostningsprocent (Expense ratio),22.4
2017,12,53028,Bornholms Brandforsikring A/S,Combined ratio,84.2
2017,12,53028,Bornholms Brandforsikring A/S,Egenkapitalforrentning i pct. (Return on equity),8.4
2017,12,53028,Bornholms Brandforsikring A/S,Operating ratio,84.1
2017,12,53028,Bornholms Brandforsikring A/S,Relativt afløbsresultat,1.8
2017,12,53040,LB Forsikring A/S,Bruttoerstatningsprocent (Loss ratio),76.1
2017,12,53040,LB Forsikring A/S,Bruttoomkostningsprocent (Expense ratio),15.7
2017,12,53040,LB Forsikring A/S,Combined ratio,93.7
2017,12,53040,LB Forsikring A/S,Egenkapitalforrentning i pct. (Return on equity),12.1
2017,12,53040,LB Forsikring A/S,Operating ratio,93.8
2017,12,53040,LB Forsikring A/S,Relativt afløbsresultat,9.6
2017,12,53053,PenSam Forsikring A/S,Bruttoerstatningsprocent (Loss ratio),85.1
2017,12,53053,PenSam Forsikring A/S,Bruttoomkostningsprocent (Expense ratio),15.2
2017,12,53053,PenSam Forsikring A/S,Combined ratio,102.4
2017,12,53053,PenSam Forsikring A/S,Egenkapitalforrentning i pct. (Return on equity),-4.3
2017,12,53053,PenSam Forsikring A/S,Operating ratio,102.4
2017,12,53053,PenSam Forsikring A/S,Relativt afløbsresultat,-7.2
2017,12,53055,Concordia Forsikring A/S,Bruttoerstatningsprocent (Loss ratio),66.5
2017,12,53055,Concordia Forsikring A/S,Bruttoomkostningsprocent (Expense ratio),15.4
2017,12,53055,Concordia Forsikring A/S,Combined ratio,89.5
2017,12,53055,Concordia Forsikring A/S,Egenkapitalforrentning i pct. (Return on equity),10.6
2017,12,53055,Concordia Forsikring A/S,Operating ratio,89.7
2017,12,53055,Concordia Forsikring A/S,Relativt afløbsresultat,23.1
2017,12,53065,Borealis Insurance A/S (captive insurance company),Bruttoerstatningsprocent (Loss ratio),34.61
2017,12,53065,Borealis Insurance A/S (captive insurance company),Bruttoomkostningsprocent (Expense ratio),0.99
2017,12,53065,Borealis Insurance A/S (captive insurance company),Combined ratio,62.01
2017,12,53065,Borealis Insurance A/S (captive insurance company),Egenkapitalforrentning i pct. (Return on equity),15.15
2017,12,53065,Borealis Insurance A/S (captive insurance company),Operating ratio,62.05
2017,12,53065,Borealis Insurance A/S (captive insurance company),Relativt afløbsresultat,6.41
2017,12,53070,Tryg Forsikring A/S,Bruttoerstatningsprocent (Loss ratio),65.8
2017,12,53070,Tryg Forsikring A/S,Bruttoomkostningsprocent (Expense ratio),13.9
2017,12,53070,Tryg Forsikring A/S,Combined ratio,84.0
2017,12,53070,Tryg Forsikring A/S,Egenkapitalforrentning i pct. (Return on equity),26.8
2017,12,53070,Tryg Forsikring A/S,Operating ratio,84.0
2017,12,53070,Tryg Forsikring A/S,Relativt afløbsresultat,4.6
2017,12,53072,"FORSIKRINGSSELSKABET DANICA, SKADEFORSIKRINGSAKTIESELSKAB AF 1999",Bruttoerstatningsprocent (Loss ratio),107.5
2017,12,53072,"FORSIKRINGSSELSKABET DANICA, SKADEFORSIKRINGSAKTIESELSKAB AF 1999",Bruttoomkostningsprocent (Expense ratio),4.1
2017,12,53072,"FORSIKRINGSSELSKABET DANICA, SKADEFORSIKRINGSAKTIESELSKAB AF 1999",Combined ratio,111.5
2017,12,53072,"FORSIKRINGSSELSKABET DANICA, SKADEFORSIKRINGSAKTIESELSKAB AF 1999",Egenkapitalforrentning i pct. (Return on equity),9.0
2017,12,53072,"FORSIKRINGSSELSKABET DANICA, SKADEFORSIKRINGSAKTIESELSKAB AF 1999",Operating ratio,112.0
2017,12,53072,"FORSIKRINGSSELSKABET DANICA, SKADEFORSIKRINGSAKTIESELSKAB AF 1999",Relativt afløbsresultat,0.0
2017,12,53073,Mølholm Forsikring A/S,Bruttoerstatningsprocent (Loss ratio),90.0
2017,12,53073,Mølholm Forsikring A/S,Bruttoomkostningsprocent (Expense ratio),12.0
2017,12,53073,Mølholm Forsikring A/S,Combined ratio,102.0
2017,12,53073,Mølholm Forsikring A/S,Egenkapitalforrentning i pct. (Return on equity),10.0
2017,12,53073,Mølholm Forsikring A/S,Operating ratio,106.0
2017,12,53073,Mølholm Forsikring A/S,Relativt afløbsresultat,-3.0
2017,12,53074,Forsikringsselskabet PrivatSikring A/S,Bruttoerstatningsprocent (Loss ratio),62.6
2017,12,53074,Forsikringsselskabet PrivatSikring A/S,Bruttoomkostningsprocent (Expense ratio),32.1
2017,12,53074,Forsikringsselskabet PrivatSikring A/S,Combined ratio,97.7
2017,12,53074,Forsikringsselskabet PrivatSikring A/S,Egenkapitalforrentning i pct. (Return on equity),3.7
2017,12,53074,Forsikringsselskabet PrivatSikring A/S,Operating ratio,97.7
2017,12,53074,Forsikringsselskabet PrivatSikring A/S,Relativt afløbsresultat,4.9
2017,12,53086,Alm. Brand Forsikring A/S,Bruttoerstatningsprocent (Loss ratio),63.0
2017,12,53086,Alm. Brand Forsikring A/S,Bruttoomkostningsprocent (Expense ratio),17.5
2017,12,53086,Alm. Brand Forsikring A/S,Combined ratio,84.1
2017,12,53086,Alm. Brand Forsikring A/S,Egenkapitalforrentning i pct. (Return on equity),25.0
2017,12,53086,Alm. Brand Forsikring A/S,Operating ratio,84.1
2017,12,53086,Alm. Brand Forsikring A/S,Relativt afløbsresultat,6.7
2017,12,53087,Dansk Boligforsikring A/S,Bruttoerstatningsprocent (Loss ratio),49.0
2017,12,53087,Dansk Boligforsikring A/S,Bruttoomkostningsprocent (Expense ratio),23.8
2017,12,53087,Dansk Boligforsikring A/S,Combined ratio,72.8
2017,12,53087,Dansk Boligforsikring A/S,Egenkapitalforrentning i pct. (Return on equity),27.8
2017,12,53087,Dansk Boligforsikring A/S,Operating ratio,72.8
2017,12,53087,Dansk Boligforsikring A/S,Relativt afløbsresultat,0.3
2017,12,53090,LUNDBECK INS A/S under frivillig likvidation,Bruttoerstatningsprocent (Loss ratio),0.0
2017,12,53090,LUNDBECK INS A/S under frivillig likvidation,Bruttoomkostningsprocent (Expense ratio),21.3
2017,12,53090,LUNDBECK INS A/S under frivillig likvidation,Combined ratio,21.3
2017,12,53090,LUNDBECK INS A/S under frivillig likvidation,Egenkapitalforrentning i pct. (Return on equity),6.98
2017,12,53090,LUNDBECK INS A/S under frivillig likvidation,Operating ratio,21.0
2017,12,53090,LUNDBECK INS A/S under frivillig likvidation,Relativt afløbsresultat,0.0
2017,12,53092,Carlsberg Captive Insurance Company A/S,Bruttoerstatningsprocent (Loss ratio),-2.2
2017,12,53092,Carlsberg Captive Insurance Company A/S,Bruttoomkostningsprocent (Expense ratio),5.6
2017,12,53092,Carlsberg Captive Insurance Company A/S,Combined ratio,3.4
2017,12,53092,Carlsberg Captive Insurance Company A/S,Egenkapitalforrentning i pct. (Return on equity),16.1
2017,12,53092,Carlsberg Captive Insurance Company A/S,Operating ratio,3.4
2017,12,53092,Carlsberg Captive Insurance Company A/S,Relativt afløbsresultat,3.2
2017,12,53093,Arriva Insurance A/S,Bruttoerstatningsprocent (Loss ratio),30.0
2017,12,53093,Arriva Insurance A/S,Bruttoomkostningsprocent (Expense ratio),17.0
2017,12,53093,Arriva Insurance A/S,Combined ratio,52.0
2017,12,53093,Arriva Insurance A/S,Egenkapitalforrentning i pct. (Return on equity),8.0
2017,12,53093,Arriva Insurance A/S,Operating ratio,52.0
2017,12,53093,Arriva Insurance A/S,Relativt afløbsresultat,4.0
2017,12,53094,TDC Reinsurance A/S,Bruttoerstatningsprocent (Loss ratio),-39.0
2017,12,53094,TDC Reinsurance A/S,Bruttoomkostningsprocent (Expense ratio),11.0
2017,12,53094,TDC Reinsurance A/S,Combined ratio,-28.0
2017,12,53094,TDC Reinsurance A/S,Egenkapitalforrentning i pct. (Return on equity),17.0
2017,12,53094,TDC Reinsurance A/S,Operating ratio,-28.0
2017,12,53094,TDC Reinsurance A/S,Relativt afløbsresultat,17.0
2017,12,53095,Dansk Musiker Forbund Forsikring G/S,Bruttoerstatningsprocent (Loss ratio),48.1
2017,12,53095,Dansk Musiker Forbund Forsikring G/S,Bruttoomkostningsprocent (Expense ratio),39.5
2017,12,53095,Dansk Musiker Forbund Forsikring G/S,Combined ratio,91.6
2017,12,53095,Dansk Musiker Forbund Forsikring G/S,Egenkapitalforrentning i pct. (Return on equity),8.0
2017,12,53095,Dansk Musiker Forbund Forsikring G/S,Operating ratio,91.6
2017,12,53095,Dansk Musiker Forbund Forsikring G/S,Relativt afløbsresultat,52.4
2017,12,53099,MELES Insurance A/S (captive insurance company),Bruttoerstatningsprocent (Loss ratio),77.0
2017,12,53099,MELES Insurance A/S (captive insurance company),Bruttoomkostningsprocent (Expense ratio),9.0
2017,12,53099,MELES Insurance A/S (captive insurance company),Combined ratio,91.0
2017,12,53099,MELES Insurance A/S (captive insurance company),Egenkapitalforrentning i pct. (Return on equity),9.0
2017,12,53099,MELES Insurance A/S (captive insurance company),Operating ratio,91.0
2017,12,53099,MELES Insurance A/S (captive insurance company),Relativt afløbsresultat,27.0
2017,12,53100,Ørsted Insurance A/S,Bruttoerstatningsprocent (Loss ratio),1.1
2017,12,53100,Ørsted Insurance A/S,Bruttoomkostningsprocent (Expense ratio),7.6
2017,12,53100,Ørsted Insurance A/S,Combined ratio,185.1
2017,12,53100,Ørsted Insurance A/S,Egenkapitalforrentning i pct. (Return on equity),-8.5
2017,12,53100,Ørsted Insurance A/S,Operating ratio,172.6
2017,12,53100,Ørsted Insurance A/S,Relativt afløbsresultat,65.8
2017,12,53101,Salling Group Forsikring A/S,Bruttoerstatningsprocent (Loss ratio),54.0
2017,12,53101,Salling Group Forsikring A/S,Bruttoomkostningsprocent (Expense ratio),19.2
2017,12,53101,Salling Group Forsikring A/S,Combined ratio,92.5
2017,12,53101,Salling Group Forsikring A/S,Egenkapitalforrentning i pct. (Return on equity),6.3
2017,12,53101,Salling Group Forsikring A/S,Operating ratio,92.6
2017,12,53101,Salling Group Forsikring A/S,Relativt afløbsresultat,5.6
2017,12,53103,ETU Forsikring A/S,Bruttoerstatningsprocent (Loss ratio),63.6
2017,12,53103,ETU Forsikring A/S,Bruttoomkostningsprocent (Expense ratio),28.0
2017,12,53103,ETU Forsikring A/S,Combined ratio,96.8
2017,12,53103,ETU Forsikring A/S,Egenkapitalforrentning i pct. (Return on equity),10.9
2017,12,53103,ETU Forsikring A/S,Operating ratio,96.8
2017,12,53103,ETU Forsikring A/S,Relativt afløbsresultat,1.4
2017,12,53106,Forsikringsselskabet Vendsyssel A/S,Bruttoerstatningsprocent (Loss ratio),51.3
2017,12,53106,Forsikringsselskabet Vendsyssel A/S,Bruttoomkostningsprocent (Expense ratio),27.4
2017,12,53106,Forsikringsselskabet Vendsyssel A/S,Combined ratio,86.8
2017,12,53106,Forsikringsselskabet Vendsyssel A/S,Egenkapitalforrentning i pct. (Return on equity),6.2
2017,12,53106,Forsikringsselskabet Vendsyssel A/S,Operating ratio,89.9
2017,12,53106,Forsikringsselskabet Vendsyssel A/S,Relativt afløbsresultat,12.5
2017,12,53108,FF Forsikring A/S,Bruttoerstatningsprocent (Loss ratio),64.0
2017,12,53108,FF Forsikring A/S,Bruttoomkostningsprocent (Expense ratio),21.0
2017,12,53108,FF Forsikring A/S,Combined ratio,85.0
2017,12,53108,FF Forsikring A/S,Egenkapitalforrentning i pct. (Return on equity),13.0
2017,12,53108,FF Forsikring A/S,Operating ratio,85.0
2017,12,53108,FF Forsikring A/S,Relativt afløbsresultat,0.0
2017,12,53110,DSV Insurance A/S,Bruttoerstatningsprocent (Loss ratio),39.0
2017,12,53110,DSV Insurance A/S,Bruttoomkostningsprocent (Expense ratio),18.0
2017,12,53110,DSV Insurance A/S,Combined ratio,70.0
2017,12,53110,DSV Insurance A/S,Egenkapitalforrentning i pct. (Return on equity),35.0
2017,12,53110,DSV Insurance A/S,Operating ratio,70.0
2017,12,53110,DSV Insurance A/S,Relativt afløbsresultat,10.0
2017,12,53111,Fri Forsikring A/S,Bruttoerstatningsprocent (Loss ratio),58.7
2017,12,53111,Fri Forsikring A/S,Bruttoomkostningsprocent (Expense ratio),19.8
2017,12,53111,Fri Forsikring A/S,Combined ratio,81.7
2017,12,53111,Fri Forsikring A/S,Egenkapitalforrentning i pct. (Return on equity),14.1
2017,12,53111,Fri Forsikring A/S,Operating ratio,81.7
2017,12,53111,Fri Forsikring A/S,Relativt afløbsresultat,7.2
2017,12,53112,Qudos Insurance A/S under konkurs,Bruttoerstatningsprocent (Loss ratio),71.0
2017,12,53112,Qudos Insurance A/S under konkurs,Bruttoomkostningsprocent (Expense ratio),35.0
2017,12,53112,Qudos Insurance A/S under konkurs,Combined ratio,106.0
2017,12,53112,Qudos Insurance A/S under konkurs,Egenkapitalforrentning i pct. (Return on equity),-11.0
2017,12,53112,Qudos Insurance A/S under konkurs,Operating ratio,106.0
2017,12,53112,Qudos Insurance A/S under konkurs,Relativt afløbsresultat,-15.0
2017,12,53113,Maersk Insurance A/S,Bruttoerstatningsprocent (Loss ratio),44.0
2017,12,53113,Maersk Insurance A/S,Bruttoomkostningsprocent (Expense ratio),4.0
2017,12,53113,Maersk Insurance A/S,Combined ratio,89.0
2017,12,53113,Maersk Insurance A/S,Egenkapitalforrentning i pct. (Return on equity),4.0
2017,12,53113,Maersk Insurance A/S,Operating ratio,89.0
2017,12,53113,Maersk Insurance A/S,Relativt afløbsresultat,-1.0
2017,12,53114,United Insurance af 01.08.2011 A/S,Egenkapitalforrentning i pct. (Return on equity),5.0
2017,12,53114,United Insurance af 01.08.2011 A/S,Relativt afløbsresultat,35.0
2017,12,53116,Global Dental Insurance A/S (under frivillig likvidation),Bruttoerstatningsprocent (Loss ratio),91.0
2017,12,53116,Global Dental Insurance A/S (under frivillig likvidation),Bruttoomkostningsprocent (Expense ratio),36.0
2017,12,53116,Global Dental Insurance A/S (under frivillig likvidation),Combined ratio,127.0
2017,12,53116,Global Dental Insurance A/S (under frivillig likvidation),Egenkapitalforrentning i pct. (Return on equity),-17.0
2017,12,53116,Global Dental Insurance A/S (under frivillig likvidation),Operating ratio,127.0
2017,12,53116,Global Dental Insurance A/S (under frivillig likvidation),Relativt afløbsresultat,0.0
2017,12,53117,GEFION FINANS A/S (under konkurs),Bruttoerstatningsprocent (Loss ratio),66.8
2017,12,53117,GEFION FINANS A/S (under konkurs),Bruttoomkostningsprocent (Expense ratio),31.1
2017,12,53117,GEFION FINANS A/S (under konkurs),Combined ratio,98.7
2017,12,53117,GEFION FINANS A/S (under konkurs),Egenkapitalforrentning i pct. (Return on equity),18.1
2017,12,53117,GEFION FINANS A/S (under konkurs),Operating ratio,98.7
2017,12,53117,GEFION FINANS A/S (under konkurs),Relativt afløbsresultat,-35.2
2018,12,50018,ULYKKESFORSIKRINGSFORBUNDET FOR DANSK SØFART. GENSIDIGT FORBUND,Bruttoerstatningsprocent (Loss ratio),63.31
2018,12,50018,ULYKKESFORSIKRINGSFORBUNDET FOR DANSK SØFART. GENSIDIGT FORBUND,Bruttoomkostningsprocent (Expense ratio),22.13
2018,12,50018,ULYKKESFORSIKRINGSFORBUNDET FOR DANSK SØFART. GENSIDIGT FORBUND,Combined ratio,87.85
2018,12,50018,ULYKKESFORSIKRINGSFORBUNDET FOR DANSK SØFART. GENSIDIGT FORBUND,Egenkapitalforrentning i pct. (Return on equity),-13.01
2018,12,50018,ULYKKESFORSIKRINGSFORBUNDET FOR DANSK SØFART. GENSIDIGT FORBUND,Operating ratio,87.85
2018,12,50018,ULYKKESFORSIKRINGSFORBUNDET FOR DANSK SØFART. GENSIDIGT FORBUND,Relativt afløbsresultat,5.06
2018,12,50043,Forsikrings-Aktieselskabet ALKA,Bruttoerstatningsprocent (Loss ratio),65.66
2018,12,50043,Forsikrings-Aktieselskabet ALKA,Bruttoomkostningsprocent (Expense ratio),15.84
2018,12,50043,Forsikrings-Aktieselskabet ALKA,Combined ratio,83.51
2018,12,50043,Forsikrings-Aktieselskabet ALKA,Egenkapitalforrentning i pct. (Return on equity),9.44
2018,12,50043,Forsikrings-Aktieselskabet ALKA,Operating ratio,83.51
2018,12,50043,Forsikrings-Aktieselskabet ALKA,Relativt afløbsresultat,10.1
2018,12,50052,NEM Forsikring A/S,Bruttoerstatningsprocent (Loss ratio),73.1
2018,12,50052,NEM Forsikring A/S,Bruttoomkostningsprocent (Expense ratio),22.2
2018,12,50052,NEM Forsikring A/S,Combined ratio,100.9
2018,12,50052,NEM Forsikring A/S,Egenkapitalforrentning i pct. (Return on equity),-4.1
2018,12,50052,NEM Forsikring A/S,Operating ratio,100.9
2018,12,50052,NEM Forsikring A/S,Relativt afløbsresultat,7.2
2018,12,50099,Lokal Forsikring G/S,Bruttoerstatningsprocent (Loss ratio),75.8
2018,12,50099,Lokal Forsikring G/S,Bruttoomkostningsprocent (Expense ratio),23.4
2018,12,50099,Lokal Forsikring G/S,Combined ratio,99.7
2018,12,50099,Lokal Forsikring G/S,Egenkapitalforrentning i pct. (Return on equity),4.1
2018,12,50099,Lokal Forsikring G/S,Operating ratio,99.8
2018,12,50099,Lokal Forsikring G/S,Relativt afløbsresultat,3.1
2018,12,50102,VESTJYLLAND FORSIKRING GS.,Bruttoerstatningsprocent (Loss ratio),66.5
2018,12,50102,VESTJYLLAND FORSIKRING GS.,Bruttoomkostningsprocent (Expense ratio),18.2
2018,12,50102,VESTJYLLAND FORSIKRING GS.,Combined ratio,90.5
2018,12,50102,VESTJYLLAND FORSIKRING GS.,Egenkapitalforrentning i pct. (Return on equity),1.4
2018,12,50102,VESTJYLLAND FORSIKRING GS.,Operating ratio,90.5
2018,12,50102,VESTJYLLAND FORSIKRING GS.,Relativt afløbsresultat,5.0
2018,12,50140,HF-Forsikring G/S,Bruttoerstatningsprocent (Loss ratio),60.9
2018,12,50140,HF-Forsikring G/S,Bruttoomkostningsprocent (Expense ratio),40.3
2018,12,50140,HF-Forsikring G/S,Combined ratio,107.2
2018,12,50140,HF-Forsikring G/S,Egenkapitalforrentning i pct. (Return on equity),-4.0
2018,12,50140,HF-Forsikring G/S,Operating ratio,7.3
2018,12,50140,HF-Forsikring G/S,Relativt afløbsresultat,3.7
2018,12,50149,Europæiske Rejseforsikring A/S,Bruttoerstatningsprocent (Loss ratio),48.67
2018,12,50149,Europæiske Rejseforsikring A/S,Bruttoomkostningsprocent (Expense ratio),51.43
2018,12,50149,Europæiske Rejseforsikring A/S,Combined ratio,101.54
2018,12,50149,Europæiske Rejseforsikring A/S,Egenkapitalforrentning i pct. (Return on equity),3.94
2018,12,50149,Europæiske Rejseforsikring A/S,Operating ratio,101.33
2018,12,50149,Europæiske Rejseforsikring A/S,Relativt afløbsresultat,3.44
2018,12,50167,Storstrøms Forsikring G/S,Bruttoerstatningsprocent (Loss ratio),68.0
2018,12,50167,Storstrøms Forsikring G/S,Bruttoomkostningsprocent (Expense ratio),66.0
2018,12,50167,Storstrøms Forsikring G/S,Combined ratio,101.0
2018,12,50167,Storstrøms Forsikring G/S,Egenkapitalforrentning i pct. (Return on equity),-3.0
2018,12,50167,Storstrøms Forsikring G/S,Operating ratio,100.0
2018,12,50167,Storstrøms Forsikring G/S,Relativt afløbsresultat,-4.0
2018,12,50192,Kongeriget Danmarks Hesteforsikring G/S,Bruttoerstatningsprocent (Loss ratio),75.0
2018,12,50192,Kongeriget Danmarks Hesteforsikring G/S,Bruttoomkostningsprocent (Expense ratio),66.0
2018,12,50192,Kongeriget Danmarks Hesteforsikring G/S,Combined ratio,141.0
2018,12,50192,Kongeriget Danmarks Hesteforsikring G/S,Egenkapitalforrentning i pct. (Return on equity),-10.0
2018,12,50192,Kongeriget Danmarks Hesteforsikring G/S,Operating ratio,141.0
2018,12,50192,Kongeriget Danmarks Hesteforsikring G/S,Relativt afløbsresultat,59.0
2018,12,50230,Forsikringsselskabet VEJLE BRAND af 1841 g/s,Bruttoerstatningsprocent (Loss ratio),54.9
2018,12,50230,Forsikringsselskabet VEJLE BRAND af 1841 g/s,Bruttoomkostningsprocent (Expense ratio),41.7
2018,12,50230,Forsikringsselskabet VEJLE BRAND af 1841 g/s,Combined ratio,107.7
2018,12,50230,Forsikringsselskabet VEJLE BRAND af 1841 g/s,Egenkapitalforrentning i pct. (Return on equity),-4.6
2018,12,50230,Forsikringsselskabet VEJLE BRAND af 1841 g/s,Operating ratio,107.9
2018,12,50230,Forsikringsselskabet VEJLE BRAND af 1841 g/s,Relativt afløbsresultat,16.9
2018,12,50234,Landinspektørernes gensidige Erhvervsansvarsforsikring,Bruttoerstatningsprocent (Loss ratio),63.6
2018,12,50234,Landinspektørernes gensidige Erhvervsansvarsforsikring,Bruttoomkostningsprocent (Expense ratio),30.4
2018,12,50234,Landinspektørernes gensidige Erhvervsansvarsforsikring,Combined ratio,105.5
2018,12,50234,Landinspektørernes gensidige Erhvervsansvarsforsikring,Egenkapitalforrentning i pct. (Return on equity),-3.6
2018,12,50234,Landinspektørernes gensidige Erhvervsansvarsforsikring,Operating ratio,105.6
2018,12,50234,Landinspektørernes gensidige Erhvervsansvarsforsikring,Relativt afløbsresultat,1.4
2018,12,50240,Sønderjysk Forsikring G/S,Bruttoerstatningsprocent (Loss ratio),71.0
2018,12,50240,Sønderjysk Forsikring G/S,Bruttoomkostningsprocent (Expense ratio),24.8
2018,12,50240,Sønderjysk Forsikring G/S,Combined ratio,99.3
2018,12,50240,Sønderjysk Forsikring G/S,Egenkapitalforrentning i pct. (Return on equity),-0.2
2018,12,50240,Sønderjysk Forsikring G/S,Operating ratio,99.4
2018,12,50240,Sønderjysk Forsikring G/S,Relativt afløbsresultat,4.7
2018,12,50253,Aros Forsikring - gensidigt forsikringsselskab,Bruttoerstatningsprocent (Loss ratio),76.25
2018,12,50253,Aros Forsikring - gensidigt forsikringsselskab,Bruttoomkostningsprocent (Expense ratio),24.3
2018,12,50253,Aros Forsikring - gensidigt forsikringsselskab,Combined ratio,105.7
2018,12,50253,Aros Forsikring - gensidigt forsikringsselskab,Egenkapitalforrentning i pct. (Return on equity),-1.1
2018,12,50253,Aros Forsikring - gensidigt forsikringsselskab,Operating ratio,105.9
2018,12,50253,Aros Forsikring - gensidigt forsikringsselskab,Relativt afløbsresultat,-8.6
2018,12,50295,GARTNERNES FORSIKRING GS. DANSK JORDBRUG,Bruttoerstatningsprocent (Loss ratio),57.0
2018,12,50295,GARTNERNES FORSIKRING GS. DANSK JORDBRUG,Bruttoomkostningsprocent (Expense ratio),28.0
2018,12,50295,GARTNERNES FORSIKRING GS. DANSK JORDBRUG,Combined ratio,95.0
2018,12,50295,GARTNERNES FORSIKRING GS. DANSK JORDBRUG,Egenkapitalforrentning i pct. (Return on equity),3.0
2018,12,50295,GARTNERNES FORSIKRING GS. DANSK JORDBRUG,Operating ratio,95.0
2018,12,50295,GARTNERNES FORSIKRING GS. DANSK JORDBRUG,Relativt afløbsresultat,9.0
2018,12,50421,Det gensidige forsikringsselskab Dansk Plantageforsikring,Bruttoerstatningsprocent (Loss ratio),88.0
2018,12,50421,Det gensidige forsikringsselskab Dansk Plantageforsikring,Bruttoomkostningsprocent (Expense ratio),191.0
2018,12,50421,Det gensidige forsikringsselskab Dansk Plantageforsikring,Combined ratio,279.0
2018,12,50421,Det gensidige forsikringsselskab Dansk Plantageforsikring,Egenkapitalforrentning i pct. (Return on equity),-3.0
2018,12,50421,Det gensidige forsikringsselskab Dansk Plantageforsikring,Operating ratio,279.0
2018,12,50421,Det gensidige forsikringsselskab Dansk Plantageforsikring,Relativt afløbsresultat,2.0
2018,12,50479,Skibsforsikringen Frederikshavn G/F,Bruttoerstatningsprocent (Loss ratio),71.72
2018,12,50479,Skibsforsikringen Frederikshavn G/F,Bruttoomkostningsprocent (Expense ratio),28.21
2018,12,50479,Skibsforsikringen Frederikshavn G/F,Combined ratio,109.93
2018,12,50479,Skibsforsikringen Frederikshavn G/F,Egenkapitalforrentning i pct. (Return on equity),-2.72
2018,12,50479,Skibsforsikringen Frederikshavn G/F,Operating ratio,109.93
2018,12,50479,Skibsforsikringen Frederikshavn G/F,Relativt afløbsresultat,-4.83
2018,12,50540,Dansk Jagtforsikring A/S,Bruttoerstatningsprocent (Loss ratio),0.0
2018,12,50540,Dansk Jagtforsikring A/S,Bruttoomkostningsprocent (Expense ratio),0.0
2018,12,50540,Dansk Jagtforsikring A/S,Combined ratio,0.0
2018,12,50540,Dansk Jagtforsikring A/S,Egenkapitalforrentning i pct. (Return on equity),0.4
2018,12,50540,Dansk Jagtforsikring A/S,Operating ratio,0.0
2018,12,50540,Dansk Jagtforsikring A/S,Relativt afløbsresultat,29.8
2018,12,50568,Danske Privatbaners Forsikringsforening G/S,Bruttoerstatningsprocent (Loss ratio),45.0
2018,12,50568,Danske Privatbaners Forsikringsforening G/S,Bruttoomkostningsprocent (Expense ratio),14.0
2018,12,50568,Danske Privatbaners Forsikringsforening G/S,Combined ratio,101.0
2018,12,50568,Danske Privatbaners Forsikringsforening G/S,Egenkapitalforrentning i pct. (Return on equity),1.0
2018,12,50568,Danske Privatbaners Forsikringsforening G/S,Operating ratio,101.0
2018,12,50568,Danske Privatbaners Forsikringsforening G/S,Relativt afløbsresultat,-2.0
2018,12,50580,Dansk Søforsikring G/S (opløst efter frivillig likvidation),Bruttoerstatningsprocent (Loss ratio),126.0
2018,12,50580,Dansk Søforsikring G/S (opløst efter frivillig likvidation),Bruttoomkostningsprocent (Expense ratio),24.0
2018,12,50580,Dansk Søforsikring G/S (opløst efter frivillig likvidation),Combined ratio,123.0
2018,12,50580,Dansk Søforsikring G/S (opløst efter frivillig likvidation),Egenkapitalforrentning i pct. (Return on equity),-10.0
2018,12,50580,Dansk Søforsikring G/S (opløst efter frivillig likvidation),Operating ratio,123.0
2018,12,50580,Dansk Søforsikring G/S (opløst efter frivillig likvidation),Relativt afløbsresultat,2.0
2018,12,50635,Fiskernes Forsikring G/S,Bruttoerstatningsprocent (Loss ratio),32.0
2018,12,50635,Fiskernes Forsikring G/S,Bruttoomkostningsprocent (Expense ratio),40.2
2018,12,50635,Fiskernes Forsikring G/S,Combined ratio,76.6
2018,12,50635,Fiskernes Forsikring G/S,Egenkapitalforrentning i pct. (Return on equity),1.1
2018,12,50635,Fiskernes Forsikring G/S,Operating ratio,87.2
2018,12,50635,Fiskernes Forsikring G/S,Relativt afløbsresultat,9.0
2018,12,50826,Hvide Sande gensidige Skibsforsikringsforening,Bruttoerstatningsprocent (Loss ratio),98.6
2018,12,50826,Hvide Sande gensidige Skibsforsikringsforening,Bruttoomkostningsprocent (Expense ratio),30.9
2018,12,50826,Hvide Sande gensidige Skibsforsikringsforening,Combined ratio,176.2
2018,12,50826,Hvide Sande gensidige Skibsforsikringsforening,Egenkapitalforrentning i pct. (Return on equity),-9.0
2018,12,50826,Hvide Sande gensidige Skibsforsikringsforening,Operating ratio,176.2
2018,12,50826,Hvide Sande gensidige Skibsforsikringsforening,Relativt afløbsresultat,11.0
2018,12,51519,Popermo Forsikring g/s,Bruttoerstatningsprocent (Loss ratio),88.3
2018,12,51519,Popermo Forsikring g/s,Bruttoomkostningsprocent (Expense ratio),11.4
2018,12,51519,Popermo Forsikring g/s,Combined ratio,101.9
2018,12,51519,Popermo Forsikring g/s,Egenkapitalforrentning i pct. (Return on equity),-1.49
2018,12,51519,Popermo Forsikring g/s,Operating ratio,102.1
2018,12,51519,Popermo Forsikring g/s,Relativt afløbsresultat,4.4
2018,12,51571,Forsikringsselskabet HIMMERLAND G/S,Bruttoerstatningsprocent (Loss ratio),55.3
2018,12,51571,Forsikringsselskabet HIMMERLAND G/S,Bruttoomkostningsprocent (Expense ratio),25.4
2018,12,51571,Forsikringsselskabet HIMMERLAND G/S,Combined ratio,90.3
2018,12,51571,Forsikringsselskabet HIMMERLAND G/S,Egenkapitalforrentning i pct. (Return on equity),3.7
2018,12,51571,Forsikringsselskabet HIMMERLAND G/S,Operating ratio,90.4
2018,12,51571,Forsikringsselskabet HIMMERLAND G/S,Relativt afløbsresultat,17.0
2018,12,51619,GF Forsikring A/S,Bruttoerstatningsprocent (Loss ratio),64.8
2018,12,51619,GF Forsikring A/S,Bruttoomkostningsprocent (Expense ratio),26.3
2018,12,51619,GF Forsikring A/S,Combined ratio,93.3
2018,12,51619,GF Forsikring A/S,Egenkapitalforrentning i pct. (Return on equity),2.0
2018,12,51619,GF Forsikring A/S,Operating ratio,93.3
2018,12,51619,GF Forsikring A/S,Relativt afløbsresultat,12.8
2018,12,51706,"SYGEFORSIKRINGEN ""DANMARK"", GS",Bruttoerstatningsprocent (Loss ratio),96.4
2018,12,51706,"SYGEFORSIKRINGEN ""DANMARK"", GS",Bruttoomkostningsprocent (Expense ratio),3.6
2018,12,51706,"SYGEFORSIKRINGEN ""DANMARK"", GS",Combined ratio,100.0
2018,12,51706,"SYGEFORSIKRINGEN ""DANMARK"", GS",Egenkapitalforrentning i pct. (Return on equity),-1.1
2018,12,51706,"SYGEFORSIKRINGEN ""DANMARK"", GS",Operating ratio,100.0
2018,12,51706,"SYGEFORSIKRINGEN ""DANMARK"", GS",Relativt afløbsresultat,2.2
2018,12,51777,Thisted Forsikring A/S,Bruttoerstatningsprocent (Loss ratio),66.8
2018,12,51777,Thisted Forsikring A/S,Bruttoomkostningsprocent (Expense ratio),22.9
2018,12,51777,Thisted Forsikring A/S,Combined ratio,92.6
2018,12,51777,Thisted Forsikring A/S,Egenkapitalforrentning i pct. (Return on equity),4.7
2018,12,51777,Thisted Forsikring A/S,Operating ratio,92.8
2018,12,51777,Thisted Forsikring A/S,Relativt afløbsresultat,11.1
2018,12,51778,"Købstædernes Forsikring, gensidig",Bruttoerstatningsprocent (Loss ratio),93.1
2018,12,51778,"Købstædernes Forsikring, gensidig",Bruttoomkostningsprocent (Expense ratio),19.0
2018,12,51778,"Købstædernes Forsikring, gensidig",Combined ratio,105.9
2018,12,51778,"Købstædernes Forsikring, gensidig",Egenkapitalforrentning i pct. (Return on equity),-10.2
2018,12,51778,"Købstædernes Forsikring, gensidig",Operating ratio,106.0
2018,12,51778,"Købstædernes Forsikring, gensidig",Relativt afløbsresultat,-10.4
2018,12,51949,Forsikringsselskabet Nærsikring A/S,Bruttoerstatningsprocent (Loss ratio),82.8
2018,12,51949,Forsikringsselskabet Nærsikring A/S,Bruttoomkostningsprocent (Expense ratio),14.4
2018,12,51949,Forsikringsselskabet Nærsikring A/S,Combined ratio,102.3
2018,12,51949,Forsikringsselskabet Nærsikring A/S,Egenkapitalforrentning i pct. (Return on equity),-0.9
2018,12,51949,Forsikringsselskabet Nærsikring A/S,Operating ratio,102.3
2018,12,51949,Forsikringsselskabet Nærsikring A/S,Relativt afløbsresultat,0.1
2018,12,52009,Topdanmark Forsikring A/S,Bruttoerstatningsprocent (Loss ratio),65.1
2018,12,52009,Topdanmark Forsikring A/S,Bruttoomkostningsprocent (Expense ratio),16.7
2018,12,52009,Topdanmark Forsikring A/S,Combined ratio,83.1
2018,12,52009,Topdanmark Forsikring A/S,Egenkapitalforrentning i pct. (Return on equity),22.0
2018,12,52009,Topdanmark Forsikring A/S,Operating ratio,83.1
2018,12,52009,Topdanmark Forsikring A/S,Relativt afløbsresultat,2.0
2018,12,52042,Codan Forsikring A/S,Bruttoerstatningsprocent (Loss ratio),68.5
2018,12,52042,Codan Forsikring A/S,Bruttoomkostningsprocent (Expense ratio),16.1
2018,12,52042,Codan Forsikring A/S,Combined ratio,88.4
2018,12,52042,Codan Forsikring A/S,Egenkapitalforrentning i pct. (Return on equity),15.5
2018,12,52042,Codan Forsikring A/S,Operating ratio,88.4
2018,12,52042,Codan Forsikring A/S,Relativt afløbsresultat,2.4
2018,12,53006,Nykredit Forsikring A/S,Bruttoerstatningsprocent (Loss ratio),66.5
2018,12,53006,Nykredit Forsikring A/S,Bruttoomkostningsprocent (Expense ratio),18.0
2018,12,53006,Nykredit Forsikring A/S,Combined ratio,89.5
2018,12,53006,Nykredit Forsikring A/S,Egenkapitalforrentning i pct. (Return on equity),40.0
2018,12,53006,Nykredit Forsikring A/S,Operating ratio,89.5
2018,12,53006,Nykredit Forsikring A/S,Relativt afløbsresultat,5.9
2018,12,53028,Bornholms Brandforsikring A/S,Bruttoerstatningsprocent (Loss ratio),0.57
2018,12,53028,Bornholms Brandforsikring A/S,Bruttoomkostningsprocent (Expense ratio),0.22
2018,12,53028,Bornholms Brandforsikring A/S,Combined ratio,0.84
2018,12,53028,Bornholms Brandforsikring A/S,Egenkapitalforrentning i pct. (Return on equity),0.05
2018,12,53028,Bornholms Brandforsikring A/S,Operating ratio,0.84
2018,12,53028,Bornholms Brandforsikring A/S,Relativt afløbsresultat,0.01
2018,12,53040,LB Forsikring A/S,Bruttoerstatningsprocent (Loss ratio),74.6
2018,12,53040,LB Forsikring A/S,Bruttoomkostningsprocent (Expense ratio),15.4
2018,12,53040,LB Forsikring A/S,Combined ratio,92.0
2018,12,53040,LB Forsikring A/S,Egenkapitalforrentning i pct. (Return on equity),5.4
2018,12,53040,LB Forsikring A/S,Operating ratio,92.1
2018,12,53040,LB Forsikring A/S,Relativt afløbsresultat,8.5
2018,12,53053,PenSam Forsikring A/S,Bruttoerstatningsprocent (Loss ratio),81.1
2018,12,53053,PenSam Forsikring A/S,Bruttoomkostningsprocent (Expense ratio),13.6
2018,12,53053,PenSam Forsikring A/S,Combined ratio,95.7
2018,12,53053,PenSam Forsikring A/S,Egenkapitalforrentning i pct. (Return on equity),0.0
2018,12,53053,PenSam Forsikring A/S,Operating ratio,95.7
2018,12,53053,PenSam Forsikring A/S,Relativt afløbsresultat,3.8
2018,12,53055,Concordia Forsikring A/S,Bruttoerstatningsprocent (Loss ratio),62.5
2018,12,53055,Concordia Forsikring A/S,Bruttoomkostningsprocent (Expense ratio),16.3
2018,12,53055,Concordia Forsikring A/S,Combined ratio,90.0
2018,12,53055,Concordia Forsikring A/S,Egenkapitalforrentning i pct. (Return on equity),6.2
2018,12,53055,Concordia Forsikring A/S,Operating ratio,90.1
2018,12,53055,Concordia Forsikring A/S,Relativt afløbsresultat,19.1
2018,12,53065,Borealis Insurance A/S (captive insurance company),Bruttoerstatningsprocent (Loss ratio),30.38
2018,12,53065,Borealis Insurance A/S (captive insurance company),Bruttoomkostningsprocent (Expense ratio),1.55
2018,12,53065,Borealis Insurance A/S (captive insurance company),Combined ratio,92.38
2018,12,53065,Borealis Insurance A/S (captive insurance company),Egenkapitalforrentning i pct. (Return on equity),1.85
2018,12,53065,Borealis Insurance A/S (captive insurance company),Operating ratio,92.46
2018,12,53065,Borealis Insurance A/S (captive insurance company),Relativt afløbsresultat,-88.67
2018,12,53070,Tryg Forsikring A/S,Bruttoerstatningsprocent (Loss ratio),67.4
2018,12,53070,Tryg Forsikring A/S,Bruttoomkostningsprocent (Expense ratio),14.5
2018,12,53070,Tryg Forsikring A/S,Combined ratio,85.2
2018,12,53070,Tryg Forsikring A/S,Egenkapitalforrentning i pct. (Return on equity),18.1
2018,12,53070,Tryg Forsikring A/S,Operating ratio,85.2
2018,12,53070,Tryg Forsikring A/S,Relativt afløbsresultat,5.8
2018,12,53072,"FORSIKRINGSSELSKABET DANICA, SKADEFORSIKRINGSAKTIESELSKAB AF 1999",Bruttoerstatningsprocent (Loss ratio),91.0
2018,12,53072,"FORSIKRINGSSELSKABET DANICA, SKADEFORSIKRINGSAKTIESELSKAB AF 1999",Bruttoomkostningsprocent (Expense ratio),4.3
2018,12,53072,"FORSIKRINGSSELSKABET DANICA, SKADEFORSIKRINGSAKTIESELSKAB AF 1999",Combined ratio,95.3
2018,12,53072,"FORSIKRINGSSELSKABET DANICA, SKADEFORSIKRINGSAKTIESELSKAB AF 1999",Egenkapitalforrentning i pct. (Return on equity),5.8
2018,12,53072,"FORSIKRINGSSELSKABET DANICA, SKADEFORSIKRINGSAKTIESELSKAB AF 1999",Operating ratio,95.6
2018,12,53072,"FORSIKRINGSSELSKABET DANICA, SKADEFORSIKRINGSAKTIESELSKAB AF 1999",Relativt afløbsresultat,3.4
2018,12,53073,Mølholm Forsikring A/S,Bruttoerstatningsprocent (Loss ratio),87.9
2018,12,53073,Mølholm Forsikring A/S,Bruttoomkostningsprocent (Expense ratio),7.6
2018,12,53073,Mølholm Forsikring A/S,Combined ratio,95.4
2018,12,53073,Mølholm Forsikring A/S,Egenkapitalforrentning i pct. (Return on equity),10.5
2018,12,53073,Mølholm Forsikring A/S,Operating ratio,95.6
2018,12,53073,Mølholm Forsikring A/S,Relativt afløbsresultat,0.0
2018,12,53074,Forsikringsselskabet PrivatSikring A/S,Bruttoerstatningsprocent (Loss ratio),61.6
2018,12,53074,Forsikringsselskabet PrivatSikring A/S,Bruttoomkostningsprocent (Expense ratio),26.0
2018,12,53074,Forsikringsselskabet PrivatSikring A/S,Combined ratio,90.1
2018,12,53074,Forsikringsselskabet PrivatSikring A/S,Egenkapitalforrentning i pct. (Return on equity),16.0
2018,12,53074,Forsikringsselskabet PrivatSikring A/S,Operating ratio,90.1
2018,12,53074,Forsikringsselskabet PrivatSikring A/S,Relativt afløbsresultat,3.5
2018,12,53086,Alm. Brand Forsikring A/S,Bruttoerstatningsprocent (Loss ratio),65.1
2018,12,53086,Alm. Brand Forsikring A/S,Bruttoomkostningsprocent (Expense ratio),17.2
2018,12,53086,Alm. Brand Forsikring A/S,Combined ratio,87.1
2018,12,53086,Alm. Brand Forsikring A/S,Egenkapitalforrentning i pct. (Return on equity),20.1
2018,12,53086,Alm. Brand Forsikring A/S,Operating ratio,87.1
2018,12,53086,Alm. Brand Forsikring A/S,Relativt afløbsresultat,5.0
2018,12,53087,Dansk Boligforsikring A/S,Bruttoerstatningsprocent (Loss ratio),47.1
2018,12,53087,Dansk Boligforsikring A/S,Bruttoomkostningsprocent (Expense ratio),26.1
2018,12,53087,Dansk Boligforsikring A/S,Combined ratio,73.2
2018,12,53087,Dansk Boligforsikring A/S,Egenkapitalforrentning i pct. (Return on equity),25.8
2018,12,53087,Dansk Boligforsikring A/S,Operating ratio,73.2
2018,12,53087,Dansk Boligforsikring A/S,Relativt afløbsresultat,7.5
2018,12,53090,LUNDBECK INS A/S under frivillig likvidation,Bruttoerstatningsprocent (Loss ratio),0.0
2018,12,53090,LUNDBECK INS A/S under frivillig likvidation,Bruttoomkostningsprocent (Expense ratio),19.2
2018,12,53090,LUNDBECK INS A/S under frivillig likvidation,Combined ratio,19.2
2018,12,53090,LUNDBECK INS A/S under frivillig likvidation,Egenkapitalforrentning i pct. (Return on equity),6.75
2018,12,53090,LUNDBECK INS A/S under frivillig likvidation,Operating ratio,19.1
2018,12,53090,LUNDBECK INS A/S under frivillig likvidation,Relativt afløbsresultat,0.0
2018,12,53092,Carlsberg Captive Insurance Company A/S,Bruttoerstatningsprocent (Loss ratio),45.1
2018,12,53092,Carlsberg Captive Insurance Company A/S,Bruttoomkostningsprocent (Expense ratio),18.8
2018,12,53092,Carlsberg Captive Insurance Company A/S,Combined ratio,63.9
2018,12,53092,Carlsberg Captive Insurance Company A/S,Egenkapitalforrentning i pct. (Return on equity),5.7
2018,12,53092,Carlsberg Captive Insurance Company A/S,Operating ratio,64.0
2018,12,53092,Carlsberg Captive Insurance Company A/S,Relativt afløbsresultat,-1.8
2018,12,53093,Arriva Insurance A/S,Bruttoerstatningsprocent (Loss ratio),34.0
2018,12,53093,Arriva Insurance A/S,Bruttoomkostningsprocent (Expense ratio),15.0
2018,12,53093,Arriva Insurance A/S,Combined ratio,48.0
2018,12,53093,Arriva Insurance A/S,Egenkapitalforrentning i pct. (Return on equity),17.0
2018,12,53093,Arriva Insurance A/S,Operating ratio,48.0
2018,12,53093,Arriva Insurance A/S,Relativt afløbsresultat,3.0
2018,12,53095,Dansk Musiker Forbund Forsikring G/S,Bruttoerstatningsprocent (Loss ratio),54.7
2018,12,53095,Dansk Musiker Forbund Forsikring G/S,Bruttoomkostningsprocent (Expense ratio),47.3
2018,12,53095,Dansk Musiker Forbund Forsikring G/S,Combined ratio,102.0
2018,12,53095,Dansk Musiker Forbund Forsikring G/S,Egenkapitalforrentning i pct. (Return on equity),0.3
2018,12,53095,Dansk Musiker Forbund Forsikring G/S,Operating ratio,101.8
2018,12,53095,Dansk Musiker Forbund Forsikring G/S,Relativt afløbsresultat,0.3
2018,12,53099,MELES Insurance A/S (captive insurance company),Bruttoerstatningsprocent (Loss ratio),84.5
2018,12,53099,MELES Insurance A/S (captive insurance company),Bruttoomkostningsprocent (Expense ratio),6.6
2018,12,53099,MELES Insurance A/S (captive insurance company),Combined ratio,96.3
2018,12,53099,MELES Insurance A/S (captive insurance company),Egenkapitalforrentning i pct. (Return on equity),1.3
2018,12,53099,MELES Insurance A/S (captive insurance company),Operating ratio,96.5
2018,12,53099,MELES Insurance A/S (captive insurance company),Relativt afløbsresultat,20.5
2018,12,53100,Ørsted Insurance A/S,Bruttoerstatningsprocent (Loss ratio),12.4
2018,12,53100,Ørsted Insurance A/S,Bruttoomkostningsprocent (Expense ratio),8.2
2018,12,53100,Ørsted Insurance A/S,Combined ratio,70.1
2018,12,53100,Ørsted Insurance A/S,Egenkapitalforrentning i pct. (Return on equity),2.5
2018,12,53100,Ørsted Insurance A/S,Operating ratio,70.4
2018,12,53100,Ørsted Insurance A/S,Relativt afløbsresultat,56.1
2018,12,53101,Salling Group Forsikring A/S,Bruttoerstatningsprocent (Loss ratio),67.0
2018,12,53101,Salling Group Forsikring A/S,Bruttoomkostningsprocent (Expense ratio),23.2
2018,12,53101,Salling Group Forsikring A/S,Combined ratio,81.7
2018,12,53101,Salling Group Forsikring A/S,Egenkapitalforrentning i pct. (Return on equity),6.2
2018,12,53101,Salling Group Forsikring A/S,Operating ratio,81.9
2018,12,53101,Salling Group Forsikring A/S,Relativt afløbsresultat,2.5
2018,12,53103,ETU Forsikring A/S,Bruttoerstatningsprocent (Loss ratio),60.7
2018,12,53103,ETU Forsikring A/S,Bruttoomkostningsprocent (Expense ratio),29.2
2018,12,53103,ETU Forsikring A/S,Combined ratio,95.7
2018,12,53103,ETU Forsikring A/S,Egenkapitalforrentning i pct. (Return on equity),8.7
2018,12,53103,ETU Forsikring A/S,Operating ratio,95.7
2018,12,53103,ETU Forsikring A/S,Relativt afløbsresultat,4.9
2018,12,53106,Forsikringsselskabet Vendsyssel A/S,Bruttoerstatningsprocent (Loss ratio),44.5
2018,12,53106,Forsikringsselskabet Vendsyssel A/S,Bruttoomkostningsprocent (Expense ratio),28.5
2018,12,53106,Forsikringsselskabet Vendsyssel A/S,Combined ratio,83.9
2018,12,53106,Forsikringsselskabet Vendsyssel A/S,Egenkapitalforrentning i pct. (Return on equity),1.7
2018,12,53106,Forsikringsselskabet Vendsyssel A/S,Operating ratio,84.0
2018,12,53106,Forsikringsselskabet Vendsyssel A/S,Relativt afløbsresultat,5.1
2018,12,53108,FF Forsikring A/S,Bruttoerstatningsprocent (Loss ratio),68.0
2018,12,53108,FF Forsikring A/S,Bruttoomkostningsprocent (Expense ratio),23.0
2018,12,53108,FF Forsikring A/S,Combined ratio,92.0
2018,12,53108,FF Forsikring A/S,Egenkapitalforrentning i pct. (Return on equity),4.0
2018,12,53108,FF Forsikring A/S,Operating ratio,92.0
2018,12,53108,FF Forsikring A/S,Relativt afløbsresultat,0.0
2018,12,53110,DSV Insurance A/S,Bruttoerstatningsprocent (Loss ratio),49.0
2018,12,53110,DSV Insurance A/S,Bruttoomkostningsprocent (Expense ratio),18.0
2018,12,53110,DSV Insurance A/S,Combined ratio,76.0
2018,12,53110,DSV Insurance A/S,Egenkapitalforrentning i pct. (Return on equity),27.0
2018,12,53110,DSV Insurance A/S,Operating ratio,76.0
2018,12,53110,DSV Insurance A/S,Relativt afløbsresultat,17.0
2018,12,53111,Fri Forsikring A/S,Bruttoerstatningsprocent (Loss ratio),61.2
2018,12,53111,Fri Forsikring A/S,Bruttoomkostningsprocent (Expense ratio),20.0
2018,12,53111,Fri Forsikring A/S,Combined ratio,84.7
2018,12,53111,Fri Forsikring A/S,Egenkapitalforrentning i pct. (Return on equity),5.9
2018,12,53111,Fri Forsikring A/S,Operating ratio,84.7
2018,12,53111,Fri Forsikring A/S,Relativt afløbsresultat,9.9
2018,12,53113,Maersk Insurance A/S,Bruttoerstatningsprocent (Loss ratio),167.0
2018,12,53113,Maersk Insurance A/S,Bruttoomkostningsprocent (Expense ratio),3.0
2018,12,53113,Maersk Insurance A/S,Combined ratio,79.0
2018,12,53113,Maersk Insurance A/S,Egenkapitalforrentning i pct. (Return on equity),7.0
2018,12,53113,Maersk Insurance A/S,Operating ratio,79.0
2018,12,53113,Maersk Insurance A/S,Relativt afløbsresultat,6.0
2018,12,53114,United Insurance af 01.08.2011 A/S,Bruttoerstatningsprocent (Loss ratio),0.0
2018,12,53114,United Insurance af 01.08.2011 A/S,Bruttoomkostningsprocent (Expense ratio),0.0
2018,12,53114,United Insurance af 01.08.2011 A/S,Combined ratio,0.0
2018,12,53114,United Insurance af 01.08.2011 A/S,Egenkapitalforrentning i pct. (Return on equity),0.0
2018,12,53114,United Insurance af 01.08.2011 A/S,Operating ratio,0.0
2018,12,53114,United Insurance af 01.08.2011 A/S,Relativt afløbsresultat,0.0
2018,12,53116,Global Dental Insurance A/S (under frivillig likvidation),Bruttoerstatningsprocent (Loss ratio),126.0
2018,12,53116,Global Dental Insurance A/S (under frivillig likvidation),Bruttoomkostningsprocent (Expense ratio),33.0
2018,12,53116,Global Dental Insurance A/S (under frivillig likvidation),Combined ratio,160.0
2018,12,53116,Global Dental Insurance A/S (under frivillig likvidation),Egenkapitalforrentning i pct. (Return on equity),-58.0
2018,12,53116,Global Dental Insurance A/S (under frivillig likvidation),Operating ratio,160.0
2018,12,53116,Global Dental Insurance A/S (under frivillig likvidation),Relativt afløbsresultat,24.0
2018,12,53117,GEFION FINANS A/S (under konkurs),Bruttoerstatningsprocent (Loss ratio),73.0
2018,12,53117,GEFION FINANS A/S (under konkurs),Bruttoomkostningsprocent (Expense ratio),27.0
2018,12,53117,GEFION FINANS A/S (under konkurs),Combined ratio,100.0
2018,12,53117,GEFION FINANS A/S (under konkurs),Egenkapitalforrentning i pct. (Return on equity),-11.4
2018,12,53117,GEFION FINANS A/S (under konkurs),Operating ratio,100.0
2018,12,53117,GEFION FINANS A/S (under konkurs),Relativt afløbsresultat,-4.8
2018,12,53118,"""danmark"" Erhverv, Skadesforsikringsaktieselskab",Bruttoerstatningsprocent (Loss ratio),170.5
2018,12,53118,"""danmark"" Erhverv, Skadesforsikringsaktieselskab",Bruttoomkostningsprocent (Expense ratio),376.6
2018,12,53118,"""danmark"" Erhverv, Skadesforsikringsaktieselskab",Combined ratio,547.1
2018,12,53118,"""danmark"" Erhverv, Skadesforsikringsaktieselskab",Egenkapitalforrentning i pct. (Return on equity),-4.9
2018,12,53118,"""danmark"" Erhverv, Skadesforsikringsaktieselskab",Operating ratio,547.3
2018,12,53118,"""danmark"" Erhverv, Skadesforsikringsaktieselskab",Relativt afløbsresultat,0.0
2018,12,53119,Domus Forsikring A/S,Bruttoerstatningsprocent (Loss ratio),88.8
2018,12,53119,Domus Forsikring A/S,Bruttoomkostningsprocent (Expense ratio),574.1
2018,12,53119,Domus Forsikring A/S,Combined ratio,662.9
2018,12,53119,Domus Forsikring A/S,Egenkapitalforrentning i pct. (Return on equity),-26.0
2018,12,53119,Domus Forsikring A/S,Operating ratio,662.9
2019,12,50018,ULYKKESFORSIKRINGSFORBUNDET FOR DANSK SØFART. GENSIDIGT FORBUND,Bruttoerstatningsprocent (Loss ratio),36.6
2019,12,50018,ULYKKESFORSIKRINGSFORBUNDET FOR DANSK SØFART. GENSIDIGT FORBUND,Bruttoomkostningsprocent (Expense ratio),15.5
2019,12,50018,ULYKKESFORSIKRINGSFORBUNDET FOR DANSK SØFART. GENSIDIGT FORBUND,Combined ratio,42.0
2019,12,50018,ULYKKESFORSIKRINGSFORBUNDET FOR DANSK SØFART. GENSIDIGT FORBUND,Egenkapitalforrentning i pct. (Return on equity),-4.8
2019,12,50018,ULYKKESFORSIKRINGSFORBUNDET FOR DANSK SØFART. GENSIDIGT FORBUND,Operating ratio,42.0
2019,12,50018,ULYKKESFORSIKRINGSFORBUNDET FOR DANSK SØFART. GENSIDIGT FORBUND,Relativt afløbsresultat,3.5
2019,12,50052,NEM Forsikring A/S,Bruttoerstatningsprocent (Loss ratio),69.8
2019,12,50052,NEM Forsikring A/S,Bruttoomkostningsprocent (Expense ratio),23.1
2019,12,50052,NEM Forsikring A/S,Combined ratio,98.9
2019,12,50052,NEM Forsikring A/S,Egenkapitalforrentning i pct. (Return on equity),4.1
2019,12,50052,NEM Forsikring A/S,Operating ratio,98.9
2019,12,50052,NEM Forsikring A/S,Relativt afløbsresultat,8.4
2019,12,50099,Lokal Forsikring G/S,Bruttoerstatningsprocent (Loss ratio),73.0
2019,12,50099,Lokal Forsikring G/S,Bruttoomkostningsprocent (Expense ratio),23.2
2019,12,50099,Lokal Forsikring G/S,Combined ratio,100.8
2019,12,50099,Lokal Forsikring G/S,Egenkapitalforrentning i pct. (Return on equity),8.9
2019,12,50099,Lokal Forsikring G/S,Operating ratio,100.9
2019,12,50099,Lokal Forsikring G/S,Relativt afløbsresultat,-5.7
2019,12,50102,VESTJYLLAND FORSIKRING GS.,Bruttoerstatningsprocent (Loss ratio),64.5
2019,12,50102,VESTJYLLAND FORSIKRING GS.,Bruttoomkostningsprocent (Expense ratio),18.9
2019,12,50102,VESTJYLLAND FORSIKRING GS.,Combined ratio,88.2
2019,12,50102,VESTJYLLAND FORSIKRING GS.,Egenkapitalforrentning i pct. (Return on equity),14.2
2019,12,50102,VESTJYLLAND FORSIKRING GS.,Operating ratio,88.3
2019,12,50102,VESTJYLLAND FORSIKRING GS.,Relativt afløbsresultat,9.1
2019,12,50140,HF-Forsikring G/S,Bruttoerstatningsprocent (Loss ratio),59.4
2019,12,50140,HF-Forsikring G/S,Bruttoomkostningsprocent (Expense ratio),44.3
2019,12,50140,HF-Forsikring G/S,Combined ratio,107.2
2019,12,50140,HF-Forsikring G/S,Egenkapitalforrentning i pct. (Return on equity),6.5
2019,12,50140,HF-Forsikring G/S,Operating ratio,107.4
2019,12,50140,HF-Forsikring G/S,Relativt afløbsresultat,5.3
2019,12,50149,Europæiske Rejseforsikring A/S,Bruttoerstatningsprocent (Loss ratio),57.86
2019,12,50149,Europæiske Rejseforsikring A/S,Bruttoomkostningsprocent (Expense ratio),43.3
2019,12,50149,Europæiske Rejseforsikring A/S,Combined ratio,101.89
2019,12,50149,Europæiske Rejseforsikring A/S,Egenkapitalforrentning i pct. (Return on equity),-2.09
2019,12,50149,Europæiske Rejseforsikring A/S,Operating ratio,101.76
2019,12,50149,Europæiske Rejseforsikring A/S,Relativt afløbsresultat,1.33
2019,12,50167,Storstrøms Forsikring G/S,Bruttoerstatningsprocent (Loss ratio),57.0
2019,12,50167,Storstrøms Forsikring G/S,Bruttoomkostningsprocent (Expense ratio),62.0
2019,12,50167,Storstrøms Forsikring G/S,Combined ratio,97.0
2019,12,50167,Storstrøms Forsikring G/S,Egenkapitalforrentning i pct. (Return on equity),8.0
2019,12,50167,Storstrøms Forsikring G/S,Operating ratio,96.0
2019,12,50167,Storstrøms Forsikring G/S,Relativt afløbsresultat,14.0
2019,12,50192,Kongeriget Danmarks Hesteforsikring G/S,Bruttoerstatningsprocent (Loss ratio),78.0
2019,12,50192,Kongeriget Danmarks Hesteforsikring G/S,Bruttoomkostningsprocent (Expense ratio),73.0
2019,12,50192,Kongeriget Danmarks Hesteforsikring G/S,Combined ratio,151.0
2019,12,50192,Kongeriget Danmarks Hesteforsikring G/S,Egenkapitalforrentning i pct. (Return on equity),-6.0
2019,12,50192,Kongeriget Danmarks Hesteforsikring G/S,Operating ratio,151.0
2019,12,50192,Kongeriget Danmarks Hesteforsikring G/S,Relativt afløbsresultat,42.0
2019,12,50230,Forsikringsselskabet VEJLE BRAND af 1841 g/s,Bruttoerstatningsprocent (Loss ratio),67.05
2019,12,50230,Forsikringsselskabet VEJLE BRAND af 1841 g/s,Bruttoomkostningsprocent (Expense ratio),37.1
2019,12,50230,Forsikringsselskabet VEJLE BRAND af 1841 g/s,Combined ratio,109.18
2019,12,50230,Forsikringsselskabet VEJLE BRAND af 1841 g/s,Egenkapitalforrentning i pct. (Return on equity),2.88
2019,12,50230,Forsikringsselskabet VEJLE BRAND af 1841 g/s,Operating ratio,109.33
2019,12,50230,Forsikringsselskabet VEJLE BRAND af 1841 g/s,Relativt afløbsresultat,-2.13
2019,12,50234,Landinspektørernes gensidige Erhvervsansvarsforsikring,Bruttoerstatningsprocent (Loss ratio),130.0
2019,12,50234,Landinspektørernes gensidige Erhvervsansvarsforsikring,Bruttoomkostningsprocent (Expense ratio),32.6
2019,12,50234,Landinspektørernes gensidige Erhvervsansvarsforsikring,Combined ratio,173.2
2019,12,50234,Landinspektørernes gensidige Erhvervsansvarsforsikring,Egenkapitalforrentning i pct. (Return on equity),-4.0
2019,12,50234,Landinspektørernes gensidige Erhvervsansvarsforsikring,Operating ratio,173.4
2019,12,50234,Landinspektørernes gensidige Erhvervsansvarsforsikring,Relativt afløbsresultat,29.2
2019,12,50240,Sønderjysk Forsikring G/S,Bruttoerstatningsprocent (Loss ratio),67.1
2019,12,50240,Sønderjysk Forsikring G/S,Bruttoomkostningsprocent (Expense ratio),24.2
2019,12,50240,Sønderjysk Forsikring G/S,Combined ratio,96.6
2019,12,50240,Sønderjysk Forsikring G/S,Egenkapitalforrentning i pct. (Return on equity),8.8
2019,12,50240,Sønderjysk Forsikring G/S,Operating ratio,96.7
2019,12,50240,Sønderjysk Forsikring G/S,Relativt afløbsresultat,6.9
2019,12,50253,Aros Forsikring - gensidigt forsikringsselskab,Bruttoerstatningsprocent (Loss ratio),72.5
2019,12,50253,Aros Forsikring - gensidigt forsikringsselskab,Bruttoomkostningsprocent (Expense ratio),22.8
2019,12,50253,Aros Forsikring - gensidigt forsikringsselskab,Combined ratio,99.1
2019,12,50253,Aros Forsikring - gensidigt forsikringsselskab,Egenkapitalforrentning i pct. (Return on equity),8.2
2019,12,50253,Aros Forsikring - gensidigt forsikringsselskab,Operating ratio,99.2
2019,12,50253,Aros Forsikring - gensidigt forsikringsselskab,Relativt afløbsresultat,-1.2
2019,12,50295,GARTNERNES FORSIKRING GS. DANSK JORDBRUG,Bruttoerstatningsprocent (Loss ratio),65.0
2019,12,50295,GARTNERNES FORSIKRING GS. DANSK JORDBRUG,Bruttoomkostningsprocent (Expense ratio),31.0
2019,12,50295,GARTNERNES FORSIKRING GS. DANSK JORDBRUG,Combined ratio,104.0
2019,12,50295,GARTNERNES FORSIKRING GS. DANSK JORDBRUG,Egenkapitalforrentning i pct. (Return on equity),0.0
2019,12,50295,GARTNERNES FORSIKRING GS. DANSK JORDBRUG,Operating ratio,104.0
2019,12,50295,GARTNERNES FORSIKRING GS. DANSK JORDBRUG,Relativt afløbsresultat,8.0
2019,12,50421,Det gensidige forsikringsselskab Dansk Plantageforsikring,Bruttoerstatningsprocent (Loss ratio),0.0
2019,12,50421,Det gensidige forsikringsselskab Dansk Plantageforsikring,Bruttoomkostningsprocent (Expense ratio),196.0
2019,12,50421,Det gensidige forsikringsselskab Dansk Plantageforsikring,Combined ratio,196.0
2019,12,50421,Det gensidige forsikringsselskab Dansk Plantageforsikring,Egenkapitalforrentning i pct. (Return on equity),1.2
2019,12,50421,Det gensidige forsikringsselskab Dansk Plantageforsikring,Operating ratio,196.0
2019,12,50421,Det gensidige forsikringsselskab Dansk Plantageforsikring,Relativt afløbsresultat,0.0
2019,12,50453,NærBrand G/S (Under frivillig likvidation),Bruttoerstatningsprocent (Loss ratio),69.6
2019,12,50453,NærBrand G/S (Under frivillig likvidation),Bruttoomkostningsprocent (Expense ratio),73.5
2019,12,50453,NærBrand G/S (Under frivillig likvidation),Combined ratio,145.4
2019,12,50453,NærBrand G/S (Under frivillig likvidation),Egenkapitalforrentning i pct. (Return on equity),2.8
2019,12,50453,NærBrand G/S (Under frivillig likvidation),Operating ratio,145.4
2019,12,50453,NærBrand G/S (Under frivillig likvidation),Relativt afløbsresultat,-0.9
2019,12,50479,Skibsforsikringen Frederikshavn G/F,Bruttoerstatningsprocent (Loss ratio),84.0
2019,12,50479,Skibsforsikringen Frederikshavn G/F,Bruttoomkostningsprocent (Expense ratio),23.0
2019,12,50479,Skibsforsikringen Frederikshavn G/F,Combined ratio,107.0
2019,12,50479,Skibsforsikringen Frederikshavn G/F,Egenkapitalforrentning i pct. (Return on equity),-2.8
2019,12,50479,Skibsforsikringen Frederikshavn G/F,Operating ratio,107.0
2019,12,50479,Skibsforsikringen Frederikshavn G/F,Relativt afløbsresultat,-0.5
2019,12,50540,Dansk Jagtforsikring A/S,Bruttoerstatningsprocent (Loss ratio),0.0
2019,12,50540,Dansk Jagtforsikring A/S,Bruttoomkostningsprocent (Expense ratio),0.0
2019,12,50540,Dansk Jagtforsikring A/S,Combined ratio,0.0
2019,12,50540,Dansk Jagtforsikring A/S,Egenkapitalforrentning i pct. (Return on equity),0.4
2019,12,50540,Dansk Jagtforsikring A/S,Operating ratio,0.0
2019,12,50540,Dansk Jagtforsikring A/S,Relativt afløbsresultat,-2.6
2019,12,50568,Danske Privatbaners Forsikringsforening G/S,Bruttoerstatningsprocent (Loss ratio),31.0
2019,12,50568,Danske Privatbaners Forsikringsforening G/S,Bruttoomkostningsprocent (Expense ratio),14.0
2019,12,50568,Danske Privatbaners Forsikringsforening G/S,Combined ratio,86.0
2019,12,50568,Danske Privatbaners Forsikringsforening G/S,Egenkapitalforrentning i pct. (Return on equity),3.0
2019,12,50568,Danske Privatbaners Forsikringsforening G/S,Operating ratio,86.0
2019,12,50568,Danske Privatbaners Forsikringsforening G/S,Relativt afløbsresultat,-2.0
2019,12,50580,Dansk Søforsikring G/S (opløst efter frivillig likvidation),Bruttoerstatningsprocent (Loss ratio),494.0
2019,12,50580,Dansk Søforsikring G/S (opløst efter frivillig likvidation),Bruttoomkostningsprocent (Expense ratio),48.0
2019,12,50580,Dansk Søforsikring G/S (opløst efter frivillig likvidation),Combined ratio,482.0
2019,12,50580,Dansk Søforsikring G/S (opløst efter frivillig likvidation),Egenkapitalforrentning i pct. (Return on equity),-118.0
2019,12,50580,Dansk Søforsikring G/S (opløst efter frivillig likvidation),Operating ratio,482.0
2019,12,50580,Dansk Søforsikring G/S (opløst efter frivillig likvidation),Relativt afløbsresultat,-105.0
2019,12,50635,Fiskernes Forsikring G/S,Bruttoerstatningsprocent (Loss ratio),65.0
2019,12,50635,Fiskernes Forsikring G/S,Bruttoomkostningsprocent (Expense ratio),39.0
2019,12,50635,Fiskernes Forsikring G/S,Combined ratio,117.0
2019,12,50635,Fiskernes Forsikring G/S,Egenkapitalforrentning i pct. (Return on equity),3.0
2019,12,50635,Fiskernes Forsikring G/S,Operating ratio,117.0
2019,12,50635,Fiskernes Forsikring G/S,Relativt afløbsresultat,6.0
2019,12,51519,Popermo Forsikring g/s,Bruttoerstatningsprocent (Loss ratio),93.5
2019,12,51519,Popermo Forsikring g/s,Bruttoomkostningsprocent (Expense ratio),12.2
2019,12,51519,Popermo Forsikring g/s,Combined ratio,106.8
2019,12,51519,Popermo Forsikring g/s,Egenkapitalforrentning i pct. (Return on equity),1.1
2019,12,51519,Popermo Forsikring g/s,Operating ratio,107.3
2019,12,51519,Popermo Forsikring g/s,Relativt afløbsresultat,-2.1
2019,12,51571,Forsikringsselskabet HIMMERLAND G/S,Bruttoerstatningsprocent (Loss ratio),65.7
2019,12,51571,Forsikringsselskabet HIMMERLAND G/S,Bruttoomkostningsprocent (Expense ratio),25.2
2019,12,51571,Forsikringsselskabet HIMMERLAND G/S,Combined ratio,95.4
2019,12,51571,Forsikringsselskabet HIMMERLAND G/S,Egenkapitalforrentning i pct. (Return on equity),6.9
2019,12,51571,Forsikringsselskabet HIMMERLAND G/S,Operating ratio,95.5
2019,12,51571,Forsikringsselskabet HIMMERLAND G/S,Relativt afløbsresultat,6.6
2019,12,51619,GF Forsikring A/S,Bruttoerstatningsprocent (Loss ratio),66.8
2019,12,51619,GF Forsikring A/S,Bruttoomkostningsprocent (Expense ratio),24.9
2019,12,51619,GF Forsikring A/S,Combined ratio,93.7
2019,12,51619,GF Forsikring A/S,Egenkapitalforrentning i pct. (Return on equity),14.0
2019,12,51619,GF Forsikring A/S,Operating ratio,93.8
2019,12,51619,GF Forsikring A/S,Relativt afløbsresultat,12.8
2019,12,51706,"SYGEFORSIKRINGEN ""DANMARK"", GS",Bruttoerstatningsprocent (Loss ratio),99.4
2019,12,51706,"SYGEFORSIKRINGEN ""DANMARK"", GS",Bruttoomkostningsprocent (Expense ratio),3.5
2019,12,51706,"SYGEFORSIKRINGEN ""DANMARK"", GS",Combined ratio,102.8
2019,12,51706,"SYGEFORSIKRINGEN ""DANMARK"", GS",Egenkapitalforrentning i pct. (Return on equity),11.5
2019,12,51706,"SYGEFORSIKRINGEN ""DANMARK"", GS",Operating ratio,102.9
2019,12,51706,"SYGEFORSIKRINGEN ""DANMARK"", GS",Relativt afløbsresultat,0.6
2019,12,51777,Thisted Forsikring A/S,Bruttoerstatningsprocent (Loss ratio),67.7
2019,12,51777,Thisted Forsikring A/S,Bruttoomkostningsprocent (Expense ratio),21.6
2019,12,51777,Thisted Forsikring A/S,Combined ratio,91.8
2019,12,51777,Thisted Forsikring A/S,Egenkapitalforrentning i pct. (Return on equity),10.0
2019,12,51777,Thisted Forsikring A/S,Operating ratio,91.9
2019,12,51777,Thisted Forsikring A/S,Relativt afløbsresultat,10.5
2019,12,51778,"Købstædernes Forsikring, gensidig",Bruttoerstatningsprocent (Loss ratio),76.6
2019,12,51778,"Købstædernes Forsikring, gensidig",Bruttoomkostningsprocent (Expense ratio),19.6
2019,12,51778,"Købstædernes Forsikring, gensidig",Combined ratio,99.2
2019,12,51778,"Købstædernes Forsikring, gensidig",Egenkapitalforrentning i pct. (Return on equity),6.1
2019,12,51778,"Købstædernes Forsikring, gensidig",Operating ratio,99.3
2019,12,51778,"Købstædernes Forsikring, gensidig",Relativt afløbsresultat,1.8
2019,12,51949,Forsikringsselskabet Nærsikring A/S,Bruttoerstatningsprocent (Loss ratio),86.6
2019,12,51949,Forsikringsselskabet Nærsikring A/S,Bruttoomkostningsprocent (Expense ratio),14.9
2019,12,51949,Forsikringsselskabet Nærsikring A/S,Combined ratio,102.3
2019,12,51949,Forsikringsselskabet Nærsikring A/S,Egenkapitalforrentning i pct. (Return on equity),-1.4
2019,12,51949,Forsikringsselskabet Nærsikring A/S,Operating ratio,102.3
2019,12,52009,Topdanmark Forsikring A/S,Bruttoerstatningsprocent (Loss ratio),62.1
2019,12,52009,Topdanmark Forsikring A/S,Bruttoomkostningsprocent (Expense ratio),16.5
2019,12,52009,Topdanmark Forsikring A/S,Combined ratio,81.2
2019,12,52009,Topdanmark Forsikring A/S,Egenkapitalforrentning i pct. (Return on equity),26.9
2019,12,52009,Topdanmark Forsikring A/S,Operating ratio,81.2
2019,12,52009,Topdanmark Forsikring A/S,Relativt afløbsresultat,3.7
2019,12,52042,Codan Forsikring A/S,Bruttoerstatningsprocent (Loss ratio),69.0
2019,12,52042,Codan Forsikring A/S,Bruttoomkostningsprocent (Expense ratio),16.0
2019,12,52042,Codan Forsikring A/S,Combined ratio,87.6
2019,12,52042,Codan Forsikring A/S,Egenkapitalforrentning i pct. (Return on equity),25.6
2019,12,52042,Codan Forsikring A/S,Operating ratio,87.6
2019,12,52042,Codan Forsikring A/S,Relativt afløbsresultat,2.5
2019,12,53028,Bornholms Brandforsikring A/S,Bruttoerstatningsprocent (Loss ratio),64.0
2019,12,53028,Bornholms Brandforsikring A/S,Bruttoomkostningsprocent (Expense ratio),21.7
2019,12,53028,Bornholms Brandforsikring A/S,Combined ratio,87.4
2019,12,53028,Bornholms Brandforsikring A/S,Egenkapitalforrentning i pct. (Return on equity),9.4
2019,12,53028,Bornholms Brandforsikring A/S,Operating ratio,87.4
2019,12,53028,Bornholms Brandforsikring A/S,Relativt afløbsresultat,3.3
2019,12,53040,LB Forsikring A/S,Bruttoerstatningsprocent (Loss ratio),79.9
2019,12,53040,LB Forsikring A/S,Bruttoomkostningsprocent (Expense ratio),18.3
2019,12,53040,LB Forsikring A/S,Combined ratio,100.1
2019,12,53040,LB Forsikring A/S,Egenkapitalforrentning i pct. (Return on equity),9.0
2019,12,53040,LB Forsikring A/S,Operating ratio,100.1
2019,12,53040,LB Forsikring A/S,Relativt afløbsresultat,3.8
2019,12,53053,PenSam Forsikring A/S,Bruttoerstatningsprocent (Loss ratio),61.3
2019,12,53053,PenSam Forsikring A/S,Bruttoomkostningsprocent (Expense ratio),27.6
2019,12,53053,PenSam Forsikring A/S,Combined ratio,94.8
2019,12,53053,PenSam Forsikring A/S,Egenkapitalforrentning i pct. (Return on equity),10.9
2019,12,53053,PenSam Forsikring A/S,Operating ratio,94.8
2019,12,53053,PenSam Forsikring A/S,Relativt afløbsresultat,2.1
2019,12,53055,Concordia Forsikring A/S,Bruttoerstatningsprocent (Loss ratio),66.2
2019,12,53055,Concordia Forsikring A/S,Bruttoomkostningsprocent (Expense ratio),15.5
2019,12,53055,Concordia Forsikring A/S,Combined ratio,91.6
2019,12,53055,Concordia Forsikring A/S,Egenkapitalforrentning i pct. (Return on equity),10.5
2019,12,53055,Concordia Forsikring A/S,Operating ratio,91.7
2019,12,53055,Concordia Forsikring A/S,Relativt afløbsresultat,17.3
2019,12,53065,Borealis Insurance A/S (captive insurance company),Bruttoerstatningsprocent (Loss ratio),21.65
2019,12,53065,Borealis Insurance A/S (captive insurance company),Bruttoomkostningsprocent (Expense ratio),1.11
2019,12,53065,Borealis Insurance A/S (captive insurance company),Combined ratio,86.78
2019,12,53065,Borealis Insurance A/S (captive insurance company),Egenkapitalforrentning i pct. (Return on equity),3.35
2019,12,53065,Borealis Insurance A/S (captive insurance company),Operating ratio,86.85
2019,12,53065,Borealis Insurance A/S (captive insurance company),Relativt afløbsresultat,-1.06
2019,12,53070,Tryg Forsikring A/S,Bruttoerstatningsprocent (Loss ratio),68.2
2019,12,53070,Tryg Forsikring A/S,Bruttoomkostningsprocent (Expense ratio),15.0
2019,12,53070,Tryg Forsikring A/S,Combined ratio,85.8
2019,12,53070,Tryg Forsikring A/S,Egenkapitalforrentning i pct. (Return on equity),23.6
2019,12,53070,Tryg Forsikring A/S,Operating ratio,85.8
2019,12,53070,Tryg Forsikring A/S,Relativt afløbsresultat,5.4
2019,12,53072,"FORSIKRINGSSELSKABET DANICA, SKADEFORSIKRINGSAKTIESELSKAB AF 1999",Bruttoerstatningsprocent (Loss ratio),114.2
2019,12,53072,"FORSIKRINGSSELSKABET DANICA, SKADEFORSIKRINGSAKTIESELSKAB AF 1999",Bruttoomkostningsprocent (Expense ratio),7.4
2019,12,53072,"FORSIKRINGSSELSKABET DANICA, SKADEFORSIKRINGSAKTIESELSKAB AF 1999",Combined ratio,121.5
2019,12,53072,"FORSIKRINGSSELSKABET DANICA, SKADEFORSIKRINGSAKTIESELSKAB AF 1999",Egenkapitalforrentning i pct. (Return on equity),11.2
2019,12,53072,"FORSIKRINGSSELSKABET DANICA, SKADEFORSIKRINGSAKTIESELSKAB AF 1999",Operating ratio,121.5
2019,12,53072,"FORSIKRINGSSELSKABET DANICA, SKADEFORSIKRINGSAKTIESELSKAB AF 1999",Relativt afløbsresultat,0.0
2019,12,53074,Forsikringsselskabet PrivatSikring A/S,Bruttoerstatningsprocent (Loss ratio),60.4
2019,12,53074,Forsikringsselskabet PrivatSikring A/S,Bruttoomkostningsprocent (Expense ratio),25.2
2019,12,53074,Forsikringsselskabet PrivatSikring A/S,Combined ratio,87.3
2019,12,53074,Forsikringsselskabet PrivatSikring A/S,Egenkapitalforrentning i pct. (Return on equity),18.1
2019,12,53074,Forsikringsselskabet PrivatSikring A/S,Operating ratio,87.3
2019,12,53074,Forsikringsselskabet PrivatSikring A/S,Relativt afløbsresultat,0.6
2019,12,53086,Alm. Brand Forsikring A/S,Bruttoerstatningsprocent (Loss ratio),68.1
2019,12,53086,Alm. Brand Forsikring A/S,Bruttoomkostningsprocent (Expense ratio),17.8
2019,12,53086,Alm. Brand Forsikring A/S,Combined ratio,90.4
2019,12,53086,Alm. Brand Forsikring A/S,Egenkapitalforrentning i pct. (Return on equity),17.5
2019,12,53086,Alm. Brand Forsikring A/S,Operating ratio,90.4
2019,12,53086,Alm. Brand Forsikring A/S,Relativt afløbsresultat,2.8
2019,12,53087,Dansk Boligforsikring A/S,Bruttoerstatningsprocent (Loss ratio),49.2
2019,12,53087,Dansk Boligforsikring A/S,Bruttoomkostningsprocent (Expense ratio),26.9
2019,12,53087,Dansk Boligforsikring A/S,Combined ratio,79.3
2019,12,53087,Dansk Boligforsikring A/S,Egenkapitalforrentning i pct. (Return on equity),18.8
2019,12,53087,Dansk Boligforsikring A/S,Operating ratio,79.3
2019,12,53087,Dansk Boligforsikring A/S,Relativt afløbsresultat,9.6
2019,12,53090,LUNDBECK INS A/S under frivillig likvidation,Bruttoerstatningsprocent (Loss ratio),0.0
2019,12,53090,LUNDBECK INS A/S under frivillig likvidation,Bruttoomkostningsprocent (Expense ratio),23.0
2019,12,53090,LUNDBECK INS A/S under frivillig likvidation,Combined ratio,23.0
2019,12,53090,LUNDBECK INS A/S under frivillig likvidation,Egenkapitalforrentning i pct. (Return on equity),3.37
2019,12,53090,LUNDBECK INS A/S under frivillig likvidation,Operating ratio,23.2
2019,12,53090,LUNDBECK INS A/S under frivillig likvidation,Relativt afløbsresultat,0.0
2019,12,53092,Carlsberg Captive Insurance Company A/S,Bruttoerstatningsprocent (Loss ratio),3.6
2019,12,53092,Carlsberg Captive Insurance Company A/S,Bruttoomkostningsprocent (Expense ratio),14.3
2019,12,53092,Carlsberg Captive Insurance Company A/S,Combined ratio,17.9
2019,12,53092,Carlsberg Captive Insurance Company A/S,Egenkapitalforrentning i pct. (Return on equity),11.6
2019,12,53092,Carlsberg Captive Insurance Company A/S,Operating ratio,18.0
2019,12,53092,Carlsberg Captive Insurance Company A/S,Relativt afløbsresultat,0.0
2019,12,53093,Arriva Insurance A/S,Bruttoerstatningsprocent (Loss ratio),48.0
2019,12,53093,Arriva Insurance A/S,Bruttoomkostningsprocent (Expense ratio),7.0
2019,12,53093,Arriva Insurance A/S,Combined ratio,44.0
2019,12,53093,Arriva Insurance A/S,Egenkapitalforrentning i pct. (Return on equity),9.0
2019,12,53093,Arriva Insurance A/S,Operating ratio,44.0
2019,12,53093,Arriva Insurance A/S,Relativt afløbsresultat,-11.0
2019,12,53095,Dansk Musiker Forbund Forsikring G/S,Bruttoerstatningsprocent (Loss ratio),35.9
2019,12,53095,Dansk Musiker Forbund Forsikring G/S,Bruttoomkostningsprocent (Expense ratio),60.7
2019,12,53095,Dansk Musiker Forbund Forsikring G/S,Combined ratio,99.5
2019,12,53095,Dansk Musiker Forbund Forsikring G/S,Egenkapitalforrentning i pct. (Return on equity),0.9
2019,12,53095,Dansk Musiker Forbund Forsikring G/S,Operating ratio,99.5
2019,12,53095,Dansk Musiker Forbund Forsikring G/S,Relativt afløbsresultat,41.8
2019,12,53099,MELES Insurance A/S (captive insurance company),Bruttoerstatningsprocent (Loss ratio),72.7
2019,12,53099,MELES Insurance A/S (captive insurance company),Bruttoomkostningsprocent (Expense ratio),7.3
2019,12,53099,MELES Insurance A/S (captive insurance company),Combined ratio,84.8
2019,12,53099,MELES Insurance A/S (captive insurance company),Egenkapitalforrentning i pct. (Return on equity),9.3
2019,12,53099,MELES Insurance A/S (captive insurance company),Operating ratio,84.9
2019,12,53099,MELES Insurance A/S (captive insurance company),Relativt afløbsresultat,-10.1
2019,12,53100,Ørsted Insurance A/S,Bruttoerstatningsprocent (Loss ratio),4.7
2019,12,53100,Ørsted Insurance A/S,Bruttoomkostningsprocent (Expense ratio),11.8
2019,12,53100,Ørsted Insurance A/S,Combined ratio,65.7
2019,12,53100,Ørsted Insurance A/S,Egenkapitalforrentning i pct. (Return on equity),2.6
2019,12,53100,Ørsted Insurance A/S,Operating ratio,63.2
2019,12,53100,Ørsted Insurance A/S,Relativt afløbsresultat,17.9
2019,12,53101,Salling Group Forsikring A/S,Bruttoerstatningsprocent (Loss ratio),114.3
2019,12,53101,Salling Group Forsikring A/S,Bruttoomkostningsprocent (Expense ratio),19.3
2019,12,53101,Salling Group Forsikring A/S,Combined ratio,118.5
2019,12,53101,Salling Group Forsikring A/S,Egenkapitalforrentning i pct. (Return on equity),1.0
2019,12,53101,Salling Group Forsikring A/S,Operating ratio,118.9
2019,12,53101,Salling Group Forsikring A/S,Relativt afløbsresultat,-3.6
2019,12,53103,ETU Forsikring A/S,Bruttoerstatningsprocent (Loss ratio),69.7
2019,12,53103,ETU Forsikring A/S,Bruttoomkostningsprocent (Expense ratio),27.5
2019,12,53103,ETU Forsikring A/S,Combined ratio,98.8
2019,12,53103,ETU Forsikring A/S,Egenkapitalforrentning i pct. (Return on equity),0.3
2019,12,53103,ETU Forsikring A/S,Operating ratio,98.8
2019,12,53103,ETU Forsikring A/S,Relativt afløbsresultat,-13.6
2019,12,53106,Forsikringsselskabet Vendsyssel A/S,Bruttoerstatningsprocent (Loss ratio),57.6
2019,12,53106,Forsikringsselskabet Vendsyssel A/S,Bruttoomkostningsprocent (Expense ratio),29.7
2019,12,53106,Forsikringsselskabet Vendsyssel A/S,Combined ratio,91.4
2019,12,53106,Forsikringsselskabet Vendsyssel A/S,Egenkapitalforrentning i pct. (Return on equity),7.4
2019,12,53106,Forsikringsselskabet Vendsyssel A/S,Operating ratio,91.4
2019,12,53106,Forsikringsselskabet Vendsyssel A/S,Relativt afløbsresultat,-16.7
2019,12,53108,FF Forsikring A/S,Bruttoerstatningsprocent (Loss ratio),71.0
2019,12,53108,FF Forsikring A/S,Bruttoomkostningsprocent (Expense ratio),26.0
2019,12,53108,FF Forsikring A/S,Combined ratio,96.0
2019,12,53108,FF Forsikring A/S,Egenkapitalforrentning i pct. (Return on equity),6.0
2019,12,53108,FF Forsikring A/S,Operating ratio,96.0
2019,12,53108,FF Forsikring A/S,Relativt afløbsresultat,0.0
2019,12,53110,DSV Insurance A/S,Bruttoerstatningsprocent (Loss ratio),45.8
2019,12,53110,DSV Insurance A/S,Bruttoomkostningsprocent (Expense ratio),17.5
2019,12,53110,DSV Insurance A/S,Combined ratio,72.3
2019,12,53110,DSV Insurance A/S,Egenkapitalforrentning i pct. (Return on equity),33.6
2019,12,53110,DSV Insurance A/S,Operating ratio,72.3
2019,12,53110,DSV Insurance A/S,Relativt afløbsresultat,18.0
2019,12,53111,Fri Forsikring A/S,Bruttoerstatningsprocent (Loss ratio),67.7
2019,12,53111,Fri Forsikring A/S,Bruttoomkostningsprocent (Expense ratio),24.0
2019,12,53111,Fri Forsikring A/S,Combined ratio,94.7
2019,12,53111,Fri Forsikring A/S,Egenkapitalforrentning i pct. (Return on equity),12.8
2019,12,53111,Fri Forsikring A/S,Operating ratio,94.7
2019,12,53111,Fri Forsikring A/S,Relativt afløbsresultat,-1.7
2019,12,53113,Maersk Insurance A/S,Bruttoerstatningsprocent (Loss ratio),27.0
2019,12,53113,Maersk Insurance A/S,Bruttoomkostningsprocent (Expense ratio),4.0
2019,12,53113,Maersk Insurance A/S,Combined ratio,74.0
2019,12,53113,Maersk Insurance A/S,Egenkapitalforrentning i pct. (Return on equity),10.0
2019,12,53113,Maersk Insurance A/S,Operating ratio,73.0
2019,12,53113,Maersk Insurance A/S,Relativt afløbsresultat,2.0
2019,12,53114,United Insurance af 01.08.2011 A/S,Bruttoerstatningsprocent (Loss ratio),0.0
2019,12,53114,United Insurance af 01.08.2011 A/S,Bruttoomkostningsprocent (Expense ratio),0.0
2019,12,53114,United Insurance af 01.08.2011 A/S,Combined ratio,0.0
2019,12,53114,United Insurance af 01.08.2011 A/S,Egenkapitalforrentning i pct. (Return on equity),-1.0
2019,12,53114,United Insurance af 01.08.2011 A/S,Operating ratio,0.0
2019,12,53114,United Insurance af 01.08.2011 A/S,Relativt afløbsresultat,-100.0
2019,12,53116,Global Dental Insurance A/S (under frivillig likvidation),Bruttoerstatningsprocent (Loss ratio),100.0
2019,12,53116,Global Dental Insurance A/S (under frivillig likvidation),Bruttoomkostningsprocent (Expense ratio),25.0
2019,12,53116,Global Dental Insurance A/S (under frivillig likvidation),Combined ratio,125.0
2019,12,53116,Global Dental Insurance A/S (under frivillig likvidation),Egenkapitalforrentning i pct. (Return on equity),-32.0
2019,12,53116,Global Dental Insurance A/S (under frivillig likvidation),Operating ratio,125.0
2019,12,53116,Global Dental Insurance A/S (under frivillig likvidation),Relativt afløbsresultat,12.0
2019,12,53117,GEFION FINANS A/S (under konkurs),Bruttoerstatningsprocent (Loss ratio),81.6
2019,12,53117,GEFION FINANS A/S (under konkurs),Bruttoomkostningsprocent (Expense ratio),17.7
2019,12,53117,GEFION FINANS A/S (under konkurs),Combined ratio,97.7
2019,12,53117,GEFION FINANS A/S (under konkurs),Egenkapitalforrentning i pct. (Return on equity),103.0
2019,12,53117,GEFION FINANS A/S (under konkurs),Operating ratio,97.7
2019,12,53117,GEFION FINANS A/S (under konkurs),Relativt afløbsresultat,6.9
2019,12,53118,"""danmark"" Erhverv, Skadesforsikringsaktieselskab",Bruttoerstatningsprocent (Loss ratio),177.1
2019,12,53118,"""danmark"" Erhverv, Skadesforsikringsaktieselskab",Bruttoomkostningsprocent (Expense ratio),211.2
2019,12,53118,"""danmark"" Erhverv, Skadesforsikringsaktieselskab",Combined ratio,388.3
2019,12,53118,"""danmark"" Erhverv, Skadesforsikringsaktieselskab",Egenkapitalforrentning i pct. (Return on equity),1.1
2019,12,53118,"""danmark"" Erhverv, Skadesforsikringsaktieselskab",Operating ratio,388.5
2019,12,53118,"""danmark"" Erhverv, Skadesforsikringsaktieselskab",Relativt afløbsresultat,0.0
2019,12,53119,Domus Forsikring A/S,Bruttoerstatningsprocent (Loss ratio),73.3
2019,12,53119,Domus Forsikring A/S,Bruttoomkostningsprocent (Expense ratio),15.5
2019,12,53119,Domus Forsikring A/S,Combined ratio,103.8
2019,12,53119,Domus Forsikring A/S,Egenkapitalforrentning i pct. (Return on equity),-15.6
2019,12,53119,Domus Forsikring A/S,Operating ratio,103.8
2019,12,53120,Amorta Arbejdsskadesforsikringsselskab A/S,Egenkapitalforrentning i pct. (Return on equity),1.0
2019,12,53120,Amorta Arbejdsskadesforsikringsselskab A/S,Relativt afløbsresultat,7.1
2020,12,50018,ULYKKESFORSIKRINGSFORBUNDET FOR DANSK SØFART. GENSIDIGT FORBUND,Bruttoerstatningsprocent (Loss ratio),36.6
2020,12,50018,ULYKKESFORSIKRINGSFORBUNDET FOR DANSK SØFART. GENSIDIGT FORBUND,Bruttoomkostningsprocent (Expense ratio),15.5
2020,12,50018,ULYKKESFORSIKRINGSFORBUNDET FOR DANSK SØFART. GENSIDIGT FORBUND,Combined ratio,42.0
2020,12,50018,ULYKKESFORSIKRINGSFORBUNDET FOR DANSK SØFART. GENSIDIGT FORBUND,Egenkapitalforrentning i pct. (Return on equity),-4.8
2020,12,50018,ULYKKESFORSIKRINGSFORBUNDET FOR DANSK SØFART. GENSIDIGT FORBUND,Operating ratio,42.0
2020,12,50018,ULYKKESFORSIKRINGSFORBUNDET FOR DANSK SØFART. GENSIDIGT FORBUND,Relativt afløbsresultat,3.5
2020,12,50052,NEM Forsikring A/S,Bruttoerstatningsprocent (Loss ratio),64.4
2020,12,50052,NEM Forsikring A/S,Bruttoomkostningsprocent (Expense ratio),27.1
2020,12,50052,NEM Forsikring A/S,Combined ratio,95.4
2020,12,50052,NEM Forsikring A/S,Egenkapitalforrentning i pct. (Return on equity),41.2
2020,12,50052,NEM Forsikring A/S,Operating ratio,95.4
2020,12,50052,NEM Forsikring A/S,Relativt afløbsresultat,8.7
2020,12,50099,Lokal Forsikring G/S,Bruttoerstatningsprocent (Loss ratio),62.0
2020,12,50099,Lokal Forsikring G/S,Bruttoomkostningsprocent (Expense ratio),20.4
2020,12,50099,Lokal Forsikring G/S,Combined ratio,90.3
2020,12,50099,Lokal Forsikring G/S,Egenkapitalforrentning i pct. (Return on equity),12.1
2020,12,50099,Lokal Forsikring G/S,Operating ratio,90.5
2020,12,50099,Lokal Forsikring G/S,Relativt afløbsresultat,3.9
2020,12,50102,VESTJYLLAND FORSIKRING GS.,Bruttoerstatningsprocent (Loss ratio),72.3
2020,12,50102,VESTJYLLAND FORSIKRING GS.,Bruttoomkostningsprocent (Expense ratio),17.1
2020,12,50102,VESTJYLLAND FORSIKRING GS.,Combined ratio,92.5
2020,12,50102,VESTJYLLAND FORSIKRING GS.,Egenkapitalforrentning i pct. (Return on equity),6.1
2020,12,50102,VESTJYLLAND FORSIKRING GS.,Operating ratio,92.7
2020,12,50102,VESTJYLLAND FORSIKRING GS.,Relativt afløbsresultat,-1.6
2020,12,50140,HF-Forsikring G/S,Bruttoerstatningsprocent (Loss ratio),50.4
2020,12,50140,HF-Forsikring G/S,Bruttoomkostningsprocent (Expense ratio),43.5
2020,12,50140,HF-Forsikring G/S,Combined ratio,105.5
2020,12,50140,HF-Forsikring G/S,Egenkapitalforrentning i pct. (Return on equity),0.8
2020,12,50140,HF-Forsikring G/S,Operating ratio,105.7
2020,12,50140,HF-Forsikring G/S,Relativt afløbsresultat,-0.5
2020,12,50149,Europæiske Rejseforsikring A/S,Bruttoerstatningsprocent (Loss ratio),60.35
2020,12,50149,Europæiske Rejseforsikring A/S,Bruttoomkostningsprocent (Expense ratio),59.47
2020,12,50149,Europæiske Rejseforsikring A/S,Combined ratio,111.07
2020,12,50149,Europæiske Rejseforsikring A/S,Egenkapitalforrentning i pct. (Return on equity),-9.38
2020,12,50149,Europæiske Rejseforsikring A/S,Operating ratio,110.94
2020,12,50149,Europæiske Rejseforsikring A/S,Relativt afløbsresultat,2.79
2020,12,50167,Storstrøms Forsikring G/S,Bruttoerstatningsprocent (Loss ratio),75.0
2020,12,50167,Storstrøms Forsikring G/S,Bruttoomkostningsprocent (Expense ratio),31.0
2020,12,50167,Storstrøms Forsikring G/S,Combined ratio,104.0
2020,12,50167,Storstrøms Forsikring G/S,Egenkapitalforrentning i pct. (Return on equity),1.0
2020,12,50167,Storstrøms Forsikring G/S,Operating ratio,103.0
2020,12,50167,Storstrøms Forsikring G/S,Relativt afløbsresultat,-13.0
2020,12,50192,Kongeriget Danmarks Hesteforsikring G/S,Bruttoerstatningsprocent (Loss ratio),90.0
2020,12,50192,Kongeriget Danmarks Hesteforsikring G/S,Bruttoomkostningsprocent (Expense ratio),57.0
2020,12,50192,Kongeriget Danmarks Hesteforsikring G/S,Combined ratio,147.0
2020,12,50192,Kongeriget Danmarks Hesteforsikring G/S,Egenkapitalforrentning i pct. (Return on equity),-5.0
2020,12,50192,Kongeriget Danmarks Hesteforsikring G/S,Operating ratio,147.0
2020,12,50192,Kongeriget Danmarks Hesteforsikring G/S,Relativt afløbsresultat,-18.0
2020,12,50230,Forsikringsselskabet VEJLE BRAND af 1841 g/s,Bruttoerstatningsprocent (Loss ratio),58.61
2020,12,50230,Forsikringsselskabet VEJLE BRAND af 1841 g/s,Bruttoomkostningsprocent (Expense ratio),34.31
2020,12,50230,Forsikringsselskabet VEJLE BRAND af 1841 g/s,Combined ratio,97.63
2020,12,50230,Forsikringsselskabet VEJLE BRAND af 1841 g/s,Egenkapitalforrentning i pct. (Return on equity),3.44
2020,12,50230,Forsikringsselskabet VEJLE BRAND af 1841 g/s,Operating ratio,97.85
2020,12,50230,Forsikringsselskabet VEJLE BRAND af 1841 g/s,Relativt afløbsresultat,-1.23
2020,12,50234,Landinspektørernes gensidige Erhvervsansvarsforsikring,Bruttoerstatningsprocent (Loss ratio),54.8
2020,12,50234,Landinspektørernes gensidige Erhvervsansvarsforsikring,Bruttoomkostningsprocent (Expense ratio),35.7
2020,12,50234,Landinspektørernes gensidige Erhvervsansvarsforsikring,Combined ratio,95.8
2020,12,50234,Landinspektørernes gensidige Erhvervsansvarsforsikring,Egenkapitalforrentning i pct. (Return on equity),1.2
2020,12,50234,Landinspektørernes gensidige Erhvervsansvarsforsikring,Operating ratio,96.0
2020,12,50234,Landinspektørernes gensidige Erhvervsansvarsforsikring,Relativt afløbsresultat,13.4
2020,12,50240,Sønderjysk Forsikring G/S,Bruttoerstatningsprocent (Loss ratio),61.0
2020,12,50240,Sønderjysk Forsikring G/S,Bruttoomkostningsprocent (Expense ratio),23.1
2020,12,50240,Sønderjysk Forsikring G/S,Combined ratio,88.6
2020,12,50240,Sønderjysk Forsikring G/S,Egenkapitalforrentning i pct. (Return on equity),11.7
2020,12,50240,Sønderjysk Forsikring G/S,Operating ratio,88.7
2020,12,50240,Sønderjysk Forsikring G/S,Relativt afløbsresultat,2.9
2020,12,50253,Aros Forsikring - gensidigt forsikringsselskab,Bruttoerstatningsprocent (Loss ratio),73.9
2020,12,50253,Aros Forsikring - gensidigt forsikringsselskab,Bruttoomkostningsprocent (Expense ratio),20.9
2020,12,50253,Aros Forsikring - gensidigt forsikringsselskab,Combined ratio,97.6
2020,12,50253,Aros Forsikring - gensidigt forsikringsselskab,Egenkapitalforrentning i pct. (Return on equity),5.3
2020,12,50253,Aros Forsikring - gensidigt forsikringsselskab,Operating ratio,97.8
2020,12,50253,Aros Forsikring - gensidigt forsikringsselskab,Relativt afløbsresultat,-4.5
2020,12,50295,GARTNERNES FORSIKRING GS. DANSK JORDBRUG,Bruttoerstatningsprocent (Loss ratio),60.0
2020,12,50295,GARTNERNES FORSIKRING GS. DANSK JORDBRUG,Bruttoomkostningsprocent (Expense ratio),33.0
2020,12,50295,GARTNERNES FORSIKRING GS. DANSK JORDBRUG,Combined ratio,100.0
2020,12,50295,GARTNERNES FORSIKRING GS. DANSK JORDBRUG,Egenkapitalforrentning i pct. (Return on equity),4.0
2020,12,50295,GARTNERNES FORSIKRING GS. DANSK JORDBRUG,Operating ratio,100.0
2020,12,50295,GARTNERNES FORSIKRING GS. DANSK JORDBRUG,Relativt afløbsresultat,2.0
2020,12,50421,Det gensidige forsikringsselskab Dansk Plantageforsikring,Bruttoerstatningsprocent (Loss ratio),0.81
2020,12,50421,Det gensidige forsikringsselskab Dansk Plantageforsikring,Bruttoomkostningsprocent (Expense ratio),61.44
2020,12,50421,Det gensidige forsikringsselskab Dansk Plantageforsikring,Combined ratio,62.25
2020,12,50421,Det gensidige forsikringsselskab Dansk Plantageforsikring,Egenkapitalforrentning i pct. (Return on equity),-0.45
2020,12,50421,Det gensidige forsikringsselskab Dansk Plantageforsikring,Operating ratio,62.25
2020,12,50421,Det gensidige forsikringsselskab Dansk Plantageforsikring,Relativt afløbsresultat,-4.49
2020,12,50453,NærBrand G/S (Under frivillig likvidation),Bruttoerstatningsprocent (Loss ratio),88.3
2020,12,50453,NærBrand G/S (Under frivillig likvidation),Bruttoomkostningsprocent (Expense ratio),72.2
2020,12,50453,NærBrand G/S (Under frivillig likvidation),Combined ratio,162.3
2020,12,50453,NærBrand G/S (Under frivillig likvidation),Egenkapitalforrentning i pct. (Return on equity),-1.6
2020,12,50453,NærBrand G/S (Under frivillig likvidation),Operating ratio,162.3
2020,12,50453,NærBrand G/S (Under frivillig likvidation),Relativt afløbsresultat,-12.4
2020,12,50479,Skibsforsikringen Frederikshavn G/F,Bruttoerstatningsprocent (Loss ratio),58.0
2020,12,50479,Skibsforsikringen Frederikshavn G/F,Bruttoomkostningsprocent (Expense ratio),24.0
2020,12,50479,Skibsforsikringen Frederikshavn G/F,Combined ratio,103.0
2020,12,50479,Skibsforsikringen Frederikshavn G/F,Egenkapitalforrentning i pct. (Return on equity),1.46
2020,12,50479,Skibsforsikringen Frederikshavn G/F,Operating ratio,103.0
2020,12,50479,Skibsforsikringen Frederikshavn G/F,Relativt afløbsresultat,-23.0
2020,12,50540,Dansk Jagtforsikring A/S,Bruttoerstatningsprocent (Loss ratio),0.0
2020,12,50540,Dansk Jagtforsikring A/S,Bruttoomkostningsprocent (Expense ratio),0.0
2020,12,50540,Dansk Jagtforsikring A/S,Combined ratio,0.0
2020,12,50540,Dansk Jagtforsikring A/S,Egenkapitalforrentning i pct. (Return on equity),0.4
2020,12,50540,Dansk Jagtforsikring A/S,Operating ratio,0.0
2020,12,50540,Dansk Jagtforsikring A/S,Relativt afløbsresultat,-3.6
2020,12,50568,Danske Privatbaners Forsikringsforening G/S,Bruttoerstatningsprocent (Loss ratio),11.0
2020,12,50568,Danske Privatbaners Forsikringsforening G/S,Bruttoomkostningsprocent (Expense ratio),15.0
2020,12,50568,Danske Privatbaners Forsikringsforening G/S,Combined ratio,70.0
2020,12,50568,Danske Privatbaners Forsikringsforening G/S,Egenkapitalforrentning i pct. (Return on equity),5.0
2020,12,50568,Danske Privatbaners Forsikringsforening G/S,Operating ratio,71.0
2020,12,50568,Danske Privatbaners Forsikringsforening G/S,Relativt afløbsresultat,18.0
2020,12,50580,Dansk Søforsikring G/S (opløst efter frivillig likvidation),Bruttoerstatningsprocent (Loss ratio),-872.0
2020,12,50580,Dansk Søforsikring G/S (opløst efter frivillig likvidation),Bruttoomkostningsprocent (Expense ratio),840.0
2020,12,50580,Dansk Søforsikring G/S (opløst efter frivillig likvidation),Combined ratio,32.0
2020,12,50580,Dansk Søforsikring G/S (opløst efter frivillig likvidation),Egenkapitalforrentning i pct. (Return on equity),-2.0
2020,12,50580,Dansk Søforsikring G/S (opløst efter frivillig likvidation),Operating ratio,32.0
2020,12,50580,Dansk Søforsikring G/S (opløst efter frivillig likvidation),Relativt afløbsresultat,86.0
2020,12,50635,Fiskernes Forsikring G/S,Bruttoerstatningsprocent (Loss ratio),144.0
2020,12,50635,Fiskernes Forsikring G/S,Bruttoomkostningsprocent (Expense ratio),28.0
2020,12,50635,Fiskernes Forsikring G/S,Combined ratio,188.0
2020,12,50635,Fiskernes Forsikring G/S,Egenkapitalforrentning i pct. (Return on equity),-8.0
2020,12,50635,Fiskernes Forsikring G/S,Operating ratio,188.0
2020,12,50635,Fiskernes Forsikring G/S,Relativt afløbsresultat,-9.0
2020,12,51519,Popermo Forsikring g/s,Bruttoerstatningsprocent (Loss ratio),88.3
2020,12,51519,Popermo Forsikring g/s,Bruttoomkostningsprocent (Expense ratio),11.1
2020,12,51519,Popermo Forsikring g/s,Combined ratio,102.1
2020,12,51519,Popermo Forsikring g/s,Egenkapitalforrentning i pct. (Return on equity),2.5
2020,12,51519,Popermo Forsikring g/s,Operating ratio,102.8
2020,12,51519,Popermo Forsikring g/s,Relativt afløbsresultat,6.7
2020,12,51571,Forsikringsselskabet HIMMERLAND G/S,Bruttoerstatningsprocent (Loss ratio),58.8
2020,12,51571,Forsikringsselskabet HIMMERLAND G/S,Bruttoomkostningsprocent (Expense ratio),23.4
2020,12,51571,Forsikringsselskabet HIMMERLAND G/S,Combined ratio,89.1
2020,12,51571,Forsikringsselskabet HIMMERLAND G/S,Egenkapitalforrentning i pct. (Return on equity),6.2
2020,12,51571,Forsikringsselskabet HIMMERLAND G/S,Operating ratio,89.2
2020,12,51571,Forsikringsselskabet HIMMERLAND G/S,Relativt afløbsresultat,6.6
2020,12,51619,GF Forsikring A/S,Bruttoerstatningsprocent (Loss ratio),67.0
2020,12,51619,GF Forsikring A/S,Bruttoomkostningsprocent (Expense ratio),21.9
2020,12,51619,GF Forsikring A/S,Combined ratio,90.9
2020,12,51619,GF Forsikring A/S,Egenkapitalforrentning i pct. (Return on equity),10.4
2020,12,51619,GF Forsikring A/S,Operating ratio,91.1
2020,12,51619,GF Forsikring A/S,Relativt afløbsresultat,8.1
2020,12,51706,"SYGEFORSIKRINGEN ""DANMARK"", GS",Bruttoerstatningsprocent (Loss ratio),89.2
2020,12,51706,"SYGEFORSIKRINGEN ""DANMARK"", GS",Bruttoomkostningsprocent (Expense ratio),3.4
2020,12,51706,"SYGEFORSIKRINGEN ""DANMARK"", GS",Combined ratio,92.5
2020,12,51706,"SYGEFORSIKRINGEN ""DANMARK"", GS",Egenkapitalforrentning i pct. (Return on equity),10.4
2020,12,51706,"SYGEFORSIKRINGEN ""DANMARK"", GS",Operating ratio,92.6
2020,12,51706,"SYGEFORSIKRINGEN ""DANMARK"", GS",Relativt afløbsresultat,3.6
2020,12,51777,Thisted Forsikring A/S,Bruttoerstatningsprocent (Loss ratio),61.7
2020,12,51777,Thisted Forsikring A/S,Bruttoomkostningsprocent (Expense ratio),21.0
2020,12,51777,Thisted Forsikring A/S,Combined ratio,85.6
2020,12,51777,Thisted Forsikring A/S,Egenkapitalforrentning i pct. (Return on equity),14.5
2020,12,51777,Thisted Forsikring A/S,Operating ratio,85.8
2020,12,51777,Thisted Forsikring A/S,Relativt afløbsresultat,9.5
2020,12,51778,"Købstædernes Forsikring, gensidig",Bruttoerstatningsprocent (Loss ratio),74.3
2020,12,51778,"Købstædernes Forsikring, gensidig",Bruttoomkostningsprocent (Expense ratio),18.9
2020,12,51778,"Købstædernes Forsikring, gensidig",Combined ratio,96.8
2020,12,51778,"Købstædernes Forsikring, gensidig",Egenkapitalforrentning i pct. (Return on equity),5.1
2020,12,51778,"Købstædernes Forsikring, gensidig",Operating ratio,97.0
2020,12,51778,"Købstædernes Forsikring, gensidig",Relativt afløbsresultat,-4.1
2020,12,51949,Forsikringsselskabet Nærsikring A/S,Bruttoerstatningsprocent (Loss ratio),83.6
2020,12,51949,Forsikringsselskabet Nærsikring A/S,Bruttoomkostningsprocent (Expense ratio),13.8
2020,12,51949,Forsikringsselskabet Nærsikring A/S,Combined ratio,98.2
2020,12,51949,Forsikringsselskabet Nærsikring A/S,Egenkapitalforrentning i pct. (Return on equity),-0.7
2020,12,51949,Forsikringsselskabet Nærsikring A/S,Operating ratio,98.3
2020,12,51949,Forsikringsselskabet Nærsikring A/S,Relativt afløbsresultat,5.2
2020,12,52009,Topdanmark Forsikring A/S,Bruttoerstatningsprocent (Loss ratio),66.1
2020,12,52009,Topdanmark Forsikring A/S,Bruttoomkostningsprocent (Expense ratio),16.9
2020,12,52009,Topdanmark Forsikring A/S,Combined ratio,86.0
2020,12,52009,Topdanmark Forsikring A/S,Egenkapitalforrentning i pct. (Return on equity),17.5
2020,12,52009,Topdanmark Forsikring A/S,Operating ratio,86.0
2020,12,52009,Topdanmark Forsikring A/S,Relativt afløbsresultat,-0.1
2020,12,52042,Codan Forsikring A/S,Bruttoerstatningsprocent (Loss ratio),66.1
2020,12,52042,Codan Forsikring A/S,Bruttoomkostningsprocent (Expense ratio),17.0
2020,12,52042,Codan Forsikring A/S,Combined ratio,83.3
2020,12,52042,Codan Forsikring A/S,Egenkapitalforrentning i pct. (Return on equity),17.7
2020,12,52042,Codan Forsikring A/S,Operating ratio,83.3
2020,12,52042,Codan Forsikring A/S,Relativt afløbsresultat,2.7
2020,12,53028,Bornholms Brandforsikring A/S,Bruttoerstatningsprocent (Loss ratio),60.4
2020,12,53028,Bornholms Brandforsikring A/S,Bruttoomkostningsprocent (Expense ratio),21.4
2020,12,53028,Bornholms Brandforsikring A/S,Combined ratio,85.4
2020,12,53028,Bornholms Brandforsikring A/S,Egenkapitalforrentning i pct. (Return on equity),8.4
2020,12,53028,Bornholms Brandforsikring A/S,Operating ratio,85.4
2020,12,53028,Bornholms Brandforsikring A/S,Relativt afløbsresultat,-20.0
2020,12,53040,LB Forsikring A/S,Bruttoerstatningsprocent (Loss ratio),73.6
2020,12,53040,LB Forsikring A/S,Bruttoomkostningsprocent (Expense ratio),18.9
2020,12,53040,LB Forsikring A/S,Combined ratio,93.4
2020,12,53040,LB Forsikring A/S,Egenkapitalforrentning i pct. (Return on equity),9.3
2020,12,53040,LB Forsikring A/S,Operating ratio,93.6
2020,12,53040,LB Forsikring A/S,Relativt afløbsresultat,4.3
2020,12,53053,PenSam Forsikring A/S,Bruttoerstatningsprocent (Loss ratio),61.7
2020,12,53053,PenSam Forsikring A/S,Bruttoomkostningsprocent (Expense ratio),28.0
2020,12,53053,PenSam Forsikring A/S,Combined ratio,95.9
2020,12,53053,PenSam Forsikring A/S,Egenkapitalforrentning i pct. (Return on equity),6.4
2020,12,53053,PenSam Forsikring A/S,Operating ratio,95.9
2020,12,53053,PenSam Forsikring A/S,Relativt afløbsresultat,-10.7
2020,12,53055,Concordia Forsikring A/S,Bruttoerstatningsprocent (Loss ratio),71.3
2020,12,53055,Concordia Forsikring A/S,Bruttoomkostningsprocent (Expense ratio),16.1
2020,12,53055,Concordia Forsikring A/S,Combined ratio,92.7
2020,12,53055,Concordia Forsikring A/S,Egenkapitalforrentning i pct. (Return on equity),5.7
2020,12,53055,Concordia Forsikring A/S,Operating ratio,92.9
2020,12,53055,Concordia Forsikring A/S,Relativt afløbsresultat,16.4
2020,12,53065,Borealis Insurance A/S (captive insurance company),Bruttoerstatningsprocent (Loss ratio),711.0
2020,12,53065,Borealis Insurance A/S (captive insurance company),Bruttoomkostningsprocent (Expense ratio),1.0
2020,12,53065,Borealis Insurance A/S (captive insurance company),Combined ratio,228.0
2020,12,53065,Borealis Insurance A/S (captive insurance company),Egenkapitalforrentning i pct. (Return on equity),-30.0
2020,12,53065,Borealis Insurance A/S (captive insurance company),Operating ratio,228.0
2020,12,53065,Borealis Insurance A/S (captive insurance company),Relativt afløbsresultat,0.0
2020,12,53070,Tryg Forsikring A/S,Bruttoerstatningsprocent (Loss ratio),67.9
2020,12,53070,Tryg Forsikring A/S,Bruttoomkostningsprocent (Expense ratio),14.8
2020,12,53070,Tryg Forsikring A/S,Combined ratio,85.0
2020,12,53070,Tryg Forsikring A/S,Egenkapitalforrentning i pct. (Return on equity),21.5
2020,12,53070,Tryg Forsikring A/S,Operating ratio,85.0
2020,12,53070,Tryg Forsikring A/S,Relativt afløbsresultat,5.4
2020,12,53072,"FORSIKRINGSSELSKABET DANICA, SKADEFORSIKRINGSAKTIESELSKAB AF 1999",Bruttoerstatningsprocent (Loss ratio),120.6
2020,12,53072,"FORSIKRINGSSELSKABET DANICA, SKADEFORSIKRINGSAKTIESELSKAB AF 1999",Bruttoomkostningsprocent (Expense ratio),8.3
2020,12,53072,"FORSIKRINGSSELSKABET DANICA, SKADEFORSIKRINGSAKTIESELSKAB AF 1999",Combined ratio,128.9
2020,12,53072,"FORSIKRINGSSELSKABET DANICA, SKADEFORSIKRINGSAKTIESELSKAB AF 1999",Egenkapitalforrentning i pct. (Return on equity),6.9
2020,12,53072,"FORSIKRINGSSELSKABET DANICA, SKADEFORSIKRINGSAKTIESELSKAB AF 1999",Operating ratio,128.9
2020,12,53072,"FORSIKRINGSSELSKABET DANICA, SKADEFORSIKRINGSAKTIESELSKAB AF 1999",Relativt afløbsresultat,-6.7
2020,12,53074,Forsikringsselskabet PrivatSikring A/S,Bruttoerstatningsprocent (Loss ratio),55.7
2020,12,53074,Forsikringsselskabet PrivatSikring A/S,Bruttoomkostningsprocent (Expense ratio),26.1
2020,12,53074,Forsikringsselskabet PrivatSikring A/S,Combined ratio,82.3
2020,12,53074,Forsikringsselskabet PrivatSikring A/S,Egenkapitalforrentning i pct. (Return on equity),22.2
2020,12,53074,Forsikringsselskabet PrivatSikring A/S,Operating ratio,82.3
2020,12,53074,Forsikringsselskabet PrivatSikring A/S,Relativt afløbsresultat,9.8
2020,12,53086,Alm. Brand Forsikring A/S,Bruttoerstatningsprocent (Loss ratio),64.8
2020,12,53086,Alm. Brand Forsikring A/S,Bruttoomkostningsprocent (Expense ratio),16.9
2020,12,53086,Alm. Brand Forsikring A/S,Combined ratio,85.1
2020,12,53086,Alm. Brand Forsikring A/S,Egenkapitalforrentning i pct. (Return on equity),22.4
2020,12,53086,Alm. Brand Forsikring A/S,Operating ratio,85.1
2020,12,53086,Alm. Brand Forsikring A/S,Relativt afløbsresultat,2.9
2020,12,53087,Dansk Boligforsikring A/S,Bruttoerstatningsprocent (Loss ratio),51.4
2020,12,53087,Dansk Boligforsikring A/S,Bruttoomkostningsprocent (Expense ratio),23.2
2020,12,53087,Dansk Boligforsikring A/S,Combined ratio,76.8
2020,12,53087,Dansk Boligforsikring A/S,Egenkapitalforrentning i pct. (Return on equity),24.5
2020,12,53087,Dansk Boligforsikring A/S,Operating ratio,76.8
2020,12,53087,Dansk Boligforsikring A/S,Relativt afløbsresultat,-3.2
2020,12,53092,Carlsberg Captive Insurance Company A/S,Bruttoerstatningsprocent (Loss ratio),29.5
2020,12,53092,Carlsberg Captive Insurance Company A/S,Bruttoomkostningsprocent (Expense ratio),10.7
2020,12,53092,Carlsberg Captive Insurance Company A/S,Combined ratio,40.2
2020,12,53092,Carlsberg Captive Insurance Company A/S,Egenkapitalforrentning i pct. (Return on equity),7.5
2020,12,53092,Carlsberg Captive Insurance Company A/S,Operating ratio,40.3
2020,12,53092,Carlsberg Captive Insurance Company A/S,Relativt afløbsresultat,0.0
2020,12,53093,Arriva Insurance A/S,Bruttoerstatningsprocent (Loss ratio),93.0
2020,12,53093,Arriva Insurance A/S,Bruttoomkostningsprocent (Expense ratio),6.0
2020,12,53093,Arriva Insurance A/S,Combined ratio,107.0
2020,12,53093,Arriva Insurance A/S,Egenkapitalforrentning i pct. (Return on equity),-4.0
2020,12,53093,Arriva Insurance A/S,Operating ratio,107.0
2020,12,53093,Arriva Insurance A/S,Relativt afløbsresultat,-26.0
2020,12,53095,Dansk Musiker Forbund Forsikring G/S,Bruttoerstatningsprocent (Loss ratio),39.0
2020,12,53095,Dansk Musiker Forbund Forsikring G/S,Bruttoomkostningsprocent (Expense ratio),50.8
2020,12,53095,Dansk Musiker Forbund Forsikring G/S,Combined ratio,92.7
2020,12,53095,Dansk Musiker Forbund Forsikring G/S,Egenkapitalforrentning i pct. (Return on equity),4.0
2020,12,53095,Dansk Musiker Forbund Forsikring G/S,Operating ratio,92.7
2020,12,53095,Dansk Musiker Forbund Forsikring G/S,Relativt afløbsresultat,33.9
2020,12,53099,MELES Insurance A/S (captive insurance company),Bruttoerstatningsprocent (Loss ratio),77.0
2020,12,53099,MELES Insurance A/S (captive insurance company),Bruttoomkostningsprocent (Expense ratio),7.0
2020,12,53099,MELES Insurance A/S (captive insurance company),Combined ratio,89.0
2020,12,53099,MELES Insurance A/S (captive insurance company),Egenkapitalforrentning i pct. (Return on equity),6.0
2020,12,53099,MELES Insurance A/S (captive insurance company),Operating ratio,89.0
2020,12,53099,MELES Insurance A/S (captive insurance company),Relativt afløbsresultat,12.0
2020,12,53100,Ørsted Insurance A/S,Bruttoerstatningsprocent (Loss ratio),106.0
2020,12,53100,Ørsted Insurance A/S,Bruttoomkostningsprocent (Expense ratio),11.4
2020,12,53100,Ørsted Insurance A/S,Combined ratio,153.6
2020,12,53100,Ørsted Insurance A/S,Egenkapitalforrentning i pct. (Return on equity),-4.8
2020,12,53100,Ørsted Insurance A/S,Operating ratio,150.8
2020,12,53100,Ørsted Insurance A/S,Relativt afløbsresultat,19.0
2020,12,53101,Salling Group Forsikring A/S,Bruttoerstatningsprocent (Loss ratio),103.5
2020,12,53101,Salling Group Forsikring A/S,Bruttoomkostningsprocent (Expense ratio),13.6
2020,12,53101,Salling Group Forsikring A/S,Combined ratio,115.0
2020,12,53101,Salling Group Forsikring A/S,Egenkapitalforrentning i pct. (Return on equity),1.2
2020,12,53101,Salling Group Forsikring A/S,Operating ratio,115.3
2020,12,53101,Salling Group Forsikring A/S,Relativt afløbsresultat,-4.3
2020,12,53103,ETU Forsikring A/S,Bruttoerstatningsprocent (Loss ratio),81.0
2020,12,53103,ETU Forsikring A/S,Bruttoomkostningsprocent (Expense ratio),25.0
2020,12,53103,ETU Forsikring A/S,Combined ratio,100.0
2020,12,53103,ETU Forsikring A/S,Egenkapitalforrentning i pct. (Return on equity),9.0
2020,12,53103,ETU Forsikring A/S,Operating ratio,100.0
2020,12,53103,ETU Forsikring A/S,Relativt afløbsresultat,-28.0
2020,12,53106,Forsikringsselskabet Vendsyssel A/S,Bruttoerstatningsprocent (Loss ratio),43.3
2020,12,53106,Forsikringsselskabet Vendsyssel A/S,Bruttoomkostningsprocent (Expense ratio),27.8
2020,12,53106,Forsikringsselskabet Vendsyssel A/S,Combined ratio,81.6
2020,12,53106,Forsikringsselskabet Vendsyssel A/S,Egenkapitalforrentning i pct. (Return on equity),7.5
2020,12,53106,Forsikringsselskabet Vendsyssel A/S,Operating ratio,81.7
2020,12,53106,Forsikringsselskabet Vendsyssel A/S,Relativt afløbsresultat,12.0
2020,12,53108,FF Forsikring A/S,Bruttoerstatningsprocent (Loss ratio),83.67
2020,12,53108,FF Forsikring A/S,Bruttoomkostningsprocent (Expense ratio),25.4
2020,12,53108,FF Forsikring A/S,Combined ratio,109.07
2020,12,53108,FF Forsikring A/S,Egenkapitalforrentning i pct. (Return on equity),-10.21
2020,12,53108,FF Forsikring A/S,Operating ratio,109.07
2020,12,53108,FF Forsikring A/S,Relativt afløbsresultat,0.0
2020,12,53110,DSV Insurance A/S,Bruttoerstatningsprocent (Loss ratio),43.0
2020,12,53110,DSV Insurance A/S,Bruttoomkostningsprocent (Expense ratio),16.0
2020,12,53110,DSV Insurance A/S,Combined ratio,70.0
2020,12,53110,DSV Insurance A/S,Egenkapitalforrentning i pct. (Return on equity),34.0
2020,12,53110,DSV Insurance A/S,Operating ratio,70.0
2020,12,53110,DSV Insurance A/S,Relativt afløbsresultat,15.0
2020,12,53111,Fri Forsikring A/S,Bruttoerstatningsprocent (Loss ratio),97.0
2020,12,53111,Fri Forsikring A/S,Bruttoomkostningsprocent (Expense ratio),20.3
2020,12,53111,Fri Forsikring A/S,Combined ratio,117.3
2020,12,53111,Fri Forsikring A/S,Egenkapitalforrentning i pct. (Return on equity),-18.5
2020,12,53111,Fri Forsikring A/S,Operating ratio,117.3
2020,12,53111,Fri Forsikring A/S,Relativt afløbsresultat,-10.4
2020,12,53113,Maersk Insurance A/S,Bruttoerstatningsprocent (Loss ratio),74.0
2020,12,53113,Maersk Insurance A/S,Bruttoomkostningsprocent (Expense ratio),5.0
2020,12,53113,Maersk Insurance A/S,Combined ratio,104.0
2020,12,53113,Maersk Insurance A/S,Egenkapitalforrentning i pct. (Return on equity),0.0
2020,12,53113,Maersk Insurance A/S,Operating ratio,104.0
2020,12,53113,Maersk Insurance A/S,Relativt afløbsresultat,9.0
2020,12,53116,Global Dental Insurance A/S (under frivillig likvidation),Bruttoerstatningsprocent (Loss ratio),77.0
2020,12,53116,Global Dental Insurance A/S (under frivillig likvidation),Bruttoomkostningsprocent (Expense ratio),23.0
2020,12,53116,Global Dental Insurance A/S (under frivillig likvidation),Combined ratio,100.0
2020,12,53116,Global Dental Insurance A/S (under frivillig likvidation),Egenkapitalforrentning i pct. (Return on equity),0.0
2020,12,53116,Global Dental Insurance A/S (under frivillig likvidation),Operating ratio,100.0
2020,12,53116,Global Dental Insurance A/S (under frivillig likvidation),Relativt afløbsresultat,16.0
2020,12,53117,GEFION FINANS A/S (under konkurs),Bruttoerstatningsprocent (Loss ratio),106.4
2020,12,53117,GEFION FINANS A/S (under konkurs),Bruttoomkostningsprocent (Expense ratio),22.9
2020,12,53117,GEFION FINANS A/S (under konkurs),Combined ratio,111.5
2020,12,53117,GEFION FINANS A/S (under konkurs),Egenkapitalforrentning i pct. (Return on equity),-97.1
2020,12,53117,GEFION FINANS A/S (under konkurs),Operating ratio,111.5
2020,12,53117,GEFION FINANS A/S (under konkurs),Relativt afløbsresultat,-3.9
2020,12,53118,"""danmark"" Erhverv, Skadesforsikringsaktieselskab",Bruttoerstatningsprocent (Loss ratio),124.6
2020,12,53118,"""danmark"" Erhverv, Skadesforsikringsaktieselskab",Bruttoomkostningsprocent (Expense ratio),136.4
2020,12,53118,"""danmark"" Erhverv, Skadesforsikringsaktieselskab",Combined ratio,261.0
2020,12,53118,"""danmark"" Erhverv, Skadesforsikringsaktieselskab",Egenkapitalforrentning i pct. (Return on equity),-9.5
2020,12,53118,"""danmark"" Erhverv, Skadesforsikringsaktieselskab",Operating ratio,26.1
2020,12,53118,"""danmark"" Erhverv, Skadesforsikringsaktieselskab",Relativt afløbsresultat,67.3
2020,12,53119,Domus Forsikring A/S,Bruttoerstatningsprocent (Loss ratio),88.0
2020,12,53119,Domus Forsikring A/S,Bruttoomkostningsprocent (Expense ratio),21.0
2020,12,53119,Domus Forsikring A/S,Combined ratio,111.0
2020,12,53119,Domus Forsikring A/S,Egenkapitalforrentning i pct. (Return on equity),-61.0
2020,12,53119,Domus Forsikring A/S,Operating ratio,111.0
2020,12,53119,Domus Forsikring A/S,Relativt afløbsresultat,-80.0
2020,12,53120,Amorta Arbejdsskadesforsikringsselskab A/S,Egenkapitalforrentning i pct. (Return on equity),12.0
2020,12,53120,Amorta Arbejdsskadesforsikringsselskab A/S,Relativt afløbsresultat,10.4
2020,12,53121,Forsikringsselskabet Dansk Sundhedssikring A/S,Bruttoerstatningsprocent (Loss ratio),0.0
2020,12,53121,Forsikringsselskabet Dansk Sundhedssikring A/S,Bruttoomkostningsprocent (Expense ratio),0.0
2020,12,53121,Forsikringsselskabet Dansk Sundhedssikring A/S,Combined ratio,0.0
2020,12,53121,Forsikringsselskabet Dansk Sundhedssikring A/S,Egenkapitalforrentning i pct. (Return on equity),0.0
2020,12,53121,Forsikringsselskabet Dansk Sundhedssikring A/S,Operating ratio,0.0
2020,12,53121,Forsikringsselskabet Dansk Sundhedssikring A/S,Relativt afløbsresultat,0.0
2021,12,50018,ULYKKESFORSIKRINGSFORBUNDET FOR DANSK SØFART. GENSIDIGT FORBUND,Bruttoerstatningsprocent (Loss ratio),87.6
2021,12,50018,ULYKKESFORSIKRINGSFORBUNDET FOR DANSK SØFART. GENSIDIGT FORBUND,Bruttoomkostningsprocent (Expense ratio),25.5
2021,12,50018,ULYKKESFORSIKRINGSFORBUNDET FOR DANSK SØFART. GENSIDIGT FORBUND,Combined ratio,116.8
2021,12,50018,ULYKKESFORSIKRINGSFORBUNDET FOR DANSK SØFART. GENSIDIGT FORBUND,Egenkapitalforrentning i pct. (Return on equity),7.2
2021,12,50018,ULYKKESFORSIKRINGSFORBUNDET FOR DANSK SØFART. GENSIDIGT FORBUND,Operating ratio,116.8
2021,12,50018,ULYKKESFORSIKRINGSFORBUNDET FOR DANSK SØFART. GENSIDIGT FORBUND,Relativt afløbsresultat,3.0
2021,12,50052,NEM Forsikring A/S,Bruttoerstatningsprocent (Loss ratio),60.5
2021,12,50052,NEM Forsikring A/S,Bruttoomkostningsprocent (Expense ratio),44.4
2021,12,50052,NEM Forsikring A/S,Combined ratio,107.4
2021,12,50052,NEM Forsikring A/S,Egenkapitalforrentning i pct. (Return on equity),-5.5
2021,12,50052,NEM Forsikring A/S,Operating ratio,107.4
2021,12,50052,NEM Forsikring A/S,Relativt afløbsresultat,13.9
2021,12,50099,Lokal Forsikring G/S,Bruttoerstatningsprocent (Loss ratio),56.2
2021,12,50099,Lokal Forsikring G/S,Bruttoomkostningsprocent (Expense ratio),23.7
2021,12,50099,Lokal Forsikring G/S,Combined ratio,89.6
2021,12,50099,Lokal Forsikring G/S,Egenkapitalforrentning i pct. (Return on equity),15.4
2021,12,50099,Lokal Forsikring G/S,Operating ratio,89.7
2021,12,50099,Lokal Forsikring G/S,Relativt afløbsresultat,13.4
2021,12,50102,VESTJYLLAND FORSIKRING GS.,Bruttoerstatningsprocent (Loss ratio),64.1
2021,12,50102,VESTJYLLAND FORSIKRING GS.,Bruttoomkostningsprocent (Expense ratio),18.7
2021,12,50102,VESTJYLLAND FORSIKRING GS.,Combined ratio,85.9
2021,12,50102,VESTJYLLAND FORSIKRING GS.,Egenkapitalforrentning i pct. (Return on equity),10.2
2021,12,50102,VESTJYLLAND FORSIKRING GS.,Operating ratio,86.0
2021,12,50102,VESTJYLLAND FORSIKRING GS.,Relativt afløbsresultat,9.6
2021,12,50140,HF-Forsikring G/S,Bruttoerstatningsprocent (Loss ratio),43.6
2021,12,50140,HF-Forsikring G/S,Bruttoomkostningsprocent (Expense ratio),44.8
2021,12,50140,HF-Forsikring G/S,Combined ratio,99.2
2021,12,50140,HF-Forsikring G/S,Egenkapitalforrentning i pct. (Return on equity),8.5
2021,12,50140,HF-Forsikring G/S,Operating ratio,99.4
2021,12,50140,HF-Forsikring G/S,Relativt afløbsresultat,11.1
2021,12,50149,Europæiske Rejseforsikring A/S,Bruttoerstatningsprocent (Loss ratio),32.34
2021,12,50149,Europæiske Rejseforsikring A/S,Bruttoomkostningsprocent (Expense ratio),65.15
2021,12,50149,Europæiske Rejseforsikring A/S,Combined ratio,98.61
2021,12,50149,Europæiske Rejseforsikring A/S,Egenkapitalforrentning i pct. (Return on equity),23.62
2021,12,50149,Europæiske Rejseforsikring A/S,Operating ratio,98.57
2021,12,50149,Europæiske Rejseforsikring A/S,Relativt afløbsresultat,1.93
2021,12,50167,Storstrøms Forsikring G/S,Bruttoerstatningsprocent (Loss ratio),66.0
2021,12,50167,Storstrøms Forsikring G/S,Bruttoomkostningsprocent (Expense ratio),26.0
2021,12,50167,Storstrøms Forsikring G/S,Combined ratio,98.0
2021,12,50167,Storstrøms Forsikring G/S,Egenkapitalforrentning i pct. (Return on equity),9.0
2021,12,50167,Storstrøms Forsikring G/S,Operating ratio,97.0
2021,12,50167,Storstrøms Forsikring G/S,Relativt afløbsresultat,11.0
2021,12,50192,Kongeriget Danmarks Hesteforsikring G/S,Bruttoerstatningsprocent (Loss ratio),79.0
2021,12,50192,Kongeriget Danmarks Hesteforsikring G/S,Bruttoomkostningsprocent (Expense ratio),50.0
2021,12,50192,Kongeriget Danmarks Hesteforsikring G/S,Combined ratio,129.0
2021,12,50192,Kongeriget Danmarks Hesteforsikring G/S,Egenkapitalforrentning i pct. (Return on equity),5.0
2021,12,50192,Kongeriget Danmarks Hesteforsikring G/S,Operating ratio,129.0
2021,12,50192,Kongeriget Danmarks Hesteforsikring G/S,Relativt afløbsresultat,16.0
2021,12,50230,Forsikringsselskabet VEJLE BRAND af 1841 g/s,Bruttoerstatningsprocent (Loss ratio),60.47
2021,12,50230,Forsikringsselskabet VEJLE BRAND af 1841 g/s,Bruttoomkostningsprocent (Expense ratio),31.17
2021,12,50230,Forsikringsselskabet VEJLE BRAND af 1841 g/s,Combined ratio,99.3
2021,12,50230,Forsikringsselskabet VEJLE BRAND af 1841 g/s,Egenkapitalforrentning i pct. (Return on equity),4.09
2021,12,50230,Forsikringsselskabet VEJLE BRAND af 1841 g/s,Operating ratio,99.34
2021,12,50230,Forsikringsselskabet VEJLE BRAND af 1841 g/s,Relativt afløbsresultat,-3.45
2021,12,50234,Landinspektørernes gensidige Erhvervsansvarsforsikring,Bruttoerstatningsprocent (Loss ratio),96.8
2021,12,50234,Landinspektørernes gensidige Erhvervsansvarsforsikring,Bruttoomkostningsprocent (Expense ratio),28.0
2021,12,50234,Landinspektørernes gensidige Erhvervsansvarsforsikring,Combined ratio,115.3
2021,12,50234,Landinspektørernes gensidige Erhvervsansvarsforsikring,Egenkapitalforrentning i pct. (Return on equity),0.9
2021,12,50234,Landinspektørernes gensidige Erhvervsansvarsforsikring,Operating ratio,115.5
2021,12,50234,Landinspektørernes gensidige Erhvervsansvarsforsikring,Relativt afløbsresultat,-49.7
2021,12,50240,Sønderjysk Forsikring G/S,Bruttoerstatningsprocent (Loss ratio),60.2
2021,12,50240,Sønderjysk Forsikring G/S,Bruttoomkostningsprocent (Expense ratio),24.5
2021,12,50240,Sønderjysk Forsikring G/S,Combined ratio,90.6
2021,12,50240,Sønderjysk Forsikring G/S,Egenkapitalforrentning i pct. (Return on equity),12.5
2021,12,50240,Sønderjysk Forsikring G/S,Operating ratio,90.8
2021,12,50240,Sønderjysk Forsikring G/S,Relativt afløbsresultat,-3.9
2021,12,50253,Aros Forsikring - gensidigt forsikringsselskab,Bruttoerstatningsprocent (Loss ratio),71.3
2021,12,50253,Aros Forsikring - gensidigt forsikringsselskab,Bruttoomkostningsprocent (Expense ratio),23.1
2021,12,50253,Aros Forsikring - gensidigt forsikringsselskab,Combined ratio,95.1
2021,12,50253,Aros Forsikring - gensidigt forsikringsselskab,Egenkapitalforrentning i pct. (Return on equity),10.3
2021,12,50253,Aros Forsikring - gensidigt forsikringsselskab,Operating ratio,95.3
2021,12,50253,Aros Forsikring - gensidigt forsikringsselskab,Relativt afløbsresultat,-7.2
2021,12,50295,GARTNERNES FORSIKRING GS. DANSK JORDBRUG,Bruttoerstatningsprocent (Loss ratio),64.0
2021,12,50295,GARTNERNES FORSIKRING GS. DANSK JORDBRUG,Bruttoomkostningsprocent (Expense ratio),30.0
2021,12,50295,GARTNERNES FORSIKRING GS. DANSK JORDBRUG,Combined ratio,100.0
2021,12,50295,GARTNERNES FORSIKRING GS. DANSK JORDBRUG,Egenkapitalforrentning i pct. (Return on equity),2.0
2021,12,50295,GARTNERNES FORSIKRING GS. DANSK JORDBRUG,Operating ratio,100.0
2021,12,50295,GARTNERNES FORSIKRING GS. DANSK JORDBRUG,Relativt afløbsresultat,0.0
2021,12,50421,Det gensidige forsikringsselskab Dansk Plantageforsikring,Bruttoerstatningsprocent (Loss ratio),2.0
2021,12,50421,Det gensidige forsikringsselskab Dansk Plantageforsikring,Bruttoomkostningsprocent (Expense ratio),163.0
2021,12,50421,Det gensidige forsikringsselskab Dansk Plantageforsikring,Combined ratio,164.0
2021,12,50421,Det gensidige forsikringsselskab Dansk Plantageforsikring,Egenkapitalforrentning i pct. (Return on equity),2.7
2021,12,50421,Det gensidige forsikringsselskab Dansk Plantageforsikring,Operating ratio,164.0
2021,12,50421,Det gensidige forsikringsselskab Dansk Plantageforsikring,Relativt afløbsresultat,3.0
2021,12,50453,NærBrand G/S (Under frivillig likvidation),Bruttoerstatningsprocent (Loss ratio),63.9
2021,12,50453,NærBrand G/S (Under frivillig likvidation),Bruttoomkostningsprocent (Expense ratio),53.0
2021,12,50453,NærBrand G/S (Under frivillig likvidation),Combined ratio,118.7
2021,12,50453,NærBrand G/S (Under frivillig likvidation),Egenkapitalforrentning i pct. (Return on equity),6.6
2021,12,50453,NærBrand G/S (Under frivillig likvidation),Operating ratio,118.7
2021,12,50453,NærBrand G/S (Under frivillig likvidation),Relativt afløbsresultat,-1.3
2021,12,50479,Skibsforsikringen Frederikshavn G/F,Bruttoerstatningsprocent (Loss ratio),41.0
2021,12,50479,Skibsforsikringen Frederikshavn G/F,Bruttoomkostningsprocent (Expense ratio),25.0
2021,12,50479,Skibsforsikringen Frederikshavn G/F,Combined ratio,17.0
2021,12,50479,Skibsforsikringen Frederikshavn G/F,Egenkapitalforrentning i pct. (Return on equity),6.0
2021,12,50479,Skibsforsikringen Frederikshavn G/F,Operating ratio,83.0
2021,12,50479,Skibsforsikringen Frederikshavn G/F,Relativt afløbsresultat,19.0
2021,12,50540,Dansk Jagtforsikring A/S,Bruttoerstatningsprocent (Loss ratio),0.0
2021,12,50540,Dansk Jagtforsikring A/S,Bruttoomkostningsprocent (Expense ratio),0.0
2021,12,50540,Dansk Jagtforsikring A/S,Combined ratio,0.0
2021,12,50540,Dansk Jagtforsikring A/S,Egenkapitalforrentning i pct. (Return on equity),0.0
2021,12,50540,Dansk Jagtforsikring A/S,Operating ratio,0.0
2021,12,50540,Dansk Jagtforsikring A/S,Relativt afløbsresultat,23.0
2021,12,50568,Danske Privatbaners Forsikringsforening G/S,Bruttoerstatningsprocent (Loss ratio),51.0
2021,12,50568,Danske Privatbaners Forsikringsforening G/S,Bruttoomkostningsprocent (Expense ratio),14.0
2021,12,50568,Danske Privatbaners Forsikringsforening G/S,Combined ratio,107.0
2021,12,50568,Danske Privatbaners Forsikringsforening G/S,Egenkapitalforrentning i pct. (Return on equity),-3.0
2021,12,50568,Danske Privatbaners Forsikringsforening G/S,Operating ratio,108.0
2021,12,50568,Danske Privatbaners Forsikringsforening G/S,Relativt afløbsresultat,8.0
2021,12,50580,Dansk Søforsikring G/S (opløst efter frivillig likvidation),Egenkapitalforrentning i pct. (Return on equity),22.0
2021,12,50580,Dansk Søforsikring G/S (opløst efter frivillig likvidation),Relativt afløbsresultat,-33.0
2021,12,50635,Fiskernes Forsikring G/S,Bruttoerstatningsprocent (Loss ratio),168.6
2021,12,50635,Fiskernes Forsikring G/S,Bruttoomkostningsprocent (Expense ratio),36.57
2021,12,50635,Fiskernes Forsikring G/S,Combined ratio,210.81
2021,12,50635,Fiskernes Forsikring G/S,Egenkapitalforrentning i pct. (Return on equity),-5.6
2021,12,50635,Fiskernes Forsikring G/S,Operating ratio,210.75
2021,12,50635,Fiskernes Forsikring G/S,Relativt afløbsresultat,-14.69
2021,12,51519,Popermo Forsikring g/s,Bruttoerstatningsprocent (Loss ratio),78.6
2021,12,51519,Popermo Forsikring g/s,Bruttoomkostningsprocent (Expense ratio),15.4
2021,12,51519,Popermo Forsikring g/s,Combined ratio,97.5
2021,12,51519,Popermo Forsikring g/s,Egenkapitalforrentning i pct. (Return on equity),5.2
2021,12,51519,Popermo Forsikring g/s,Operating ratio,98.0
2021,12,51519,Popermo Forsikring g/s,Relativt afløbsresultat,14.2
2021,12,51571,Forsikringsselskabet HIMMERLAND G/S,Bruttoerstatningsprocent (Loss ratio),50.8
2021,12,51571,Forsikringsselskabet HIMMERLAND G/S,Bruttoomkostningsprocent (Expense ratio),23.1
2021,12,51571,Forsikringsselskabet HIMMERLAND G/S,Combined ratio,85.9
2021,12,51571,Forsikringsselskabet HIMMERLAND G/S,Egenkapitalforrentning i pct. (Return on equity),11.7
2021,12,51571,Forsikringsselskabet HIMMERLAND G/S,Operating ratio,86.0
2021,12,51571,Forsikringsselskabet HIMMERLAND G/S,Relativt afløbsresultat,9.7
2021,12,51619,GF Forsikring A/S,Bruttoerstatningsprocent (Loss ratio),62.7
2021,12,51619,GF Forsikring A/S,Bruttoomkostningsprocent (Expense ratio),22.9
2021,12,51619,GF Forsikring A/S,Combined ratio,87.2
2021,12,51619,GF Forsikring A/S,Egenkapitalforrentning i pct. (Return on equity),12.4
2021,12,51619,GF Forsikring A/S,Operating ratio,87.3
2021,12,51619,GF Forsikring A/S,Relativt afløbsresultat,13.7
2021,12,51706,"SYGEFORSIKRINGEN ""DANMARK"", GS",Bruttoerstatningsprocent (Loss ratio),96.4
2021,12,51706,"SYGEFORSIKRINGEN ""DANMARK"", GS",Bruttoomkostningsprocent (Expense ratio),3.4
2021,12,51706,"SYGEFORSIKRINGEN ""DANMARK"", GS",Combined ratio,99.8
2021,12,51706,"SYGEFORSIKRINGEN ""DANMARK"", GS",Egenkapitalforrentning i pct. (Return on equity),8.4
2021,12,51706,"SYGEFORSIKRINGEN ""DANMARK"", GS",Operating ratio,99.9
2021,12,51706,"SYGEFORSIKRINGEN ""DANMARK"", GS",Relativt afløbsresultat,-1.4
2021,12,51777,Thisted Forsikring A/S,Bruttoerstatningsprocent (Loss ratio),60.1
2021,12,51777,Thisted Forsikring A/S,Bruttoomkostningsprocent (Expense ratio),21.0
2021,12,51777,Thisted Forsikring A/S,Combined ratio,86.3
2021,12,51777,Thisted Forsikring A/S,Egenkapitalforrentning i pct. (Return on equity),14.7
2021,12,51777,Thisted Forsikring A/S,Operating ratio,86.5
2021,12,51777,Thisted Forsikring A/S,Relativt afløbsresultat,8.8
2021,12,51778,"Købstædernes Forsikring, gensidig",Bruttoerstatningsprocent (Loss ratio),77.4
2021,12,51778,"Købstædernes Forsikring, gensidig",Bruttoomkostningsprocent (Expense ratio),19.5
2021,12,51778,"Købstædernes Forsikring, gensidig",Combined ratio,99.6
2021,12,51778,"Købstædernes Forsikring, gensidig",Egenkapitalforrentning i pct. (Return on equity),16.8
2021,12,51778,"Købstædernes Forsikring, gensidig",Operating ratio,99.6
2021,12,51778,"Købstædernes Forsikring, gensidig",Relativt afløbsresultat,-8.2
2021,12,51949,Forsikringsselskabet Nærsikring A/S,Bruttoerstatningsprocent (Loss ratio),73.3
2021,12,51949,Forsikringsselskabet Nærsikring A/S,Bruttoomkostningsprocent (Expense ratio),14.7
2021,12,51949,Forsikringsselskabet Nærsikring A/S,Combined ratio,88.9
2021,12,51949,Forsikringsselskabet Nærsikring A/S,Egenkapitalforrentning i pct. (Return on equity),5.7
2021,12,51949,Forsikringsselskabet Nærsikring A/S,Operating ratio,89.0
2021,12,51949,Forsikringsselskabet Nærsikring A/S,Relativt afløbsresultat,8.0
2021,12,52009,Topdanmark Forsikring A/S,Bruttoerstatningsprocent (Loss ratio),62.9
2021,12,52009,Topdanmark Forsikring A/S,Bruttoomkostningsprocent (Expense ratio),16.2
2021,12,52009,Topdanmark Forsikring A/S,Combined ratio,80.1
2021,12,52009,Topdanmark Forsikring A/S,Egenkapitalforrentning i pct. (Return on equity),33.8
2021,12,52009,Topdanmark Forsikring A/S,Operating ratio,80.1
2021,12,52009,Topdanmark Forsikring A/S,Relativt afløbsresultat,2.5
2021,12,52042,Codan Forsikring A/S (52042),Bruttoerstatningsprocent (Loss ratio),63.4
2021,12,52042,Codan Forsikring A/S (52042),Bruttoomkostningsprocent (Expense ratio),15.9
2021,12,52042,Codan Forsikring A/S (52042),Combined ratio,82.9
2021,12,52042,Codan Forsikring A/S (52042),Egenkapitalforrentning i pct. (Return on equity),25.1
2021,12,52042,Codan Forsikring A/S (52042),Operating ratio,82.9
2021,12,52042,Codan Forsikring A/S (52042),Relativt afløbsresultat,1.3
2021,12,53028,Bornholms Brandforsikring A/S,Bruttoerstatningsprocent (Loss ratio),66.0
2021,12,53028,Bornholms Brandforsikring A/S,Bruttoomkostningsprocent (Expense ratio),21.1
2021,12,53028,Bornholms Brandforsikring A/S,Combined ratio,91.0
2021,12,53028,Bornholms Brandforsikring A/S,Egenkapitalforrentning i pct. (Return on equity),5.4
2021,12,53028,Bornholms Brandforsikring A/S,Operating ratio,91.0
2021,12,53028,Bornholms Brandforsikring A/S,Relativt afløbsresultat,-4.1
2021,12,53040,LB Forsikring A/S,Bruttoerstatningsprocent (Loss ratio),77.5
2021,12,53040,LB Forsikring A/S,Bruttoomkostningsprocent (Expense ratio),17.0
2021,12,53040,LB Forsikring A/S,Combined ratio,96.0
2021,12,53040,LB Forsikring A/S,Egenkapitalforrentning i pct. (Return on equity),12.0
2021,12,53040,LB Forsikring A/S,Operating ratio,96.3
2021,12,53040,LB Forsikring A/S,Relativt afløbsresultat,-1.3
2021,12,53053,PenSam Forsikring A/S,Bruttoerstatningsprocent (Loss ratio),73.4
2021,12,53053,PenSam Forsikring A/S,Bruttoomkostningsprocent (Expense ratio),27.8
2021,12,53053,PenSam Forsikring A/S,Combined ratio,106.4
2021,12,53053,PenSam Forsikring A/S,Egenkapitalforrentning i pct. (Return on equity),-12.8
2021,12,53053,PenSam Forsikring A/S,Operating ratio,106.4
2021,12,53053,PenSam Forsikring A/S,Relativt afløbsresultat,-60.3
2021,12,53055,Concordia Forsikring A/S,Bruttoerstatningsprocent (Loss ratio),61.3
2021,12,53055,Concordia Forsikring A/S,Bruttoomkostningsprocent (Expense ratio),14.4
2021,12,53055,Concordia Forsikring A/S,Combined ratio,86.9
2021,12,53055,Concordia Forsikring A/S,Egenkapitalforrentning i pct. (Return on equity),9.7
2021,12,53055,Concordia Forsikring A/S,Operating ratio,87.1
2021,12,53055,Concordia Forsikring A/S,Relativt afløbsresultat,13.9
2021,12,53065,Borealis Insurance A/S (captive insurance company),Bruttoerstatningsprocent (Loss ratio),711.0
2021,12,53065,Borealis Insurance A/S (captive insurance company),Bruttoomkostningsprocent (Expense ratio),1.0
2021,12,53065,Borealis Insurance A/S (captive insurance company),Combined ratio,228.0
2021,12,53065,Borealis Insurance A/S (captive insurance company),Egenkapitalforrentning i pct. (Return on equity),-30.0
2021,12,53065,Borealis Insurance A/S (captive insurance company),Operating ratio,228.0
2021,12,53065,Borealis Insurance A/S (captive insurance company),Relativt afløbsresultat,0.0
2021,12,53070,Tryg Forsikring A/S,Bruttoerstatningsprocent (Loss ratio),67.4
2021,12,53070,Tryg Forsikring A/S,Bruttoomkostningsprocent (Expense ratio),14.7
2021,12,53070,Tryg Forsikring A/S,Combined ratio,85.1
2021,12,53070,Tryg Forsikring A/S,Egenkapitalforrentning i pct. (Return on equity),23.2
2021,12,53070,Tryg Forsikring A/S,Operating ratio,85.1
2021,12,53070,Tryg Forsikring A/S,Relativt afløbsresultat,4.1
2021,12,53074,Forsikringsselskabet PrivatSikring A/S,Bruttoerstatningsprocent (Loss ratio),48.5
2021,12,53074,Forsikringsselskabet PrivatSikring A/S,Bruttoomkostningsprocent (Expense ratio),42.5
2021,12,53074,Forsikringsselskabet PrivatSikring A/S,Combined ratio,92.4
2021,12,53074,Forsikringsselskabet PrivatSikring A/S,Egenkapitalforrentning i pct. (Return on equity),6.7
2021,12,53074,Forsikringsselskabet PrivatSikring A/S,Operating ratio,92.4
2021,12,53074,Forsikringsselskabet PrivatSikring A/S,Relativt afløbsresultat,13.0
2021,12,53086,Alm. Brand Forsikring A/S,Bruttoerstatningsprocent (Loss ratio),69.1
2021,12,53086,Alm. Brand Forsikring A/S,Bruttoomkostningsprocent (Expense ratio),17.3
2021,12,53086,Alm. Brand Forsikring A/S,Combined ratio,85.1
2021,12,53086,Alm. Brand Forsikring A/S,Egenkapitalforrentning i pct. (Return on equity),31.2
2021,12,53086,Alm. Brand Forsikring A/S,Operating ratio,85.1
2021,12,53086,Alm. Brand Forsikring A/S,Relativt afløbsresultat,2.9
2021,12,53087,Dansk Boligforsikring A/S,Bruttoerstatningsprocent (Loss ratio),42.1
2021,12,53087,Dansk Boligforsikring A/S,Bruttoomkostningsprocent (Expense ratio),23.8
2021,12,53087,Dansk Boligforsikring A/S,Combined ratio,66.8
2021,12,53087,Dansk Boligforsikring A/S,Egenkapitalforrentning i pct. (Return on equity),39.6
2021,12,53087,Dansk Boligforsikring A/S,Operating ratio,66.8
2021,12,53087,Dansk Boligforsikring A/S,Relativt afløbsresultat,7.7
2021,12,53092,Carlsberg Captive Insurance Company A/S,Bruttoerstatningsprocent (Loss ratio),1.0
2021,12,53092,Carlsberg Captive Insurance Company A/S,Bruttoomkostningsprocent (Expense ratio),13.5
2021,12,53092,Carlsberg Captive Insurance Company A/S,Combined ratio,14.5
2021,12,53092,Carlsberg Captive Insurance Company A/S,Egenkapitalforrentning i pct. (Return on equity),9.1
2021,12,53092,Carlsberg Captive Insurance Company A/S,Operating ratio,14.5
2021,12,53092,Carlsberg Captive Insurance Company A/S,Relativt afløbsresultat,0.0
2021,12,53093,Arriva Insurance A/S,Bruttoerstatningsprocent (Loss ratio),12.0
2021,12,53093,Arriva Insurance A/S,Bruttoomkostningsprocent (Expense ratio),10.0
2021,12,53093,Arriva Insurance A/S,Combined ratio,36.0
2021,12,53093,Arriva Insurance A/S,Egenkapitalforrentning i pct. (Return on equity),23.0
2021,12,53093,Arriva Insurance A/S,Operating ratio,36.0
2021,12,53093,Arriva Insurance A/S,Relativt afløbsresultat,8.0
2021,12,53095,Dansk Musiker Forbund Forsikring G/S,Bruttoerstatningsprocent (Loss ratio),34.9
2021,12,53095,Dansk Musiker Forbund Forsikring G/S,Bruttoomkostningsprocent (Expense ratio),50.1
2021,12,53095,Dansk Musiker Forbund Forsikring G/S,Combined ratio,88.0
2021,12,53095,Dansk Musiker Forbund Forsikring G/S,Egenkapitalforrentning i pct. (Return on equity),5.4
2021,12,53095,Dansk Musiker Forbund Forsikring G/S,Operating ratio,88.0
2021,12,53095,Dansk Musiker Forbund Forsikring G/S,Relativt afløbsresultat,-0.3
2021,12,53099,MELES Insurance A/S (captive insurance company),Bruttoerstatningsprocent (Loss ratio),77.0
2021,12,53099,MELES Insurance A/S (captive insurance company),Bruttoomkostningsprocent (Expense ratio),7.0
2021,12,53099,MELES Insurance A/S (captive insurance company),Combined ratio,89.0
2021,12,53099,MELES Insurance A/S (captive insurance company),Egenkapitalforrentning i pct. (Return on equity),6.0
2021,12,53099,MELES Insurance A/S (captive insurance company),Operating ratio,89.0
2021,12,53099,MELES Insurance A/S (captive insurance company),Relativt afløbsresultat,12.0
2021,12,53100,Ørsted Insurance A/S,Bruttoerstatningsprocent (Loss ratio),-33.2
2021,12,53100,Ørsted Insurance A/S,Bruttoomkostningsprocent (Expense ratio),-9.9
2021,12,53100,Ørsted Insurance A/S,Combined ratio,14.6
2021,12,53100,Ørsted Insurance A/S,Egenkapitalforrentning i pct. (Return on equity),4.7
2021,12,53100,Ørsted Insurance A/S,Operating ratio,10.9
2021,12,53100,Ørsted Insurance A/S,Relativt afløbsresultat,25.2
2021,12,53101,Salling Group Forsikring A/S,Bruttoerstatningsprocent (Loss ratio),57.3
2021,12,53101,Salling Group Forsikring A/S,Bruttoomkostningsprocent (Expense ratio),14.0
2021,12,53101,Salling Group Forsikring A/S,Combined ratio,76.5
2021,12,53101,Salling Group Forsikring A/S,Egenkapitalforrentning i pct. (Return on equity),7.8
2021,12,53101,Salling Group Forsikring A/S,Operating ratio,76.8
2021,12,53101,Salling Group Forsikring A/S,Relativt afløbsresultat,5.9
2021,12,53103,ETU Forsikring A/S,Bruttoerstatningsprocent (Loss ratio),78.0
2021,12,53103,ETU Forsikring A/S,Bruttoomkostningsprocent (Expense ratio),24.0
2021,12,53103,ETU Forsikring A/S,Combined ratio,99.0
2021,12,53103,ETU Forsikring A/S,Egenkapitalforrentning i pct. (Return on equity),5.0
2021,12,53103,ETU Forsikring A/S,Operating ratio,99.0
2021,12,53103,ETU Forsikring A/S,Relativt afløbsresultat,-18.0
2021,12,53106,Forsikringsselskabet Vendsyssel A/S,Bruttoerstatningsprocent (Loss ratio),50.3
2021,12,53106,Forsikringsselskabet Vendsyssel A/S,Bruttoomkostningsprocent (Expense ratio),21.5
2021,12,53106,Forsikringsselskabet Vendsyssel A/S,Combined ratio,82.6
2021,12,53106,Forsikringsselskabet Vendsyssel A/S,Egenkapitalforrentning i pct. (Return on equity),10.6
2021,12,53106,Forsikringsselskabet Vendsyssel A/S,Operating ratio,82.6
2021,12,53106,Forsikringsselskabet Vendsyssel A/S,Relativt afløbsresultat,10.5
2021,12,53108,FF Forsikring A/S,Bruttoerstatningsprocent (Loss ratio),26.86
2021,12,53108,FF Forsikring A/S,Bruttoomkostningsprocent (Expense ratio),33.24
2021,12,53108,FF Forsikring A/S,Combined ratio,60.1
2021,12,53108,FF Forsikring A/S,Egenkapitalforrentning i pct. (Return on equity),41.76
2021,12,53108,FF Forsikring A/S,Operating ratio,60.1
2021,12,53108,FF Forsikring A/S,Relativt afløbsresultat,0.01
2021,12,53110,DSV Insurance A/S,Bruttoerstatningsprocent (Loss ratio),43.0
2021,12,53110,DSV Insurance A/S,Bruttoomkostningsprocent (Expense ratio),16.0
2021,12,53110,DSV Insurance A/S,Combined ratio,70.0
2021,12,53110,DSV Insurance A/S,Egenkapitalforrentning i pct. (Return on equity),34.0
2021,12,53110,DSV Insurance A/S,Operating ratio,70.0
2021,12,53110,DSV Insurance A/S,Relativt afløbsresultat,15.0
2021,12,53111,Fri Forsikring A/S,Bruttoerstatningsprocent (Loss ratio),31.3
2021,12,53111,Fri Forsikring A/S,Bruttoomkostningsprocent (Expense ratio),19.5
2021,12,53111,Fri Forsikring A/S,Combined ratio,55.9
2021,12,53111,Fri Forsikring A/S,Egenkapitalforrentning i pct. (Return on equity),25.9
2021,12,53111,Fri Forsikring A/S,Operating ratio,55.9
2021,12,53111,Fri Forsikring A/S,Relativt afløbsresultat,22.7
2021,12,53113,Maersk Insurance A/S,Bruttoerstatningsprocent (Loss ratio),56.0
2021,12,53113,Maersk Insurance A/S,Bruttoomkostningsprocent (Expense ratio),5.0
2021,12,53113,Maersk Insurance A/S,Combined ratio,87.0
2021,12,53113,Maersk Insurance A/S,Egenkapitalforrentning i pct. (Return on equity),7.0
2021,12,53113,Maersk Insurance A/S,Operating ratio,87.0
2021,12,53113,Maersk Insurance A/S,Relativt afløbsresultat,6.0
2021,12,53116,Global Dental Insurance A/S (under frivillig likvidation),Bruttoerstatningsprocent (Loss ratio),73.0
2021,12,53116,Global Dental Insurance A/S (under frivillig likvidation),Bruttoomkostningsprocent (Expense ratio),25.0
2021,12,53116,Global Dental Insurance A/S (under frivillig likvidation),Combined ratio,98.0
2021,12,53116,Global Dental Insurance A/S (under frivillig likvidation),Egenkapitalforrentning i pct. (Return on equity),1.0
2021,12,53116,Global Dental Insurance A/S (under frivillig likvidation),Operating ratio,99.0
2021,12,53116,Global Dental Insurance A/S (under frivillig likvidation),Relativt afløbsresultat,17.0
2021,12,53118,"""danmark"" Erhverv, Skadesforsikringsaktieselskab",Bruttoerstatningsprocent (Loss ratio),95.7
2021,12,53118,"""danmark"" Erhverv, Skadesforsikringsaktieselskab",Bruttoomkostningsprocent (Expense ratio),25.7
2021,12,53118,"""danmark"" Erhverv, Skadesforsikringsaktieselskab",Combined ratio,121.3
2021,12,53118,"""danmark"" Erhverv, Skadesforsikringsaktieselskab",Egenkapitalforrentning i pct. (Return on equity),4.4
2021,12,53118,"""danmark"" Erhverv, Skadesforsikringsaktieselskab",Operating ratio,121.4
2021,12,53118,"""danmark"" Erhverv, Skadesforsikringsaktieselskab",Relativt afløbsresultat,0.6
2021,12,53119,Domus Forsikring A/S,Bruttoerstatningsprocent (Loss ratio),86.0
2021,12,53119,Domus Forsikring A/S,Bruttoomkostningsprocent (Expense ratio),23.0
2021,12,53119,Domus Forsikring A/S,Combined ratio,2.0
2021,12,53119,Domus Forsikring A/S,Egenkapitalforrentning i pct. (Return on equity),-76.0
2021,12,53119,Domus Forsikring A/S,Operating ratio,111.0
2021,12,53119,Domus Forsikring A/S,Relativt afløbsresultat,-45.0
2021,12,53120,Amorta Arbejdsskadesforsikringsselskab A/S,Egenkapitalforrentning i pct. (Return on equity),14.3
2021,12,53120,Amorta Arbejdsskadesforsikringsselskab A/S,Relativt afløbsresultat,6.6
2021,12,53121,Forsikringsselskabet Dansk Sundhedssikring A/S,Bruttoerstatningsprocent (Loss ratio),64.0
2021,12,53121,Forsikringsselskabet Dansk Sundhedssikring A/S,Bruttoomkostningsprocent (Expense ratio),22.0
2021,12,53121,Forsikringsselskabet Dansk Sundhedssikring A/S,Combined ratio,86.0
2021,12,53121,Forsikringsselskabet Dansk Sundhedssikring A/S,Egenkapitalforrentning i pct. (Return on equity),26.0
2021,12,53121,Forsikringsselskabet Dansk Sundhedssikring A/S,Operating ratio,14.0
2021,12,53121,Forsikringsselskabet Dansk Sundhedssikring A/S,Relativt afløbsresultat,0.0
2021,12,53122,Codan Forsikring A/S (53122),Bruttoerstatningsprocent (Loss ratio),0.0
2021,12,53122,Codan Forsikring A/S (53122),Bruttoomkostningsprocent (Expense ratio),0.0
2021,12,53122,Codan Forsikring A/S (53122),Combined ratio,0.0
2021,12,53122,Codan Forsikring A/S (53122),Egenkapitalforrentning i pct. (Return on equity),-250.0
2021,12,53122,Codan Forsikring A/S (53122),Operating ratio,0.0
2021,12,53122,Codan Forsikring A/S (53122),Relativt afløbsresultat,0.0
2022,12,50018,ULYKKESFORSIKRINGSFORBUNDET FOR DANSK SØFART. GENSIDIGT FORBUND,Bruttoerstatningsprocent (Loss ratio),23.1
2022,12,50018,ULYKKESFORSIKRINGSFORBUNDET FOR DANSK SØFART. GENSIDIGT FORBUND,Bruttoomkostningsprocent (Expense ratio),20.2
2022,12,50018,ULYKKESFORSIKRINGSFORBUNDET FOR DANSK SØFART. GENSIDIGT FORBUND,Combined ratio,50.9
2022,12,50018,ULYKKESFORSIKRINGSFORBUNDET FOR DANSK SØFART. GENSIDIGT FORBUND,Egenkapitalforrentning i pct. (Return on equity),10.3
2022,12,50018,ULYKKESFORSIKRINGSFORBUNDET FOR DANSK SØFART. GENSIDIGT FORBUND,Operating ratio,50.9
2022,12,50018,ULYKKESFORSIKRINGSFORBUNDET FOR DANSK SØFART. GENSIDIGT FORBUND,Relativt afløbsresultat,2.8
2022,12,50099,Lokal Forsikring G/S,Bruttoerstatningsprocent (Loss ratio),74.0
2022,12,50099,Lokal Forsikring G/S,Bruttoomkostningsprocent (Expense ratio),25.3
2022,12,50099,Lokal Forsikring G/S,Combined ratio,109.3
2022,12,50099,Lokal Forsikring G/S,Egenkapitalforrentning i pct. (Return on equity),-20.7
2022,12,50099,Lokal Forsikring G/S,Operating ratio,108.7
2022,12,50099,Lokal Forsikring G/S,Relativt afløbsresultat,-11.1
2022,12,50102,VESTJYLLAND FORSIKRING GS.,Bruttoerstatningsprocent (Loss ratio),63.9
2022,12,50102,VESTJYLLAND FORSIKRING GS.,Bruttoomkostningsprocent (Expense ratio),19.1
2022,12,50102,VESTJYLLAND FORSIKRING GS.,Combined ratio,88.9
2022,12,50102,VESTJYLLAND FORSIKRING GS.,Egenkapitalforrentning i pct. (Return on equity),-2.3
2022,12,50102,VESTJYLLAND FORSIKRING GS.,Operating ratio,87.4
2022,12,50102,VESTJYLLAND FORSIKRING GS.,Relativt afløbsresultat,15.5
2022,12,50140,HF-Forsikring G/S,Bruttoerstatningsprocent (Loss ratio),54.1
2022,12,50140,HF-Forsikring G/S,Bruttoomkostningsprocent (Expense ratio),41.2
2022,12,50140,HF-Forsikring G/S,Combined ratio,106.7
2022,12,50140,HF-Forsikring G/S,Egenkapitalforrentning i pct. (Return on equity),-10.7
2022,12,50140,HF-Forsikring G/S,Operating ratio,106.2
2022,12,50140,HF-Forsikring G/S,Relativt afløbsresultat,-10.3
2022,12,50149,Europæiske Rejseforsikring A/S,Bruttoerstatningsprocent (Loss ratio),44.08
2022,12,50149,Europæiske Rejseforsikring A/S,Bruttoomkostningsprocent (Expense ratio),56.22
2022,12,50149,Europæiske Rejseforsikring A/S,Combined ratio,106.71
2022,12,50149,Europæiske Rejseforsikring A/S,Egenkapitalforrentning i pct. (Return on equity),23.62
2022,12,50149,Europæiske Rejseforsikring A/S,Operating ratio,105.15
2022,12,50149,Europæiske Rejseforsikring A/S,Relativt afløbsresultat,25.33
2022,12,50167,Storstrøms Forsikring G/S,Bruttoerstatningsprocent (Loss ratio),76.0
2022,12,50167,Storstrøms Forsikring G/S,Bruttoomkostningsprocent (Expense ratio),27.0
2022,12,50167,Storstrøms Forsikring G/S,Combined ratio,107.0
2022,12,50167,Storstrøms Forsikring G/S,Egenkapitalforrentning i pct. (Return on equity),-22.0
2022,12,50167,Storstrøms Forsikring G/S,Operating ratio,106.0
2022,12,50167,Storstrøms Forsikring G/S,Relativt afløbsresultat,-2.0
2022,12,50192,Kongeriget Danmarks Hesteforsikring G/S,Bruttoerstatningsprocent (Loss ratio),80.0
2022,12,50192,Kongeriget Danmarks Hesteforsikring G/S,Bruttoomkostningsprocent (Expense ratio),52.0
2022,12,50192,Kongeriget Danmarks Hesteforsikring G/S,Combined ratio,132.0
2022,12,50192,Kongeriget Danmarks Hesteforsikring G/S,Egenkapitalforrentning i pct. (Return on equity),-15.0
2022,12,50192,Kongeriget Danmarks Hesteforsikring G/S,Operating ratio,132.0
2022,12,50192,Kongeriget Danmarks Hesteforsikring G/S,Relativt afløbsresultat,8.0
2022,12,50230,Forsikringsselskabet VEJLE BRAND af 1841 g/s,Bruttoerstatningsprocent (Loss ratio),67.25
2022,12,50230,Forsikringsselskabet VEJLE BRAND af 1841 g/s,Bruttoomkostningsprocent (Expense ratio),30.03
2022,12,50230,Forsikringsselskabet VEJLE BRAND af 1841 g/s,Combined ratio,101.72
2022,12,50230,Forsikringsselskabet VEJLE BRAND af 1841 g/s,Egenkapitalforrentning i pct. (Return on equity),-10.02
2022,12,50230,Forsikringsselskabet VEJLE BRAND af 1841 g/s,Operating ratio,100.64
2022,12,50230,Forsikringsselskabet VEJLE BRAND af 1841 g/s,Relativt afløbsresultat,2.48
2022,12,50234,Landinspektørernes gensidige Erhvervsansvarsforsikring,Bruttoerstatningsprocent (Loss ratio),18.0
2022,12,50234,Landinspektørernes gensidige Erhvervsansvarsforsikring,Bruttoomkostningsprocent (Expense ratio),25.1
2022,12,50234,Landinspektørernes gensidige Erhvervsansvarsforsikring,Combined ratio,51.3
2022,12,50234,Landinspektørernes gensidige Erhvervsansvarsforsikring,Egenkapitalforrentning i pct. (Return on equity),-1.1
2022,12,50234,Landinspektørernes gensidige Erhvervsansvarsforsikring,Operating ratio,51.0
2022,12,50234,Landinspektørernes gensidige Erhvervsansvarsforsikring,Relativt afløbsresultat,-32.2
2022,12,50240,Sønderjysk Forsikring G/S,Bruttoerstatningsprocent (Loss ratio),64.0
2022,12,50240,Sønderjysk Forsikring G/S,Bruttoomkostningsprocent (Expense ratio),23.6
2022,12,50240,Sønderjysk Forsikring G/S,Combined ratio,93.4
2022,12,50240,Sønderjysk Forsikring G/S,Egenkapitalforrentning i pct. (Return on equity),0.2
2022,12,50240,Sønderjysk Forsikring G/S,Operating ratio,93.4
2022,12,50240,Sønderjysk Forsikring G/S,Relativt afløbsresultat,-0.8
2022,12,50253,Aros Forsikring - gensidigt forsikringsselskab,Bruttoerstatningsprocent (Loss ratio),73.5
2022,12,50253,Aros Forsikring - gensidigt forsikringsselskab,Bruttoomkostningsprocent (Expense ratio),20.2
2022,12,50253,Aros Forsikring - gensidigt forsikringsselskab,Combined ratio,95.6
2022,12,50253,Aros Forsikring - gensidigt forsikringsselskab,Egenkapitalforrentning i pct. (Return on equity),3.4
2022,12,50253,Aros Forsikring - gensidigt forsikringsselskab,Operating ratio,95.3
2022,12,50253,Aros Forsikring - gensidigt forsikringsselskab,Relativt afløbsresultat,0.3
2022,12,50295,GARTNERNES FORSIKRING GS. DANSK JORDBRUG,Bruttoerstatningsprocent (Loss ratio),67.0
2022,12,50295,GARTNERNES FORSIKRING GS. DANSK JORDBRUG,Bruttoomkostningsprocent (Expense ratio),29.0
2022,12,50295,GARTNERNES FORSIKRING GS. DANSK JORDBRUG,Combined ratio,105.0
2022,12,50295,GARTNERNES FORSIKRING GS. DANSK JORDBRUG,Egenkapitalforrentning i pct. (Return on equity),-16.0
2022,12,50295,GARTNERNES FORSIKRING GS. DANSK JORDBRUG,Operating ratio,105.0
2022,12,50295,GARTNERNES FORSIKRING GS. DANSK JORDBRUG,Relativt afløbsresultat,1.0
2022,12,50421,Det gensidige forsikringsselskab Dansk Plantageforsikring,Bruttoerstatningsprocent (Loss ratio),-2.0
2022,12,50421,Det gensidige forsikringsselskab Dansk Plantageforsikring,Bruttoomkostningsprocent (Expense ratio),113.0
2022,12,50421,Det gensidige forsikringsselskab Dansk Plantageforsikring,Combined ratio,112.0
2022,12,50421,Det gensidige forsikringsselskab Dansk Plantageforsikring,Egenkapitalforrentning i pct. (Return on equity),-8.9
2022,12,50421,Det gensidige forsikringsselskab Dansk Plantageforsikring,Operating ratio,112.0
2022,12,50421,Det gensidige forsikringsselskab Dansk Plantageforsikring,Relativt afløbsresultat,0.0
2022,12,50453,NærBrand G/S (Under frivillig likvidation),Bruttoerstatningsprocent (Loss ratio),54.5
2022,12,50453,NærBrand G/S (Under frivillig likvidation),Bruttoomkostningsprocent (Expense ratio),57.5
2022,12,50453,NærBrand G/S (Under frivillig likvidation),Combined ratio,113.6
2022,12,50453,NærBrand G/S (Under frivillig likvidation),Egenkapitalforrentning i pct. (Return on equity),-5.1
2022,12,50453,NærBrand G/S (Under frivillig likvidation),Operating ratio,112.6
2022,12,50453,NærBrand G/S (Under frivillig likvidation),Relativt afløbsresultat,8.5
2022,12,50479,Skibsforsikringen Frederikshavn G/F,Bruttoerstatningsprocent (Loss ratio),57.16
2022,12,50479,Skibsforsikringen Frederikshavn G/F,Bruttoomkostningsprocent (Expense ratio),17.59
2022,12,50479,Skibsforsikringen Frederikshavn G/F,Combined ratio,89.14
2022,12,50479,Skibsforsikringen Frederikshavn G/F,Egenkapitalforrentning i pct. (Return on equity),-4.46
2022,12,50479,Skibsforsikringen Frederikshavn G/F,Operating ratio,89.14
2022,12,50479,Skibsforsikringen Frederikshavn G/F,Relativt afløbsresultat,2.85
2022,12,50568,Danske Privatbaners Forsikringsforening G/S,Bruttoerstatningsprocent (Loss ratio),11.26
2022,12,50568,Danske Privatbaners Forsikringsforening G/S,Bruttoomkostningsprocent (Expense ratio),2.38
2022,12,50568,Danske Privatbaners Forsikringsforening G/S,Combined ratio,47.67
2022,12,50568,Danske Privatbaners Forsikringsforening G/S,Egenkapitalforrentning i pct. (Return on equity),-4.43
2022,12,50568,Danske Privatbaners Forsikringsforening G/S,Operating ratio,58.65
2022,12,50568,Danske Privatbaners Forsikringsforening G/S,Relativt afløbsresultat,4.3
2022,12,50580,Dansk Søforsikring G/S (opløst efter frivillig likvidation),Bruttoerstatningsprocent (Loss ratio),0.0
2022,12,50580,Dansk Søforsikring G/S (opløst efter frivillig likvidation),Bruttoomkostningsprocent (Expense ratio),0.0
2022,12,50580,Dansk Søforsikring G/S (opløst efter frivillig likvidation),Combined ratio,0.0
2022,12,50580,Dansk Søforsikring G/S (opløst efter frivillig likvidation),Egenkapitalforrentning i pct. (Return on equity),-13.0
2022,12,50580,Dansk Søforsikring G/S (opløst efter frivillig likvidation),Operating ratio,0.0
2022,12,50580,Dansk Søforsikring G/S (opløst efter frivillig likvidation),Relativt afløbsresultat,56.0
2022,12,50635,Fiskernes Forsikring G/S,Bruttoerstatningsprocent (Loss ratio),47.54
2022,12,50635,Fiskernes Forsikring G/S,Bruttoomkostningsprocent (Expense ratio),30.15
2022,12,50635,Fiskernes Forsikring G/S,Combined ratio,87.83
2022,12,50635,Fiskernes Forsikring G/S,Egenkapitalforrentning i pct. (Return on equity),1.99
2022,12,50635,Fiskernes Forsikring G/S,Operating ratio,87.64
2022,12,50635,Fiskernes Forsikring G/S,Relativt afløbsresultat,6.69
2022,12,51519,Popermo Forsikring g/s,Bruttoerstatningsprocent (Loss ratio),82.8
2022,12,51519,Popermo Forsikring g/s,Bruttoomkostningsprocent (Expense ratio),13.9
2022,12,51519,Popermo Forsikring g/s,Combined ratio,100.3
2022,12,51519,Popermo Forsikring g/s,Egenkapitalforrentning i pct. (Return on equity),-4.5
2022,12,51519,Popermo Forsikring g/s,Operating ratio,99.2
2022,12,51519,Popermo Forsikring g/s,Relativt afløbsresultat,6.5
2022,12,51571,Forsikringsselskabet HIMMERLAND G/S,Bruttoerstatningsprocent (Loss ratio),61.9
2022,12,51571,Forsikringsselskabet HIMMERLAND G/S,Bruttoomkostningsprocent (Expense ratio),21.6
2022,12,51571,Forsikringsselskabet HIMMERLAND G/S,Combined ratio,90.9
2022,12,51571,Forsikringsselskabet HIMMERLAND G/S,Egenkapitalforrentning i pct. (Return on equity),0.2
2022,12,51571,Forsikringsselskabet HIMMERLAND G/S,Operating ratio,90.1
2022,12,51571,Forsikringsselskabet HIMMERLAND G/S,Relativt afløbsresultat,6.4
2022,12,51619,GF Forsikring A/S,Bruttoerstatningsprocent (Loss ratio),69.8
2022,12,51619,GF Forsikring A/S,Bruttoomkostningsprocent (Expense ratio),23.8
2022,12,51619,GF Forsikring A/S,Combined ratio,94.6
2022,12,51619,GF Forsikring A/S,Egenkapitalforrentning i pct. (Return on equity),-10.9
2022,12,51619,GF Forsikring A/S,Operating ratio,94.5
2022,12,51619,GF Forsikring A/S,Relativt afløbsresultat,9.8
2022,12,51706,"SYGEFORSIKRINGEN ""DANMARK"", GS",Bruttoerstatningsprocent (Loss ratio),97.9
2022,12,51706,"SYGEFORSIKRINGEN ""DANMARK"", GS",Bruttoomkostningsprocent (Expense ratio),3.5
2022,12,51706,"SYGEFORSIKRINGEN ""DANMARK"", GS",Combined ratio,101.4
2022,12,51706,"SYGEFORSIKRINGEN ""DANMARK"", GS",Egenkapitalforrentning i pct. (Return on equity),-16.9
2022,12,51706,"SYGEFORSIKRINGEN ""DANMARK"", GS",Operating ratio,101.3
2022,12,51706,"SYGEFORSIKRINGEN ""DANMARK"", GS",Relativt afløbsresultat,2.8
2022,12,51777,Thisted Forsikring A/S,Bruttoerstatningsprocent (Loss ratio),73.1
2022,12,51777,Thisted Forsikring A/S,Bruttoomkostningsprocent (Expense ratio),20.5
2022,12,51777,Thisted Forsikring A/S,Combined ratio,88.3
2022,12,51777,Thisted Forsikring A/S,Egenkapitalforrentning i pct. (Return on equity),0.6
2022,12,51777,Thisted Forsikring A/S,Operating ratio,87.7
2022,12,51777,Thisted Forsikring A/S,Relativt afløbsresultat,9.7
2022,12,51778,"Købstædernes Forsikring, gensidig",Bruttoerstatningsprocent (Loss ratio),99.9
2022,12,51778,"Købstædernes Forsikring, gensidig",Bruttoomkostningsprocent (Expense ratio),21.4
2022,12,51778,"Købstædernes Forsikring, gensidig",Combined ratio,101.2
2022,12,51778,"Købstædernes Forsikring, gensidig",Egenkapitalforrentning i pct. (Return on equity),-6.7
2022,12,51778,"Købstædernes Forsikring, gensidig",Operating ratio,100.3
2022,12,51778,"Købstædernes Forsikring, gensidig",Relativt afløbsresultat,-7.5
2022,12,51949,Forsikringsselskabet Nærsikring A/S,Bruttoerstatningsprocent (Loss ratio),59.3
2022,12,51949,Forsikringsselskabet Nærsikring A/S,Bruttoomkostningsprocent (Expense ratio),13.0
2022,12,51949,Forsikringsselskabet Nærsikring A/S,Combined ratio,0.9
2022,12,51949,Forsikringsselskabet Nærsikring A/S,Egenkapitalforrentning i pct. (Return on equity),-6.7
2022,12,51949,Forsikringsselskabet Nærsikring A/S,Operating ratio,73.2
2022,12,51949,Forsikringsselskabet Nærsikring A/S,Relativt afløbsresultat,6.1
2022,12,52009,Topdanmark Forsikring A/S,Bruttoerstatningsprocent (Loss ratio),62.6
2022,12,52009,Topdanmark Forsikring A/S,Bruttoomkostningsprocent (Expense ratio),16.5
2022,12,52009,Topdanmark Forsikring A/S,Combined ratio,81.8
2022,12,52009,Topdanmark Forsikring A/S,Egenkapitalforrentning i pct. (Return on equity),36.1
2022,12,52009,Topdanmark Forsikring A/S,Operating ratio,81.8
2022,12,52009,Topdanmark Forsikring A/S,Relativt afløbsresultat,1.4
2022,12,53028,Bornholms Brandforsikring A/S,Bruttoerstatningsprocent (Loss ratio),64.8
2022,12,53028,Bornholms Brandforsikring A/S,Bruttoomkostningsprocent (Expense ratio),19.2
2022,12,53028,Bornholms Brandforsikring A/S,Combined ratio,90.5
2022,12,53028,Bornholms Brandforsikring A/S,Egenkapitalforrentning i pct. (Return on equity),-5.8
2022,12,53028,Bornholms Brandforsikring A/S,Operating ratio,90.3
2022,12,53028,Bornholms Brandforsikring A/S,Relativt afløbsresultat,3.8
2022,12,53040,LB Forsikring A/S,Bruttoerstatningsprocent (Loss ratio),87.1
2022,12,53040,LB Forsikring A/S,Bruttoomkostningsprocent (Expense ratio),18.2
2022,12,53040,LB Forsikring A/S,Combined ratio,106.7
2022,12,53040,LB Forsikring A/S,Egenkapitalforrentning i pct. (Return on equity),10.0
2022,12,53040,LB Forsikring A/S,Operating ratio,106.0
2022,12,53040,LB Forsikring A/S,Relativt afløbsresultat,-1.9
2022,12,53053,PenSam Forsikring A/S,Bruttoerstatningsprocent (Loss ratio),77.3
2022,12,53053,PenSam Forsikring A/S,Bruttoomkostningsprocent (Expense ratio),28.9
2022,12,53053,PenSam Forsikring A/S,Combined ratio,109.4
2022,12,53053,PenSam Forsikring A/S,Egenkapitalforrentning i pct. (Return on equity),-29.7
2022,12,53053,PenSam Forsikring A/S,Operating ratio,109.4
2022,12,53053,PenSam Forsikring A/S,Relativt afløbsresultat,-29.5
2022,12,53055,Concordia Forsikring A/S,Bruttoerstatningsprocent (Loss ratio),68.1
2022,12,53055,Concordia Forsikring A/S,Bruttoomkostningsprocent (Expense ratio),14.6
2022,12,53055,Concordia Forsikring A/S,Combined ratio,90.1
2022,12,53055,Concordia Forsikring A/S,Egenkapitalforrentning i pct. (Return on equity),1.3
2022,12,53055,Concordia Forsikring A/S,Operating ratio,89.2
2022,12,53055,Concordia Forsikring A/S,Relativt afløbsresultat,14.5
2022,12,53065,Borealis Insurance A/S (captive insurance company),Bruttoerstatningsprocent (Loss ratio),60.06
2022,12,53065,Borealis Insurance A/S (captive insurance company),Bruttoomkostningsprocent (Expense ratio),1.29
2022,12,53065,Borealis Insurance A/S (captive insurance company),Combined ratio,84.43
2022,12,53065,Borealis Insurance A/S (captive insurance company),Egenkapitalforrentning i pct. (Return on equity),2.05
2022,12,53065,Borealis Insurance A/S (captive insurance company),Operating ratio,84.47
2022,12,53065,Borealis Insurance A/S (captive insurance company),Relativt afløbsresultat,-18.38
2022,12,53070,Tryg Forsikring A/S,Bruttoerstatningsprocent (Loss ratio),66.2
2022,12,53070,Tryg Forsikring A/S,Bruttoomkostningsprocent (Expense ratio),16.5
2022,12,53070,Tryg Forsikring A/S,Combined ratio,84.8
2022,12,53070,Tryg Forsikring A/S,Egenkapitalforrentning i pct. (Return on equity),8.2
2022,12,53070,Tryg Forsikring A/S,Operating ratio,84.8
2022,12,53070,Tryg Forsikring A/S,Relativt afløbsresultat,3.9
2022,12,53074,Forsikringsselskabet PrivatSikring A/S,Bruttoerstatningsprocent (Loss ratio),57.2
2022,12,53074,Forsikringsselskabet PrivatSikring A/S,Bruttoomkostningsprocent (Expense ratio),44.3
2022,12,53074,Forsikringsselskabet PrivatSikring A/S,Combined ratio,103.2
2022,12,53074,Forsikringsselskabet PrivatSikring A/S,Egenkapitalforrentning i pct. (Return on equity),-12.4
2022,12,53074,Forsikringsselskabet PrivatSikring A/S,Operating ratio,103.2
2022,12,53074,Forsikringsselskabet PrivatSikring A/S,Relativt afløbsresultat,4.6
2022,12,53086,Alm. Brand Forsikring A/S,Bruttoerstatningsprocent (Loss ratio),65.8
2022,12,53086,Alm. Brand Forsikring A/S,Bruttoomkostningsprocent (Expense ratio),16.7
2022,12,53086,Alm. Brand Forsikring A/S,Combined ratio,85.7
2022,12,53086,Alm. Brand Forsikring A/S,Egenkapitalforrentning i pct. (Return on equity),63.4
2022,12,53086,Alm. Brand Forsikring A/S,Operating ratio,85.8
2022,12,53086,Alm. Brand Forsikring A/S,Relativt afløbsresultat,1.9
2022,12,53087,Dansk Boligforsikring A/S,Bruttoerstatningsprocent (Loss ratio),63.8
2022,12,53087,Dansk Boligforsikring A/S,Bruttoomkostningsprocent (Expense ratio),17.2
2022,12,53087,Dansk Boligforsikring A/S,Combined ratio,82.1
2022,12,53087,Dansk Boligforsikring A/S,Egenkapitalforrentning i pct. (Return on equity),20.5
2022,12,53087,Dansk Boligforsikring A/S,Operating ratio,82.1
2022,12,53087,Dansk Boligforsikring A/S,Relativt afløbsresultat,-18.5
2022,12,53092,Carlsberg Captive Insurance Company A/S,Bruttoerstatningsprocent (Loss ratio),0.4
2022,12,53092,Carlsberg Captive Insurance Company A/S,Bruttoomkostningsprocent (Expense ratio),10.8
2022,12,53092,Carlsberg Captive Insurance Company A/S,Combined ratio,11.2
2022,12,53092,Carlsberg Captive Insurance Company A/S,Egenkapitalforrentning i pct. (Return on equity),11.4
2022,12,53092,Carlsberg Captive Insurance Company A/S,Operating ratio,11.1
2022,12,53092,Carlsberg Captive Insurance Company A/S,Relativt afløbsresultat,0.0
2022,12,53093,Arriva Insurance A/S,Bruttoerstatningsprocent (Loss ratio),18.0
2022,12,53093,Arriva Insurance A/S,Bruttoomkostningsprocent (Expense ratio),10.0
2022,12,53093,Arriva Insurance A/S,Combined ratio,39.0
2022,12,53093,Arriva Insurance A/S,Egenkapitalforrentning i pct. (Return on equity),26.0
2022,12,53093,Arriva Insurance A/S,Operating ratio,39.0
2022,12,53093,Arriva Insurance A/S,Relativt afløbsresultat,-5.0
2022,12,53095,Dansk Musiker Forbund Forsikring G/S,Bruttoerstatningsprocent (Loss ratio),40.2
2022,12,53095,Dansk Musiker Forbund Forsikring G/S,Bruttoomkostningsprocent (Expense ratio),52.1
2022,12,53095,Dansk Musiker Forbund Forsikring G/S,Combined ratio,94.8
2022,12,53095,Dansk Musiker Forbund Forsikring G/S,Egenkapitalforrentning i pct. (Return on equity),-13.1
2022,12,53095,Dansk Musiker Forbund Forsikring G/S,Operating ratio,94.6
2022,12,53095,Dansk Musiker Forbund Forsikring G/S,Relativt afløbsresultat,36.7
2022,12,53099,MELES Insurance A/S (captive insurance company),Bruttoerstatningsprocent (Loss ratio),81.7
2022,12,53099,MELES Insurance A/S (captive insurance company),Bruttoomkostningsprocent (Expense ratio),11.3
2022,12,53099,MELES Insurance A/S (captive insurance company),Combined ratio,97.0
2022,12,53099,MELES Insurance A/S (captive insurance company),Egenkapitalforrentning i pct. (Return on equity),2.2
2022,12,53099,MELES Insurance A/S (captive insurance company),Operating ratio,97.1
2022,12,53099,MELES Insurance A/S (captive insurance company),Relativt afløbsresultat,21.1
2022,12,53100,Ørsted Insurance A/S,Bruttoerstatningsprocent (Loss ratio),174.2
2022,12,53100,Ørsted Insurance A/S,Bruttoomkostningsprocent (Expense ratio),3.3
2022,12,53100,Ørsted Insurance A/S,Combined ratio,174.4
2022,12,53100,Ørsted Insurance A/S,Egenkapitalforrentning i pct. (Return on equity),-20.7
2022,12,53100,Ørsted Insurance A/S,Operating ratio,169.3
2022,12,53100,Ørsted Insurance A/S,Relativt afløbsresultat,-48.0
2022,12,53101,Salling Group Forsikring A/S,Bruttoerstatningsprocent (Loss ratio),55.2
2022,12,53101,Salling Group Forsikring A/S,Bruttoomkostningsprocent (Expense ratio),13.2
2022,12,53101,Salling Group Forsikring A/S,Combined ratio,74.2
2022,12,53101,Salling Group Forsikring A/S,Egenkapitalforrentning i pct. (Return on equity),3.2
2022,12,53101,Salling Group Forsikring A/S,Operating ratio,73.8
2022,12,53101,Salling Group Forsikring A/S,Relativt afløbsresultat,8.9
2022,12,53103,ETU Forsikring A/S,Bruttoerstatningsprocent (Loss ratio),71.0
2022,12,53103,ETU Forsikring A/S,Bruttoomkostningsprocent (Expense ratio),26.0
2022,12,53103,ETU Forsikring A/S,Combined ratio,93.0
2022,12,53103,ETU Forsikring A/S,Egenkapitalforrentning i pct. (Return on equity),31.0
2022,12,53103,ETU Forsikring A/S,Operating ratio,93.0
2022,12,53103,ETU Forsikring A/S,Relativt afløbsresultat,-8.0
2022,12,53106,Forsikringsselskabet Vendsyssel A/S,Bruttoerstatningsprocent (Loss ratio),55.1
2022,12,53106,Forsikringsselskabet Vendsyssel A/S,Bruttoomkostningsprocent (Expense ratio),19.9
2022,12,53106,Forsikringsselskabet Vendsyssel A/S,Combined ratio,83.7
2022,12,53106,Forsikringsselskabet Vendsyssel A/S,Egenkapitalforrentning i pct. (Return on equity),-1.4
2022,12,53106,Forsikringsselskabet Vendsyssel A/S,Operating ratio,83.5
2022,12,53106,Forsikringsselskabet Vendsyssel A/S,Relativt afløbsresultat,10.3
2022,12,53108,FF Forsikring A/S,Bruttoerstatningsprocent (Loss ratio),22.16
2022,12,53108,FF Forsikring A/S,Bruttoomkostningsprocent (Expense ratio),22.16
2022,12,53108,FF Forsikring A/S,Combined ratio,63.3
2022,12,53108,FF Forsikring A/S,Egenkapitalforrentning i pct. (Return on equity),11.15
2022,12,53108,FF Forsikring A/S,Operating ratio,63.3
2022,12,53108,FF Forsikring A/S,Relativt afløbsresultat,0.51
2022,12,53110,DSV Insurance A/S,Bruttoerstatningsprocent (Loss ratio),48.0
2022,12,53110,DSV Insurance A/S,Bruttoomkostningsprocent (Expense ratio),12.0
2022,12,53110,DSV Insurance A/S,Combined ratio,79.0
2022,12,53110,DSV Insurance A/S,Egenkapitalforrentning i pct. (Return on equity),45.0
2022,12,53110,DSV Insurance A/S,Operating ratio,79.0
2022,12,53110,DSV Insurance A/S,Relativt afløbsresultat,11.0
2022,12,53111,Fri Forsikring A/S,Bruttoerstatningsprocent (Loss ratio),41.3
2022,12,53111,Fri Forsikring A/S,Bruttoomkostningsprocent (Expense ratio),21.4
2022,12,53111,Fri Forsikring A/S,Combined ratio,66.6
2022,12,53111,Fri Forsikring A/S,Egenkapitalforrentning i pct. (Return on equity),4.6
2022,12,53111,Fri Forsikring A/S,Operating ratio,66.6
2022,12,53111,Fri Forsikring A/S,Relativt afløbsresultat,35.1
2022,12,53113,Maersk Insurance A/S,Bruttoerstatningsprocent (Loss ratio),31.0
2022,12,53113,Maersk Insurance A/S,Bruttoomkostningsprocent (Expense ratio),3.0
2022,12,53113,Maersk Insurance A/S,Combined ratio,72.0
2022,12,53113,Maersk Insurance A/S,Egenkapitalforrentning i pct. (Return on equity),21.0
2022,12,53113,Maersk Insurance A/S,Operating ratio,72.0
2022,12,53113,Maersk Insurance A/S,Relativt afløbsresultat,-11.0
2022,12,53116,Global Dental Insurance A/S (under frivillig likvidation),Bruttoerstatningsprocent (Loss ratio),63.0
2022,12,53116,Global Dental Insurance A/S (under frivillig likvidation),Bruttoomkostningsprocent (Expense ratio),35.0
2022,12,53116,Global Dental Insurance A/S (under frivillig likvidation),Combined ratio,97.0
2022,12,53116,Global Dental Insurance A/S (under frivillig likvidation),Egenkapitalforrentning i pct. (Return on equity),-5.0
2022,12,53116,Global Dental Insurance A/S (under frivillig likvidation),Operating ratio,97.0
2022,12,53116,Global Dental Insurance A/S (under frivillig likvidation),Relativt afløbsresultat,4.0
2022,12,53118,"""danmark"" Erhverv, Skadesforsikringsaktieselskab",Bruttoerstatningsprocent (Loss ratio),102.6
2022,12,53118,"""danmark"" Erhverv, Skadesforsikringsaktieselskab",Bruttoomkostningsprocent (Expense ratio),20.9
2022,12,53118,"""danmark"" Erhverv, Skadesforsikringsaktieselskab",Combined ratio,123.4
2022,12,53118,"""danmark"" Erhverv, Skadesforsikringsaktieselskab",Egenkapitalforrentning i pct. (Return on equity),-26.0
2022,12,53118,"""danmark"" Erhverv, Skadesforsikringsaktieselskab",Operating ratio,123.3
2022,12,53118,"""danmark"" Erhverv, Skadesforsikringsaktieselskab",Relativt afløbsresultat,-0.8
2022,12,53119,Domus Forsikring A/S,Bruttoerstatningsprocent (Loss ratio),71.0
2022,12,53119,Domus Forsikring A/S,Bruttoomkostningsprocent (Expense ratio),25.0
2022,12,53119,Domus Forsikring A/S,Combined ratio,103.0
2022,12,53119,Domus Forsikring A/S,Egenkapitalforrentning i pct. (Return on equity),-48.0
2022,12,53119,Domus Forsikring A/S,Operating ratio,103.0
2022,12,53119,Domus Forsikring A/S,Relativt afløbsresultat,-13.0
2022,12,53120,Amorta Arbejdsskadesforsikringsselskab A/S,Egenkapitalforrentning i pct. (Return on equity),-2.8
2022,12,53120,Amorta Arbejdsskadesforsikringsselskab A/S,Relativt afløbsresultat,11.1
2022,12,53121,Forsikringsselskabet Dansk Sundhedssikring A/S,Bruttoerstatningsprocent (Loss ratio),61.0
2022,12,53121,Forsikringsselskabet Dansk Sundhedssikring A/S,Bruttoomkostningsprocent (Expense ratio),19.0
2022,12,53121,Forsikringsselskabet Dansk Sundhedssikring A/S,Combined ratio,79.0
2022,12,53121,Forsikringsselskabet Dansk Sundhedssikring A/S,Egenkapitalforrentning i pct. (Return on equity),31.0
2022,12,53121,Forsikringsselskabet Dansk Sundhedssikring A/S,Operating ratio,0.0
2022,12,53121,Forsikringsselskabet Dansk Sundhedssikring A/S,Relativt afløbsresultat,16.0
2022,12,53122,Codan Forsikring A/S,Bruttoerstatningsprocent (Loss ratio),69.9
2022,12,53122,Codan Forsikring A/S,Bruttoomkostningsprocent (Expense ratio),21.4
2022,12,53122,Codan Forsikring A/S,Combined ratio,97.4
2022,12,53122,Codan Forsikring A/S,Egenkapitalforrentning i pct. (Return on equity),-22.0
2022,12,53122,Codan Forsikring A/S,Operating ratio,97.4
2022,12,53122,Codan Forsikring A/S,Relativt afløbsresultat,1.2
2023,12,-8,Storstrøm Forsikring G/S,Bruttoerstatningsprocent (Loss ratio),94.0
2023,12,-8,Storstrøm Forsikring G/S,Bruttoomkostningsprocent (Expense ratio),24.0
2023,12,-8,Storstrøm Forsikring G/S,Combined ratio,118.0
2023,12,-8,Storstrøm Forsikring G/S,Egenkapitalforrentning i pct. (Return on equity),-31.0
2023,12,-8,Storstrøm Forsikring G/S,Operating ratio,116.0
2023,12,-8,Storstrøm Forsikring G/S,Relativt afløbsresultat,-15.0
2023,12,-5,Gjensidige Forsikring tidligere PenSam Forsikring A/S,Bruttoerstatningsprocent (Loss ratio),79.4
2023,12,-5,Gjensidige Forsikring tidligere PenSam Forsikring A/S,Bruttoomkostningsprocent (Expense ratio),29.5
2023,12,-5,Gjensidige Forsikring tidligere PenSam Forsikring A/S,Combined ratio,114.8
2023,12,-5,Gjensidige Forsikring tidligere PenSam Forsikring A/S,Egenkapitalforrentning i pct. (Return on equity),-39.5
2023,12,-5,Gjensidige Forsikring tidligere PenSam Forsikring A/S,Operating ratio,114.8
2023,12,-5,Gjensidige Forsikring tidligere PenSam Forsikring A/S,Relativt afløbsresultat,-23.4
2023,12,-4,Forsia Forsikring A/S,Bruttoerstatningsprocent (Loss ratio),79.8
2023,12,-4,Forsia Forsikring A/S,Bruttoomkostningsprocent (Expense ratio),26.0
2023,12,-4,Forsia Forsikring A/S,Combined ratio,109.2
2023,12,-4,Forsia Forsikring A/S,Egenkapitalforrentning i pct. (Return on equity),22.4
2023,12,-4,Forsia Forsikring A/S,Operating ratio,109.2
2023,12,-4,Forsia Forsikring A/S,Relativt afløbsresultat,-13.3
2023,12,-2,Dan Captive Insurance A/S,Bruttoerstatningsprocent (Loss ratio),-27.0
2023,12,-2,Dan Captive Insurance A/S,Bruttoomkostningsprocent (Expense ratio),14.0
2023,12,-2,Dan Captive Insurance A/S,Combined ratio,15.0
2023,12,-2,Dan Captive Insurance A/S,Egenkapitalforrentning i pct. (Return on equity),30.0
2023,12,-2,Dan Captive Insurance A/S,Operating ratio,14.0
2023,12,-2,Dan Captive Insurance A/S,Relativt afløbsresultat,13.0
2023,12,-1,Codan Forsikring A/S,Bruttoerstatningsprocent (Loss ratio),61.6
2023,12,-1,Codan Forsikring A/S,Bruttoomkostningsprocent (Expense ratio),17.9
2023,12,-1,Codan Forsikring A/S,Combined ratio,87.2
2023,12,-1,Codan Forsikring A/S,Egenkapitalforrentning i pct. (Return on equity),25.1
2023,12,-1,Codan Forsikring A/S,Operating ratio,87.2
2023,12,-1,Codan Forsikring A/S,Relativt afløbsresultat,3.1
2023,12,50018,ULYKKESFORSIKRINGSFORBUNDET FOR DANSK SØFART. GENSIDIGT FORBUND,Bruttoerstatningsprocent (Loss ratio),27.7
2023,12,50018,ULYKKESFORSIKRINGSFORBUNDET FOR DANSK SØFART. GENSIDIGT FORBUND,Bruttoomkostningsprocent (Expense ratio),17.1
2023,12,50018,ULYKKESFORSIKRINGSFORBUNDET FOR DANSK SØFART. GENSIDIGT FORBUND,Combined ratio,47.8
2023,12,50018,ULYKKESFORSIKRINGSFORBUNDET FOR DANSK SØFART. GENSIDIGT FORBUND,Egenkapitalforrentning i pct. (Return on equity),24.6
2023,12,50018,ULYKKESFORSIKRINGSFORBUNDET FOR DANSK SØFART. GENSIDIGT FORBUND,Operating ratio,47.8
2023,12,50018,ULYKKESFORSIKRINGSFORBUNDET FOR DANSK SØFART. GENSIDIGT FORBUND,Relativt afløbsresultat,5.8
2023,12,50099,Lokal Forsikring G/S,Bruttoerstatningsprocent (Loss ratio),67.3
2023,12,50099,Lokal Forsikring G/S,Bruttoomkostningsprocent (Expense ratio),27.7
2023,12,50099,Lokal Forsikring G/S,Combined ratio,104.7
2023,12,50099,Lokal Forsikring G/S,Egenkapitalforrentning i pct. (Return on equity),3.7
2023,12,50099,Lokal Forsikring G/S,Operating ratio,103.4
2023,12,50099,Lokal Forsikring G/S,Relativt afløbsresultat,8.5
2023,12,50102,VESTJYLLAND FORSIKRING GS.,Bruttoerstatningsprocent (Loss ratio),81.7
2023,12,50102,VESTJYLLAND FORSIKRING GS.,Bruttoomkostningsprocent (Expense ratio),18.6
2023,12,50102,VESTJYLLAND FORSIKRING GS.,Combined ratio,103.3
2023,12,50102,VESTJYLLAND FORSIKRING GS.,Egenkapitalforrentning i pct. (Return on equity),5.4
2023,12,50102,VESTJYLLAND FORSIKRING GS.,Operating ratio,101.8
2023,12,50102,VESTJYLLAND FORSIKRING GS.,Relativt afløbsresultat,-1.6
2023,12,50140,HF-Forsikring G/S,Bruttoerstatningsprocent (Loss ratio),60.1
2023,12,50140,HF-Forsikring G/S,Bruttoomkostningsprocent (Expense ratio),39.1
2023,12,50140,HF-Forsikring G/S,Combined ratio,109.3
2023,12,50140,HF-Forsikring G/S,Egenkapitalforrentning i pct. (Return on equity),3.1
2023,12,50140,HF-Forsikring G/S,Operating ratio,108.0
2023,12,50140,HF-Forsikring G/S,Relativt afløbsresultat,-2.1
2023,12,50149,Europæiske Rejseforsikring A/S,Bruttoerstatningsprocent (Loss ratio),46.87
2023,12,50149,Europæiske Rejseforsikring A/S,Bruttoomkostningsprocent (Expense ratio),55.17
2023,12,50149,Europæiske Rejseforsikring A/S,Combined ratio,102.04
2023,12,50149,Europæiske Rejseforsikring A/S,Egenkapitalforrentning i pct. (Return on equity),1.56
2023,12,50149,Europæiske Rejseforsikring A/S,Operating ratio,101.97
2023,12,50149,Europæiske Rejseforsikring A/S,Relativt afløbsresultat,11.37
2023,12,50192,Kongeriget Danmarks Hesteforsikring G/S,Bruttoerstatningsprocent (Loss ratio),89.0
2023,12,50192,Kongeriget Danmarks Hesteforsikring G/S,Bruttoomkostningsprocent (Expense ratio),49.0
2023,12,50192,Kongeriget Danmarks Hesteforsikring G/S,Combined ratio,138.0
2023,12,50192,Kongeriget Danmarks Hesteforsikring G/S,Egenkapitalforrentning i pct. (Return on equity),-5.0
2023,12,50192,Kongeriget Danmarks Hesteforsikring G/S,Operating ratio,138.0
2023,12,50192,Kongeriget Danmarks Hesteforsikring G/S,Relativt afløbsresultat,22.0
2023,12,50230,Forsikringsselskabet VEJLE BRAND af 1841 g/s,Bruttoerstatningsprocent (Loss ratio),64.65
2023,12,50230,Forsikringsselskabet VEJLE BRAND af 1841 g/s,Bruttoomkostningsprocent (Expense ratio),29.06
2023,12,50230,Forsikringsselskabet VEJLE BRAND af 1841 g/s,Combined ratio,100.26
2023,12,50230,Forsikringsselskabet VEJLE BRAND af 1841 g/s,Egenkapitalforrentning i pct. (Return on equity),5.12
2023,12,50230,Forsikringsselskabet VEJLE BRAND af 1841 g/s,Operating ratio,99.15
2023,12,50230,Forsikringsselskabet VEJLE BRAND af 1841 g/s,Relativt afløbsresultat,-1.4
2023,12,50234,Landinspektørernes gensidige Erhvervsansvarsforsikring,Bruttoerstatningsprocent (Loss ratio),51.9
2023,12,50234,Landinspektørernes gensidige Erhvervsansvarsforsikring,Bruttoomkostningsprocent (Expense ratio),27.3
2023,12,50234,Landinspektørernes gensidige Erhvervsansvarsforsikring,Combined ratio,89.3
2023,12,50234,Landinspektørernes gensidige Erhvervsansvarsforsikring,Egenkapitalforrentning i pct. (Return on equity),12.2
2023,12,50234,Landinspektørernes gensidige Erhvervsansvarsforsikring,Operating ratio,88.5
2023,12,50234,Landinspektørernes gensidige Erhvervsansvarsforsikring,Relativt afløbsresultat,4.7
2023,12,50253,Aros Forsikring - gensidigt forsikringsselskab,Bruttoerstatningsprocent (Loss ratio),77.0
2023,12,50253,Aros Forsikring - gensidigt forsikringsselskab,Bruttoomkostningsprocent (Expense ratio),22.0
2023,12,50253,Aros Forsikring - gensidigt forsikringsselskab,Combined ratio,101.7
2023,12,50253,Aros Forsikring - gensidigt forsikringsselskab,Egenkapitalforrentning i pct. (Return on equity),3.2
2023,12,50253,Aros Forsikring - gensidigt forsikringsselskab,Operating ratio,100.7
2023,12,50253,Aros Forsikring - gensidigt forsikringsselskab,Relativt afløbsresultat,3.1
2023,12,50295,GARTNERNES FORSIKRING GS. DANSK JORDBRUG,Bruttoerstatningsprocent (Loss ratio),64.0
2023,12,50295,GARTNERNES FORSIKRING GS. DANSK JORDBRUG,Bruttoomkostningsprocent (Expense ratio),10.0
2023,12,50295,GARTNERNES FORSIKRING GS. DANSK JORDBRUG,Combined ratio,103.0
2023,12,50295,GARTNERNES FORSIKRING GS. DANSK JORDBRUG,Egenkapitalforrentning i pct. (Return on equity),5.0
2023,12,50295,GARTNERNES FORSIKRING GS. DANSK JORDBRUG,Operating ratio,
2023,12,50295,GARTNERNES FORSIKRING GS. DANSK JORDBRUG,Relativt afløbsresultat,3.0
2023,12,50421,Det gensidige forsikringsselskab Dansk Plantageforsikring,Bruttoerstatningsprocent (Loss ratio),-1.12
2023,12,50421,Det gensidige forsikringsselskab Dansk Plantageforsikring,Bruttoomkostningsprocent (Expense ratio),78.39
2023,12,50421,Det gensidige forsikringsselskab Dansk Plantageforsikring,Combined ratio,77.27
2023,12,50421,Det gensidige forsikringsselskab Dansk Plantageforsikring,Egenkapitalforrentning i pct. (Return on equity),4.36
2023,12,50421,Det gensidige forsikringsselskab Dansk Plantageforsikring,Operating ratio,77.27
2023,12,50421,Det gensidige forsikringsselskab Dansk Plantageforsikring,Relativt afløbsresultat,47.72
2023,12,50479,Skibsforsikringen Frederikshavn G/F,Bruttoerstatningsprocent (Loss ratio),87.44
2023,12,50479,Skibsforsikringen Frederikshavn G/F,Bruttoomkostningsprocent (Expense ratio),22.24
2023,12,50479,Skibsforsikringen Frederikshavn G/F,Combined ratio,120.4
2023,12,50479,Skibsforsikringen Frederikshavn G/F,Egenkapitalforrentning i pct. (Return on equity),1.01
2023,12,50479,Skibsforsikringen Frederikshavn G/F,Operating ratio,120.4
2023,12,50479,Skibsforsikringen Frederikshavn G/F,Relativt afløbsresultat,5.35
2023,12,50568,Danske Privatbaners Forsikringsforening G/S,Bruttoerstatningsprocent (Loss ratio),4.73
2023,12,50568,Danske Privatbaners Forsikringsforening G/S,Bruttoomkostningsprocent (Expense ratio),1.65
2023,12,50568,Danske Privatbaners Forsikringsforening G/S,Combined ratio,43.94
2023,12,50568,Danske Privatbaners Forsikringsforening G/S,Egenkapitalforrentning i pct. (Return on equity),10.34
2023,12,50568,Danske Privatbaners Forsikringsforening G/S,Operating ratio,51.99
2023,12,50568,Danske Privatbaners Forsikringsforening G/S,Relativt afløbsresultat,4.99
2023,12,50635,Fiskernes Forsikring G/S,Bruttoerstatningsprocent (Loss ratio),36.67
2023,12,50635,Fiskernes Forsikring G/S,Bruttoomkostningsprocent (Expense ratio),30.6
2023,12,50635,Fiskernes Forsikring G/S,Combined ratio,74.77
2023,12,50635,Fiskernes Forsikring G/S,Egenkapitalforrentning i pct. (Return on equity),12.04
2023,12,50635,Fiskernes Forsikring G/S,Operating ratio,74.23
2023,12,50635,Fiskernes Forsikring G/S,Relativt afløbsresultat,5.74
2023,12,51519,Popermo Forsikring g/s,Bruttoerstatningsprocent (Loss ratio),94.9
2023,12,51519,Popermo Forsikring g/s,Bruttoomkostningsprocent (Expense ratio),13.9
2023,12,51519,Popermo Forsikring g/s,Combined ratio,112.7
2023,12,51519,Popermo Forsikring g/s,Egenkapitalforrentning i pct. (Return on equity),1.3
2023,12,51519,Popermo Forsikring g/s,Operating ratio,112.0
2023,12,51519,Popermo Forsikring g/s,Relativt afløbsresultat,5.4
2023,12,51571,Forsikringsselskabet HIMMERLAND G/S,Bruttoerstatningsprocent (Loss ratio),57.6
2023,12,51571,Forsikringsselskabet HIMMERLAND G/S,Bruttoomkostningsprocent (Expense ratio),23.5
2023,12,51571,Forsikringsselskabet HIMMERLAND G/S,Combined ratio,93.7
2023,12,51571,Forsikringsselskabet HIMMERLAND G/S,Egenkapitalforrentning i pct. (Return on equity),8.8
2023,12,51571,Forsikringsselskabet HIMMERLAND G/S,Operating ratio,92.9
2023,12,51571,Forsikringsselskabet HIMMERLAND G/S,Relativt afløbsresultat,1.2
2023,12,51619,GF Forsikring A/S,Bruttoerstatningsprocent (Loss ratio),71.5
2023,12,51619,GF Forsikring A/S,Bruttoomkostningsprocent (Expense ratio),23.6
2023,12,51619,GF Forsikring A/S,Combined ratio,96.3
2023,12,51619,GF Forsikring A/S,Egenkapitalforrentning i pct. (Return on equity),12.5
2023,12,51619,GF Forsikring A/S,Operating ratio,95.9
2023,12,51619,GF Forsikring A/S,Relativt afløbsresultat,9.7
2023,12,51706,"SYGEFORSIKRINGEN ""DANMARK"", GS",Bruttoerstatningsprocent (Loss ratio),105.4
2023,12,51706,"SYGEFORSIKRINGEN ""DANMARK"", GS",Bruttoomkostningsprocent (Expense ratio),3.5
2023,12,51706,"SYGEFORSIKRINGEN ""DANMARK"", GS",Combined ratio,108.9
2023,12,51706,"SYGEFORSIKRINGEN ""DANMARK"", GS",Egenkapitalforrentning i pct. (Return on equity),5.0
2023,12,51706,"SYGEFORSIKRINGEN ""DANMARK"", GS",Operating ratio,108.2
2023,12,51706,"SYGEFORSIKRINGEN ""DANMARK"", GS",Relativt afløbsresultat,-2.1
2023,12,51777,Thisted Forsikring A/S,Bruttoerstatningsprocent (Loss ratio),71.5
2023,12,51777,Thisted Forsikring A/S,Bruttoomkostningsprocent (Expense ratio),20.5
2023,12,51777,Thisted Forsikring A/S,Combined ratio,95.0
2023,12,51777,Thisted Forsikring A/S,Egenkapitalforrentning i pct. (Return on equity),9.9
2023,12,51777,Thisted Forsikring A/S,Operating ratio,93.7
2023,12,51777,Thisted Forsikring A/S,Relativt afløbsresultat,2.3
2023,12,51778,"Købstædernes Forsikring, gensidig",Bruttoerstatningsprocent (Loss ratio),76.9
2023,12,51778,"Købstædernes Forsikring, gensidig",Bruttoomkostningsprocent (Expense ratio),22.0
2023,12,51778,"Købstædernes Forsikring, gensidig",Combined ratio,103.1
2023,12,51778,"Købstædernes Forsikring, gensidig",Egenkapitalforrentning i pct. (Return on equity),3.8
2023,12,51778,"Købstædernes Forsikring, gensidig",Operating ratio,102.2
2023,12,51778,"Købstædernes Forsikring, gensidig",Relativt afløbsresultat,4.7
2023,12,51949,Forsikringsselskabet Nærsikring A/S,Bruttoerstatningsprocent (Loss ratio),88.8
2023,12,51949,Forsikringsselskabet Nærsikring A/S,Bruttoomkostningsprocent (Expense ratio),12.8
2023,12,51949,Forsikringsselskabet Nærsikring A/S,Combined ratio,102.6
2023,12,51949,Forsikringsselskabet Nærsikring A/S,Egenkapitalforrentning i pct. (Return on equity),8.7
2023,12,51949,Forsikringsselskabet Nærsikring A/S,Operating ratio,101.8
2023,12,51949,Forsikringsselskabet Nærsikring A/S,Relativt afløbsresultat,-6.2
2023,12,52009,Topdanmark Forsikring A/S,Bruttoerstatningsprocent (Loss ratio),68.4
2023,12,52009,Topdanmark Forsikring A/S,Bruttoomkostningsprocent (Expense ratio),17.2
2023,12,52009,Topdanmark Forsikring A/S,Combined ratio,88.0
2023,12,52009,Topdanmark Forsikring A/S,Egenkapitalforrentning i pct. (Return on equity),23.8
2023,12,52009,Topdanmark Forsikring A/S,Operating ratio,88.0
2023,12,52009,Topdanmark Forsikring A/S,Relativt afløbsresultat,-0.8
2023,12,53028,Bornholms Brandforsikring A/S,Bruttoerstatningsprocent (Loss ratio),66.0
2023,12,53028,Bornholms Brandforsikring A/S,Bruttoomkostningsprocent (Expense ratio),19.5
2023,12,53028,Bornholms Brandforsikring A/S,Combined ratio,90.8
2023,12,53028,Bornholms Brandforsikring A/S,Egenkapitalforrentning i pct. (Return on equity),15.1
2023,12,53028,Bornholms Brandforsikring A/S,Operating ratio,89.8
2023,12,53028,Bornholms Brandforsikring A/S,Relativt afløbsresultat,13.3
2023,12,53040,LB Forsikring A/S,Bruttoerstatningsprocent (Loss ratio),83.0
2023,12,53040,LB Forsikring A/S,Bruttoomkostningsprocent (Expense ratio),17.4
2023,12,53040,LB Forsikring A/S,Combined ratio,101.7
2023,12,53040,LB Forsikring A/S,Egenkapitalforrentning i pct. (Return on equity),6.3
2023,12,53040,LB Forsikring A/S,Operating ratio,99.8
2023,12,53040,LB Forsikring A/S,Relativt afløbsresultat,-2.8
2023,12,53055,Concordia Forsikring A/S,Bruttoerstatningsprocent (Loss ratio),63.0
2023,12,53055,Concordia Forsikring A/S,Bruttoomkostningsprocent (Expense ratio),15.4
2023,12,53055,Concordia Forsikring A/S,Combined ratio,90.8
2023,12,53055,Concordia Forsikring A/S,Egenkapitalforrentning i pct. (Return on equity),10.5
2023,12,53055,Concordia Forsikring A/S,Operating ratio,89.8
2023,12,53055,Concordia Forsikring A/S,Relativt afløbsresultat,-2.1
2023,12,53065,Borealis Insurance A/S (captive insurance company),Bruttoerstatningsprocent (Loss ratio),25.52
2023,12,53065,Borealis Insurance A/S (captive insurance company),Bruttoomkostningsprocent (Expense ratio),0.93
2023,12,53065,Borealis Insurance A/S (captive insurance company),Combined ratio,89.56
2023,12,53065,Borealis Insurance A/S (captive insurance company),Egenkapitalforrentning i pct. (Return on equity),8.24
2023,12,53065,Borealis Insurance A/S (captive insurance company),Operating ratio,89.6
2023,12,53065,Borealis Insurance A/S (captive insurance company),Relativt afløbsresultat,-4.86
2023,12,53070,Tryg Forsikring A/S,Bruttoerstatningsprocent (Loss ratio),67.4
2023,12,53070,Tryg Forsikring A/S,Bruttoomkostningsprocent (Expense ratio),16.3
2023,12,53070,Tryg Forsikring A/S,Combined ratio,85.8
2023,12,53070,Tryg Forsikring A/S,Egenkapitalforrentning i pct. (Return on equity),9.6
2023,12,53070,Tryg Forsikring A/S,Operating ratio,85.8
2023,12,53070,Tryg Forsikring A/S,Relativt afløbsresultat,3.0
2023,12,53074,Forsikringsselskabet PrivatSikring A/S,Bruttoerstatningsprocent (Loss ratio),63.3
2023,12,53074,Forsikringsselskabet PrivatSikring A/S,Bruttoomkostningsprocent (Expense ratio),28.9
2023,12,53074,Forsikringsselskabet PrivatSikring A/S,Combined ratio,94.0
2023,12,53074,Forsikringsselskabet PrivatSikring A/S,Egenkapitalforrentning i pct. (Return on equity),12.6
2023,12,53074,Forsikringsselskabet PrivatSikring A/S,Operating ratio,94.0
2023,12,53074,Forsikringsselskabet PrivatSikring A/S,Relativt afløbsresultat,2.1
2023,12,53086,Alm. Brand Forsikring A/S,Bruttoerstatningsprocent (Loss ratio),66.9
2023,12,53086,Alm. Brand Forsikring A/S,Bruttoomkostningsprocent (Expense ratio),17.3
2023,12,53086,Alm. Brand Forsikring A/S,Combined ratio,88.8
2023,12,53086,Alm. Brand Forsikring A/S,Egenkapitalforrentning i pct. (Return on equity),39.7
2023,12,53086,Alm. Brand Forsikring A/S,Operating ratio,88.8
2023,12,53086,Alm. Brand Forsikring A/S,Relativt afløbsresultat,0.9
2023,12,53087,Dansk Boligforsikring A/S,Bruttoerstatningsprocent (Loss ratio),75.3
2023,12,53087,Dansk Boligforsikring A/S,Bruttoomkostningsprocent (Expense ratio),19.7
2023,12,53087,Dansk Boligforsikring A/S,Combined ratio,95.6
2023,12,53087,Dansk Boligforsikring A/S,Egenkapitalforrentning i pct. (Return on equity),15.0
2023,12,53087,Dansk Boligforsikring A/S,Operating ratio,95.6
2023,12,53087,Dansk Boligforsikring A/S,Relativt afløbsresultat,4.4
2023,12,53095,Dansk Musiker Forbund Forsikring G/S,Bruttoerstatningsprocent (Loss ratio),46.8
2023,12,53095,Dansk Musiker Forbund Forsikring G/S,Bruttoomkostningsprocent (Expense ratio),49.3
2023,12,53095,Dansk Musiker Forbund Forsikring G/S,Combined ratio,98.8
2023,12,53095,Dansk Musiker Forbund Forsikring G/S,Egenkapitalforrentning i pct. (Return on equity),6.2
2023,12,53095,Dansk Musiker Forbund Forsikring G/S,Operating ratio,98.4
2023,12,53095,Dansk Musiker Forbund Forsikring G/S,Relativt afløbsresultat,18.3
2023,12,53099,MELES Insurance A/S (captive insurance company),Bruttoerstatningsprocent (Loss ratio),79.3
2023,12,53099,MELES Insurance A/S (captive insurance company),Bruttoomkostningsprocent (Expense ratio),9.8
2023,12,53099,MELES Insurance A/S (captive insurance company),Combined ratio,93.0
2023,12,53099,MELES Insurance A/S (captive insurance company),Egenkapitalforrentning i pct. (Return on equity),10.5
2023,12,53099,MELES Insurance A/S (captive insurance company),Operating ratio,93.1
2023,12,53099,MELES Insurance A/S (captive insurance company),Relativt afløbsresultat,14.5
2023,12,53100,Ørsted Insurance A/S,Bruttoerstatningsprocent (Loss ratio),58.4
2023,12,53100,Ørsted Insurance A/S,Bruttoomkostningsprocent (Expense ratio),2.2
2023,12,53100,Ørsted Insurance A/S,Combined ratio,69.3
2023,12,53100,Ørsted Insurance A/S,Egenkapitalforrentning i pct. (Return on equity),21.3
2023,12,53100,Ørsted Insurance A/S,Operating ratio,71.4
2023,12,53100,Ørsted Insurance A/S,Relativt afløbsresultat,5.3
2023,12,53103,ETU Forsikring A/S,Bruttoerstatningsprocent (Loss ratio),93.0
2023,12,53103,ETU Forsikring A/S,Bruttoomkostningsprocent (Expense ratio),27.0
2023,12,53103,ETU Forsikring A/S,Combined ratio,109.0
2023,12,53103,ETU Forsikring A/S,Egenkapitalforrentning i pct. (Return on equity),59.0
2023,12,53103,ETU Forsikring A/S,Operating ratio,109.0
2023,12,53103,ETU Forsikring A/S,Relativt afløbsresultat,-14.0
2023,12,53106,Forsikringsselskabet Vendsyssel A/S,Bruttoerstatningsprocent (Loss ratio),54.0
2023,12,53106,Forsikringsselskabet Vendsyssel A/S,Bruttoomkostningsprocent (Expense ratio),35.7
2023,12,53106,Forsikringsselskabet Vendsyssel A/S,Combined ratio,97.5
2023,12,53106,Forsikringsselskabet Vendsyssel A/S,Egenkapitalforrentning i pct. (Return on equity),3.5
2023,12,53106,Forsikringsselskabet Vendsyssel A/S,Operating ratio,96.8
2023,12,53106,Forsikringsselskabet Vendsyssel A/S,Relativt afløbsresultat,8.1
2023,12,53108,FF Forsikring A/S,Bruttoerstatningsprocent (Loss ratio),45.85
2023,12,53108,FF Forsikring A/S,Bruttoomkostningsprocent (Expense ratio),45.85
2023,12,53108,FF Forsikring A/S,Combined ratio,87.86
2023,12,53108,FF Forsikring A/S,Egenkapitalforrentning i pct. (Return on equity),11.43
2023,12,53108,FF Forsikring A/S,Operating ratio,87.86
2023,12,53108,FF Forsikring A/S,Relativt afløbsresultat,0.09
2023,12,53110,DSV Insurance A/S,Bruttoerstatningsprocent (Loss ratio),48.0
2023,12,53110,DSV Insurance A/S,Bruttoomkostningsprocent (Expense ratio),16.0
2023,12,53110,DSV Insurance A/S,Combined ratio,76.0
2023,12,53110,DSV Insurance A/S,Egenkapitalforrentning i pct. (Return on equity),43.0
2023,12,53110,DSV Insurance A/S,Operating ratio,76.0
2023,12,53110,DSV Insurance A/S,Relativt afløbsresultat,17.0
2023,12,53111,Fri Forsikring A/S,Bruttoerstatningsprocent (Loss ratio),70.2
2023,12,53111,Fri Forsikring A/S,Bruttoomkostningsprocent (Expense ratio),21.7
2023,12,53111,Fri Forsikring A/S,Combined ratio,93.5
2023,12,53111,Fri Forsikring A/S,Egenkapitalforrentning i pct. (Return on equity),8.0
2023,12,53111,Fri Forsikring A/S,Operating ratio,93.5
2023,12,53111,Fri Forsikring A/S,Relativt afløbsresultat,2.0
2023,12,53118,"""danmark"" Erhverv, Skadesforsikringsaktieselskab",Bruttoerstatningsprocent (Loss ratio),84.3
2023,12,53118,"""danmark"" Erhverv, Skadesforsikringsaktieselskab",Bruttoomkostningsprocent (Expense ratio),17.0
2023,12,53118,"""danmark"" Erhverv, Skadesforsikringsaktieselskab",Combined ratio,101.4
2023,12,53118,"""danmark"" Erhverv, Skadesforsikringsaktieselskab",Egenkapitalforrentning i pct. (Return on equity),9.5
2023,12,53118,"""danmark"" Erhverv, Skadesforsikringsaktieselskab",Operating ratio,101.0
2023,12,53118,"""danmark"" Erhverv, Skadesforsikringsaktieselskab",Relativt afløbsresultat,1.9
2023,12,53119,Domus Forsikring A/S,Bruttoerstatningsprocent (Loss ratio),71.0
2023,12,53119,Domus Forsikring A/S,Bruttoomkostningsprocent (Expense ratio),35.0
2023,12,53119,Domus Forsikring A/S,Combined ratio,115.0
2023,12,53119,Domus Forsikring A/S,Egenkapitalforrentning i pct. (Return on equity),
2023,12,53119,Domus Forsikring A/S,Operating ratio,115.0
2023,12,53119,Domus Forsikring A/S,Relativt afløbsresultat,
2023,12,53120,Amorta Arbejdsskadesforsikringsselskab A/S,Bruttoerstatningsprocent (Loss ratio),
2023,12,53120,Amorta Arbejdsskadesforsikringsselskab A/S,Bruttoomkostningsprocent (Expense ratio),
2023,12,53120,Amorta Arbejdsskadesforsikringsselskab A/S,Combined ratio,
2023,12,53120,Amorta Arbejdsskadesforsikringsselskab A/S,Egenkapitalforrentning i pct. (Return on equity),2.7
2023,12,53120,Amorta Arbejdsskadesforsikringsselskab A/S,Operating ratio,
2023,12,53120,Amorta Arbejdsskadesforsikringsselskab A/S,Relativt afløbsresultat,-3.0
2023,12,53121,Forsikringsselskabet Dansk Sundhedssikring A/S,Bruttoerstatningsprocent (Loss ratio),71.4
2023,12,53121,Forsikringsselskabet Dansk Sundhedssikring A/S,Bruttoomkostningsprocent (Expense ratio),16.2
2023,12,53121,Forsikringsselskabet Dansk Sundhedssikring A/S,Combined ratio,87.6
2023,12,53121,Forsikringsselskabet Dansk Sundhedssikring A/S,Egenkapitalforrentning i pct. (Return on equity),28.7
2023,12,53121,Forsikringsselskabet Dansk Sundhedssikring A/S,Operating ratio,0.0
2023,12,53121,Forsikringsselskabet Dansk Sundhedssikring A/S,Relativt afløbsresultat,0.9
2024,12,-8,Storstrøm Forsikring G/S,Bruttoerstatningsprocent (Loss ratio),74.0
2024,12,-8,Storstrøm Forsikring G/S,Bruttoomkostningsprocent (Expense ratio),29.0
2024,12,-8,Storstrøm Forsikring G/S,Combined ratio,111.0
2024,12,-8,Storstrøm Forsikring G/S,Egenkapitalforrentning i pct. (Return on equity),-6.0
2024,12,-8,Storstrøm Forsikring G/S,Operating ratio,109.0
2024,12,-8,Storstrøm Forsikring G/S,Relativt afløbsresultat,-2.0
2024,12,-6,HF Forsikring G/S,Bruttoerstatningsprocent (Loss ratio),59.3
2024,12,-6,HF Forsikring G/S,Bruttoomkostningsprocent (Expense ratio),37.7
2024,12,-6,HF Forsikring G/S,Combined ratio,106.7
2024,12,-6,HF Forsikring G/S,Egenkapitalforrentning i pct. (Return on equity),6.4
2024,12,-6,HF Forsikring G/S,Operating ratio,105.6
2024,12,-6,HF Forsikring G/S,Relativt afløbsresultat,0.0
2024,12,-4,Forsia Forsikring A/S,Bruttoerstatningsprocent (Loss ratio),69.7
2024,12,-4,Forsia Forsikring A/S,Bruttoomkostningsprocent (Expense ratio),25.6
2024,12,-4,Forsia Forsikring A/S,Combined ratio,98.7
2024,12,-4,Forsia Forsikring A/S,Egenkapitalforrentning i pct. (Return on equity),6.0
2024,12,-4,Forsia Forsikring A/S,Operating ratio,98.7
2024,12,-4,Forsia Forsikring A/S,Relativt afløbsresultat,8.5
2024,12,-3,ERGO Forsikring A/S,Bruttoerstatningsprocent (Loss ratio),44.66
2024,12,-3,ERGO Forsikring A/S,Bruttoomkostningsprocent (Expense ratio),64.52
2024,12,-3,ERGO Forsikring A/S,Combined ratio,110.47
2024,12,-3,ERGO Forsikring A/S,Egenkapitalforrentning i pct. (Return on equity),-6.07
2024,12,-3,ERGO Forsikring A/S,Operating ratio,108.72
2024,12,-3,ERGO Forsikring A/S,Relativt afløbsresultat,-6.54
2024,12,-2,Dan Captive Insurance A/S,Bruttoerstatningsprocent (Loss ratio),31.0
2024,12,-2,Dan Captive Insurance A/S,Bruttoomkostningsprocent (Expense ratio),8.0
2024,12,-2,Dan Captive Insurance A/S,Combined ratio,57.0
2024,12,-2,Dan Captive Insurance A/S,Egenkapitalforrentning i pct. (Return on equity),19.0
2024,12,-2,Dan Captive Insurance A/S,Operating ratio,56.0
2024,12,-2,Dan Captive Insurance A/S,Relativt afløbsresultat,-3.0
2024,12,50018,ULYKKESFORSIKRINGSFORBUNDET FOR DANSK SØFART. GENSIDIGT FORBUND,Bruttoerstatningsprocent (Loss ratio),47.3
2024,12,50018,ULYKKESFORSIKRINGSFORBUNDET FOR DANSK SØFART. GENSIDIGT FORBUND,Bruttoomkostningsprocent (Expense ratio),17.6
2024,12,50018,ULYKKESFORSIKRINGSFORBUNDET FOR DANSK SØFART. GENSIDIGT FORBUND,Combined ratio,67.7
2024,12,50018,ULYKKESFORSIKRINGSFORBUNDET FOR DANSK SØFART. GENSIDIGT FORBUND,Egenkapitalforrentning i pct. (Return on equity),19.6
2024,12,50018,ULYKKESFORSIKRINGSFORBUNDET FOR DANSK SØFART. GENSIDIGT FORBUND,Operating ratio,67.7
2024,12,50018,ULYKKESFORSIKRINGSFORBUNDET FOR DANSK SØFART. GENSIDIGT FORBUND,Relativt afløbsresultat,4.5
2024,12,50099,Lokal Forsikring G/S,Bruttoerstatningsprocent (Loss ratio),63.8
2024,12,50099,Lokal Forsikring G/S,Bruttoomkostningsprocent (Expense ratio),30.4
2024,12,50099,Lokal Forsikring G/S,Combined ratio,100.9
2024,12,50099,Lokal Forsikring G/S,Egenkapitalforrentning i pct. (Return on equity),9.5
2024,12,50099,Lokal Forsikring G/S,Operating ratio,99.9
2024,12,50099,Lokal Forsikring G/S,Relativt afløbsresultat,-15.5
2024,12,50102,VESTJYLLAND FORSIKRING GS.,Bruttoerstatningsprocent (Loss ratio),73.4
2024,12,50102,VESTJYLLAND FORSIKRING GS.,Bruttoomkostningsprocent (Expense ratio),18.8
2024,12,50102,VESTJYLLAND FORSIKRING GS.,Combined ratio,96.2
2024,12,50102,VESTJYLLAND FORSIKRING GS.,Egenkapitalforrentning i pct. (Return on equity),9.6
2024,12,50102,VESTJYLLAND FORSIKRING GS.,Operating ratio,95.2
2024,12,50102,VESTJYLLAND FORSIKRING GS.,Relativt afløbsresultat,7.8
2024,12,50192,Kongeriget Danmarks Hesteforsikring G/S,Bruttoerstatningsprocent (Loss ratio),81.0
2024,12,50192,Kongeriget Danmarks Hesteforsikring G/S,Bruttoomkostningsprocent (Expense ratio),40.0
2024,12,50192,Kongeriget Danmarks Hesteforsikring G/S,Combined ratio,121.0
2024,12,50192,Kongeriget Danmarks Hesteforsikring G/S,Egenkapitalforrentning i pct. (Return on equity),6.0
2024,12,50192,Kongeriget Danmarks Hesteforsikring G/S,Operating ratio,121.0
2024,12,50192,Kongeriget Danmarks Hesteforsikring G/S,Relativt afløbsresultat,-11.0
2024,12,50230,Forsikringsselskabet VEJLE BRAND af 1841 g/s,Bruttoerstatningsprocent (Loss ratio),62.64
2024,12,50230,Forsikringsselskabet VEJLE BRAND af 1841 g/s,Bruttoomkostningsprocent (Expense ratio),27.38
2024,12,50230,Forsikringsselskabet VEJLE BRAND af 1841 g/s,Combined ratio,96.4
2024,12,50230,Forsikringsselskabet VEJLE BRAND af 1841 g/s,Egenkapitalforrentning i pct. (Return on equity),8.06
2024,12,50230,Forsikringsselskabet VEJLE BRAND af 1841 g/s,Operating ratio,95.11
2024,12,50230,Forsikringsselskabet VEJLE BRAND af 1841 g/s,Relativt afløbsresultat,3.21
2024,12,50234,Landinspektørernes gensidige Erhvervsansvarsforsikring,Bruttoerstatningsprocent (Loss ratio),12.3
2024,12,50234,Landinspektørernes gensidige Erhvervsansvarsforsikring,Bruttoomkostningsprocent (Expense ratio),27.4
2024,12,50234,Landinspektørernes gensidige Erhvervsansvarsforsikring,Combined ratio,49.3
2024,12,50234,Landinspektørernes gensidige Erhvervsansvarsforsikring,Egenkapitalforrentning i pct. (Return on equity),15.8
2024,12,50234,Landinspektørernes gensidige Erhvervsansvarsforsikring,Operating ratio,43.2
2024,12,50234,Landinspektørernes gensidige Erhvervsansvarsforsikring,Relativt afløbsresultat,18.6
2024,12,50253,Aros Forsikring - gensidigt forsikringsselskab,Bruttoerstatningsprocent (Loss ratio),73.2
2024,12,50253,Aros Forsikring - gensidigt forsikringsselskab,Bruttoomkostningsprocent (Expense ratio),22.2
2024,12,50253,Aros Forsikring - gensidigt forsikringsselskab,Combined ratio,97.7
2024,12,50253,Aros Forsikring - gensidigt forsikringsselskab,Egenkapitalforrentning i pct. (Return on equity),5.6
2024,12,50253,Aros Forsikring - gensidigt forsikringsselskab,Operating ratio,96.9
2024,12,50253,Aros Forsikring - gensidigt forsikringsselskab,Relativt afløbsresultat,-3.9
2024,12,50295,GARTNERNES FORSIKRING GS. DANSK JORDBRUG,Bruttoerstatningsprocent (Loss ratio),59.0
2024,12,50295,GARTNERNES FORSIKRING GS. DANSK JORDBRUG,Bruttoomkostningsprocent (Expense ratio),26.0
2024,12,50295,GARTNERNES FORSIKRING GS. DANSK JORDBRUG,Combined ratio,95.0
2024,12,50295,GARTNERNES FORSIKRING GS. DANSK JORDBRUG,Egenkapitalforrentning i pct. (Return on equity),14.0
2024,12,50295,GARTNERNES FORSIKRING GS. DANSK JORDBRUG,Operating ratio,95.0
2024,12,50295,GARTNERNES FORSIKRING GS. DANSK JORDBRUG,Relativt afløbsresultat,6.0
2024,12,50421,Det gensidige forsikringsselskab Dansk Plantageforsikring,Bruttoerstatningsprocent (Loss ratio),0.09
2024,12,50421,Det gensidige forsikringsselskab Dansk Plantageforsikring,Bruttoomkostningsprocent (Expense ratio),84.33
2024,12,50421,Det gensidige forsikringsselskab Dansk Plantageforsikring,Combined ratio,84.42
2024,12,50421,Det gensidige forsikringsselskab Dansk Plantageforsikring,Egenkapitalforrentning i pct. (Return on equity),8.03
2024,12,50421,Det gensidige forsikringsselskab Dansk Plantageforsikring,Operating ratio,84.42
2024,12,50421,Det gensidige forsikringsselskab Dansk Plantageforsikring,Relativt afløbsresultat,0.0
2024,12,50479,Skibsforsikringen Frederikshavn G/F,Bruttoerstatningsprocent (Loss ratio),71.89
2024,12,50479,Skibsforsikringen Frederikshavn G/F,Bruttoomkostningsprocent (Expense ratio),23.68
2024,12,50479,Skibsforsikringen Frederikshavn G/F,Combined ratio,101.82
2024,12,50479,Skibsforsikringen Frederikshavn G/F,Egenkapitalforrentning i pct. (Return on equity),5.39
2024,12,50479,Skibsforsikringen Frederikshavn G/F,Operating ratio,101.81
2024,12,50479,Skibsforsikringen Frederikshavn G/F,Relativt afløbsresultat,5.07
2024,12,50568,Danske Privatbaners Forsikringsforening G/S,Bruttoerstatningsprocent (Loss ratio),25.57
2024,12,50568,Danske Privatbaners Forsikringsforening G/S,Bruttoomkostningsprocent (Expense ratio),2.14
2024,12,50568,Danske Privatbaners Forsikringsforening G/S,Combined ratio,110.29
2024,12,50568,Danske Privatbaners Forsikringsforening G/S,Egenkapitalforrentning i pct. (Return on equity),0.44
2024,12,50568,Danske Privatbaners Forsikringsforening G/S,Operating ratio,134.9
2024,12,50568,Danske Privatbaners Forsikringsforening G/S,Relativt afløbsresultat,-1.56
2024,12,50635,Fiskernes Forsikring G/S,Bruttoerstatningsprocent (Loss ratio),114.9
2024,12,50635,Fiskernes Forsikring G/S,Bruttoomkostningsprocent (Expense ratio),26.3
2024,12,50635,Fiskernes Forsikring G/S,Combined ratio,151.4
2024,12,50635,Fiskernes Forsikring G/S,Egenkapitalforrentning i pct. (Return on equity),-1.1
2024,12,50635,Fiskernes Forsikring G/S,Operating ratio,150.4
2024,12,50635,Fiskernes Forsikring G/S,Relativt afløbsresultat,-11.1
2024,12,51519,Popermo Forsikring g/s,Bruttoerstatningsprocent (Loss ratio),91.0
2024,12,51519,Popermo Forsikring g/s,Bruttoomkostningsprocent (Expense ratio),15.1
2024,12,51519,Popermo Forsikring g/s,Combined ratio,105.8
2024,12,51519,Popermo Forsikring g/s,Egenkapitalforrentning i pct. (Return on equity),1.9
2024,12,51519,Popermo Forsikring g/s,Operating ratio,109.1
2024,12,51519,Popermo Forsikring g/s,Relativt afløbsresultat,9.0
2024,12,51571,Forsikringsselskabet HIMMERLAND G/S,Bruttoerstatningsprocent (Loss ratio),68.5
2024,12,51571,Forsikringsselskabet HIMMERLAND G/S,Bruttoomkostningsprocent (Expense ratio),26.6
2024,12,51571,Forsikringsselskabet HIMMERLAND G/S,Combined ratio,104.3
2024,12,51571,Forsikringsselskabet HIMMERLAND G/S,Egenkapitalforrentning i pct. (Return on equity),7.6
2024,12,51571,Forsikringsselskabet HIMMERLAND G/S,Operating ratio,103.6
2024,12,51571,Forsikringsselskabet HIMMERLAND G/S,Relativt afløbsresultat,-3.3
2024,12,51619,GF Forsikring A/S,Bruttoerstatningsprocent (Loss ratio),70.0
2024,12,51619,GF Forsikring A/S,Bruttoomkostningsprocent (Expense ratio),22.6
2024,12,51619,GF Forsikring A/S,Combined ratio,94.9
2024,12,51619,GF Forsikring A/S,Egenkapitalforrentning i pct. (Return on equity),12.3
2024,12,51619,GF Forsikring A/S,Operating ratio,94.5
2024,12,51619,GF Forsikring A/S,Relativt afløbsresultat,5.5
2024,12,51706,"SYGEFORSIKRINGEN ""DANMARK"", GS",Bruttoerstatningsprocent (Loss ratio),98.4
2024,12,51706,"SYGEFORSIKRINGEN ""DANMARK"", GS",Bruttoomkostningsprocent (Expense ratio),3.5
2024,12,51706,"SYGEFORSIKRINGEN ""DANMARK"", GS",Combined ratio,101.9
2024,12,51706,"SYGEFORSIKRINGEN ""DANMARK"", GS",Egenkapitalforrentning i pct. (Return on equity),9.0
2024,12,51706,"SYGEFORSIKRINGEN ""DANMARK"", GS",Operating ratio,101.3
2024,12,51706,"SYGEFORSIKRINGEN ""DANMARK"", GS",Relativt afløbsresultat,-2.1
2024,12,51777,Thisted Forsikring A/S,Bruttoerstatningsprocent (Loss ratio),65.7
2024,12,51777,Thisted Forsikring A/S,Bruttoomkostningsprocent (Expense ratio),20.7
2024,12,51777,Thisted Forsikring A/S,Combined ratio,90.9
2024,12,51777,Thisted Forsikring A/S,Egenkapitalforrentning i pct. (Return on equity),9.4
2024,12,51777,Thisted Forsikring A/S,Operating ratio,89.8
2024,12,51777,Thisted Forsikring A/S,Relativt afløbsresultat,2.9
2024,12,51778,"Købstædernes Forsikring, gensidig",Bruttoerstatningsprocent (Loss ratio),73.3
2024,12,51778,"Købstædernes Forsikring, gensidig",Bruttoomkostningsprocent (Expense ratio),21.5
2024,12,51778,"Købstædernes Forsikring, gensidig",Combined ratio,100.9
2024,12,51778,"Købstædernes Forsikring, gensidig",Egenkapitalforrentning i pct. (Return on equity),9.6
2024,12,51778,"Købstædernes Forsikring, gensidig",Operating ratio,100.3
2024,12,51778,"Købstædernes Forsikring, gensidig",Relativt afløbsresultat,-5.3
2024,12,51949,Forsikringsselskabet Nærsikring A/S,Bruttoerstatningsprocent (Loss ratio),89.3
2024,12,51949,Forsikringsselskabet Nærsikring A/S,Bruttoomkostningsprocent (Expense ratio),14.4
2024,12,51949,Forsikringsselskabet Nærsikring A/S,Combined ratio,104.6
2024,12,51949,Forsikringsselskabet Nærsikring A/S,Egenkapitalforrentning i pct. (Return on equity),6.9
2024,12,51949,Forsikringsselskabet Nærsikring A/S,Operating ratio,104.0
2024,12,51949,Forsikringsselskabet Nærsikring A/S,Relativt afløbsresultat,-5.1
2024,12,52009,Topdanmark Forsikring A/S,Bruttoerstatningsprocent (Loss ratio),63.9
2024,12,52009,Topdanmark Forsikring A/S,Bruttoomkostningsprocent (Expense ratio),17.0
2024,12,52009,Topdanmark Forsikring A/S,Combined ratio,83.9
2024,12,52009,Topdanmark Forsikring A/S,Egenkapitalforrentning i pct. (Return on equity),21.4
2024,12,52009,Topdanmark Forsikring A/S,Operating ratio,83.9
2024,12,52009,Topdanmark Forsikring A/S,Relativt afløbsresultat,2.5
2024,12,53028,Bornholms Brandforsikring A/S,Bruttoerstatningsprocent (Loss ratio),63.9
2024,12,53028,Bornholms Brandforsikring A/S,Bruttoomkostningsprocent (Expense ratio),19.8
2024,12,53028,Bornholms Brandforsikring A/S,Combined ratio,91.1
2024,12,53028,Bornholms Brandforsikring A/S,Egenkapitalforrentning i pct. (Return on equity),14.4
2024,12,53028,Bornholms Brandforsikring A/S,Operating ratio,90.9
2024,12,53028,Bornholms Brandforsikring A/S,Relativt afløbsresultat,9.9
2024,12,53040,LB Forsikring A/S,Bruttoerstatningsprocent (Loss ratio),89.5
2024,12,53040,LB Forsikring A/S,Bruttoomkostningsprocent (Expense ratio),19.1
2024,12,53040,LB Forsikring A/S,Combined ratio,110.5
2024,12,53040,LB Forsikring A/S,Egenkapitalforrentning i pct. (Return on equity),2.2
2024,12,53040,LB Forsikring A/S,Operating ratio,108.6
2024,12,53040,LB Forsikring A/S,Relativt afløbsresultat,-6.8
2024,12,53055,Concordia Forsikring A/S,Bruttoerstatningsprocent (Loss ratio),66.3
2024,12,53055,Concordia Forsikring A/S,Bruttoomkostningsprocent (Expense ratio),16.5
2024,12,53055,Concordia Forsikring A/S,Combined ratio,89.7
2024,12,53055,Concordia Forsikring A/S,Egenkapitalforrentning i pct. (Return on equity),11.4
2024,12,53055,Concordia Forsikring A/S,Operating ratio,89.1
2024,12,53055,Concordia Forsikring A/S,Relativt afløbsresultat,3.5
2024,12,53065,Borealis Insurance A/S (captive insurance company),Bruttoerstatningsprocent (Loss ratio),0.66
2024,12,53065,Borealis Insurance A/S (captive insurance company),Bruttoomkostningsprocent (Expense ratio),1.12
2024,12,53065,Borealis Insurance A/S (captive insurance company),Combined ratio,85.99
2024,12,53065,Borealis Insurance A/S (captive insurance company),Egenkapitalforrentning i pct. (Return on equity),5.82
2024,12,53065,Borealis Insurance A/S (captive insurance company),Operating ratio,86.03
2024,12,53065,Borealis Insurance A/S (captive insurance company),Relativt afløbsresultat,-0.85
2024,12,53070,Tryg Forsikring A/S,Bruttoerstatningsprocent (Loss ratio),65.5
2024,12,53070,Tryg Forsikring A/S,Bruttoomkostningsprocent (Expense ratio),16.1
2024,12,53070,Tryg Forsikring A/S,Combined ratio,83.2
2024,12,53070,Tryg Forsikring A/S,Egenkapitalforrentning i pct. (Return on equity),12.4
2024,12,53070,Tryg Forsikring A/S,Operating ratio,83.2
2024,12,53070,Tryg Forsikring A/S,Relativt afløbsresultat,2.9
2024,12,53074,Forsikringsselskabet PrivatSikring A/S,Bruttoerstatningsprocent (Loss ratio),62.2
2024,12,53074,Forsikringsselskabet PrivatSikring A/S,Bruttoomkostningsprocent (Expense ratio),26.7
2024,12,53074,Forsikringsselskabet PrivatSikring A/S,Combined ratio,90.5
2024,12,53074,Forsikringsselskabet PrivatSikring A/S,Egenkapitalforrentning i pct. (Return on equity),27.7
2024,12,53074,Forsikringsselskabet PrivatSikring A/S,Operating ratio,90.5
2024,12,53074,Forsikringsselskabet PrivatSikring A/S,Relativt afløbsresultat,4.8
2024,12,53086,Alm. Brand Forsikring A/S,Bruttoerstatningsprocent (Loss ratio),64.4
2024,12,53086,Alm. Brand Forsikring A/S,Bruttoomkostningsprocent (Expense ratio),17.5
2024,12,53086,Alm. Brand Forsikring A/S,Combined ratio,86.5
2024,12,53086,Alm. Brand Forsikring A/S,Egenkapitalforrentning i pct. (Return on equity),42.7
2024,12,53086,Alm. Brand Forsikring A/S,Operating ratio,86.5
2024,12,53086,Alm. Brand Forsikring A/S,Relativt afløbsresultat,2.0
2024,12,53087,Dansk Boligforsikring A/S,Bruttoerstatningsprocent (Loss ratio),65.4
2024,12,53087,Dansk Boligforsikring A/S,Bruttoomkostningsprocent (Expense ratio),18.8
2024,12,53087,Dansk Boligforsikring A/S,Combined ratio,84.7
2024,12,53087,Dansk Boligforsikring A/S,Egenkapitalforrentning i pct. (Return on equity),22.6
2024,12,53087,Dansk Boligforsikring A/S,Operating ratio,84.7
2024,12,53087,Dansk Boligforsikring A/S,Relativt afløbsresultat,12.1
2024,12,53095,Dansk Musiker Forbund Forsikring G/S,Bruttoerstatningsprocent (Loss ratio),37.7
2024,12,53095,Dansk Musiker Forbund Forsikring G/S,Bruttoomkostningsprocent (Expense ratio),53.9
2024,12,53095,Dansk Musiker Forbund Forsikring G/S,Combined ratio,94.3
2024,12,53095,Dansk Musiker Forbund Forsikring G/S,Egenkapitalforrentning i pct. (Return on equity),8.7
2024,12,53095,Dansk Musiker Forbund Forsikring G/S,Operating ratio,94.1
2024,12,53095,Dansk Musiker Forbund Forsikring G/S,Relativt afløbsresultat,12.3
2024,12,53099,MELES Insurance A/S (captive insurance company),Bruttoerstatningsprocent (Loss ratio),85.1
2024,12,53099,MELES Insurance A/S (captive insurance company),Bruttoomkostningsprocent (Expense ratio),11.0
2024,12,53099,MELES Insurance A/S (captive insurance company),Combined ratio,100.1
2024,12,53099,MELES Insurance A/S (captive insurance company),Egenkapitalforrentning i pct. (Return on equity),5.3
2024,12,53099,MELES Insurance A/S (captive insurance company),Operating ratio,100.2
2024,12,53099,MELES Insurance A/S (captive insurance company),Relativt afløbsresultat,33.2
2024,12,53100,Ørsted Insurance A/S,Bruttoerstatningsprocent (Loss ratio),124.6
2024,12,53100,Ørsted Insurance A/S,Bruttoomkostningsprocent (Expense ratio),3.4
2024,12,53100,Ørsted Insurance A/S,Combined ratio,64.2
2024,12,53100,Ørsted Insurance A/S,Egenkapitalforrentning i pct. (Return on equity),25.3
2024,12,53100,Ørsted Insurance A/S,Operating ratio,64.0
2024,12,53100,Ørsted Insurance A/S,Relativt afløbsresultat,7.9
2024,12,53106,Forsikringsselskabet Vendsyssel A/S,Bruttoerstatningsprocent (Loss ratio),55.8
2024,12,53106,Forsikringsselskabet Vendsyssel A/S,Bruttoomkostningsprocent (Expense ratio),22.1
2024,12,53106,Forsikringsselskabet Vendsyssel A/S,Combined ratio,87.0
2024,12,53106,Forsikringsselskabet Vendsyssel A/S,Egenkapitalforrentning i pct. (Return on equity),8.2
2024,12,53106,Forsikringsselskabet Vendsyssel A/S,Operating ratio,86.4
2024,12,53106,Forsikringsselskabet Vendsyssel A/S,Relativt afløbsresultat,-2.1
2024,12,53108,FF Forsikring A/S,Bruttoerstatningsprocent (Loss ratio),42.26
2024,12,53108,FF Forsikring A/S,Bruttoomkostningsprocent (Expense ratio),46.02
2024,12,53108,FF Forsikring A/S,Combined ratio,88.28
2024,12,53108,FF Forsikring A/S,Egenkapitalforrentning i pct. (Return on equity),10.66
2024,12,53108,FF Forsikring A/S,Operating ratio,88.28
2024,12,53108,FF Forsikring A/S,Relativt afløbsresultat,0.09
2024,12,53110,DSV Insurance A/S,Bruttoerstatningsprocent (Loss ratio),27.0
2024,12,53110,DSV Insurance A/S,Bruttoomkostningsprocent (Expense ratio),9.0
2024,12,53110,DSV Insurance A/S,Combined ratio,72.0
2024,12,53110,DSV Insurance A/S,Egenkapitalforrentning i pct. (Return on equity),35.0
2024,12,53110,DSV Insurance A/S,Operating ratio,72.0
2024,12,53110,DSV Insurance A/S,Relativt afløbsresultat,17.0
2024,12,53111,Fri Forsikring A/S,Bruttoerstatningsprocent (Loss ratio),79.2
2024,12,53111,Fri Forsikring A/S,Bruttoomkostningsprocent (Expense ratio),23.9
2024,12,53111,Fri Forsikring A/S,Combined ratio,103.8
2024,12,53111,Fri Forsikring A/S,Egenkapitalforrentning i pct. (Return on equity),3.1
2024,12,53111,Fri Forsikring A/S,Operating ratio,103.8
2024,12,53111,Fri Forsikring A/S,Relativt afløbsresultat,-1.0
2024,12,53118,"""danmark"" Erhverv, Skadesforsikringsaktieselskab",Bruttoerstatningsprocent (Loss ratio),90.2
2024,12,53118,"""danmark"" Erhverv, Skadesforsikringsaktieselskab",Bruttoomkostningsprocent (Expense ratio),14.1
2024,12,53118,"""danmark"" Erhverv, Skadesforsikringsaktieselskab",Combined ratio,104.2
2024,12,53118,"""danmark"" Erhverv, Skadesforsikringsaktieselskab",Egenkapitalforrentning i pct. (Return on equity),7.6
2024,12,53118,"""danmark"" Erhverv, Skadesforsikringsaktieselskab",Operating ratio,104.0
2024,12,53118,"""danmark"" Erhverv, Skadesforsikringsaktieselskab",Relativt afløbsresultat,-0.1
2024,12,53119,Domus Forsikring A/S,Bruttoerstatningsprocent (Loss ratio),69.85
2024,12,53119,Domus Forsikring A/S,Bruttoomkostningsprocent (Expense ratio),49.23
2024,12,53119,Domus Forsikring A/S,Combined ratio,124.22
2024,12,53119,Domus Forsikring A/S,Egenkapitalforrentning i pct. (Return on equity),
2024,12,53119,Domus Forsikring A/S,Operating ratio,124.22
2024,12,53119,Domus Forsikring A/S,Relativt afløbsresultat,
2024,12,53120,Amorta Arbejdsskadesforsikringsselskab A/S,Bruttoerstatningsprocent (Loss ratio),
2024,12,53120,Amorta Arbejdsskadesforsikringsselskab A/S,Bruttoomkostningsprocent (Expense ratio),
2024,12,53120,Amorta Arbejdsskadesforsikringsselskab A/S,Combined ratio,
2024,12,53120,Amorta Arbejdsskadesforsikringsselskab A/S,Egenkapitalforrentning i pct. (Return on equity),13.1
2024,12,53120,Amorta Arbejdsskadesforsikringsselskab A/S,Operating ratio,
2024,12,53120,Amorta Arbejdsskadesforsikringsselskab A/S,Relativt afløbsresultat,5.7
2024,12,53121,Forsikringsselskabet Dansk Sundhedssikring A/S,Bruttoerstatningsprocent (Loss ratio),67.0
2024,12,53121,Forsikringsselskabet Dansk Sundhedssikring A/S,Bruttoomkostningsprocent (Expense ratio),18.0
2024,12,53121,Forsikringsselskabet Dansk Sundhedssikring A/S,Combined ratio,85.0
2024,12,53121,Forsikringsselskabet Dansk Sundhedssikring A/S,Egenkapitalforrentning i pct. (Return on equity),36.0
2024,12,53121,Forsikringsselskabet Dansk Sundhedssikring A/S,Operating ratio,0.0
2024,12,53121,Forsikringsselskabet Dansk Sundhedssikring A/S,Relativt afløbsresultat,0.0
2025,12,-8,Storstrøm Forsikring G/S,Bruttoerstatningsprocent (Loss ratio),63.0
2025,12,-8,Storstrøm Forsikring G/S,Bruttoomkostningsprocent (Expense ratio),24.0
2025,12,-8,Storstrøm Forsikring G/S,Combined ratio,95.0
2025,12,-8,Storstrøm Forsikring G/S,Egenkapitalforrentning i pct. (Return on equity),31.0
2025,12,-8,Storstrøm Forsikring G/S,Operating ratio,95.0
2025,12,-8,Storstrøm Forsikring G/S,Relativt afløbsresultat,8.0
2025,12,-7,Spira Forsikring GS,Bruttoerstatningsprocent (Loss ratio),70.0
2025,12,-7,Spira Forsikring GS,Bruttoomkostningsprocent (Expense ratio),27.0
2025,12,-7,Spira Forsikring GS,Combined ratio,107.0
2025,12,-7,Spira Forsikring GS,Egenkapitalforrentning i pct. (Return on equity),-3.0
2025,12,-7,Spira Forsikring GS,Operating ratio,107.0
2025,12,-7,Spira Forsikring GS,Relativt afløbsresultat,-5.0
2025,12,-6,HF Forsikring G/S,Bruttoerstatningsprocent (Loss ratio),57.4
2025,12,-6,HF Forsikring G/S,Bruttoomkostningsprocent (Expense ratio),37.0
2025,12,-6,HF Forsikring G/S,Combined ratio,97.7
2025,12,-6,HF Forsikring G/S,Egenkapitalforrentning i pct. (Return on equity),9.6
2025,12,-6,HF Forsikring G/S,Operating ratio,96.9
2025,12,-6,HF Forsikring G/S,Relativt afløbsresultat,2.9
2025,12,-4,Forsia Forsikring A/S,Bruttoerstatningsprocent (Loss ratio),69.6
2025,12,-4,Forsia Forsikring A/S,Bruttoomkostningsprocent (Expense ratio),24.5
2025,12,-4,Forsia Forsikring A/S,Combined ratio,98.2
2025,12,-4,Forsia Forsikring A/S,Egenkapitalforrentning i pct. (Return on equity),4.7
2025,12,-4,Forsia Forsikring A/S,Operating ratio,98.2
2025,12,-4,Forsia Forsikring A/S,Relativt afløbsresultat,1.9
2025,12,-3,ERGO Forsikring A/S,Bruttoerstatningsprocent (Loss ratio),60.8
2025,12,-3,ERGO Forsikring A/S,Bruttoomkostningsprocent (Expense ratio),37.19
2025,12,-3,ERGO Forsikring A/S,Combined ratio,98.43
2025,12,-3,ERGO Forsikring A/S,Egenkapitalforrentning i pct. (Return on equity),5.6
2025,12,-3,ERGO Forsikring A/S,Operating ratio,97.48
2025,12,-3,ERGO Forsikring A/S,Relativt afløbsresultat,18.65
2025,12,-2,Dan Captive Insurance A/S,Bruttoerstatningsprocent (Loss ratio),82.0
2025,12,-2,Dan Captive Insurance A/S,Bruttoomkostningsprocent (Expense ratio),11.0
2025,12,-2,Dan Captive Insurance A/S,Combined ratio,84.0
2025,12,-2,Dan Captive Insurance A/S,Egenkapitalforrentning i pct. (Return on equity),11.0
2025,12,-2,Dan Captive Insurance A/S,Operating ratio,80.0
2025,12,-2,Dan Captive Insurance A/S,Relativt afløbsresultat,-20.0
2025,12,50018,ULYKKESFORSIKRINGSFORBUNDET FOR DANSK SØFART. GENSIDIGT FORBUND,Bruttoerstatningsprocent (Loss ratio),61.0
2025,12,50018,ULYKKESFORSIKRINGSFORBUNDET FOR DANSK SØFART. GENSIDIGT FORBUND,Bruttoomkostningsprocent (Expense ratio),24.1
2025,12,50018,ULYKKESFORSIKRINGSFORBUNDET FOR DANSK SØFART. GENSIDIGT FORBUND,Combined ratio,88.4
2025,12,50018,ULYKKESFORSIKRINGSFORBUNDET FOR DANSK SØFART. GENSIDIGT FORBUND,Egenkapitalforrentning i pct. (Return on equity),9.4
2025,12,50018,ULYKKESFORSIKRINGSFORBUNDET FOR DANSK SØFART. GENSIDIGT FORBUND,Operating ratio,88.4
2025,12,50018,ULYKKESFORSIKRINGSFORBUNDET FOR DANSK SØFART. GENSIDIGT FORBUND,Relativt afløbsresultat,1.5
2025,12,50099,Lokal Forsikring G/S,Bruttoerstatningsprocent (Loss ratio),75.0
2025,12,50099,Lokal Forsikring G/S,Bruttoomkostningsprocent (Expense ratio),28.3
2025,12,50099,Lokal Forsikring G/S,Combined ratio,99.7
2025,12,50099,Lokal Forsikring G/S,Egenkapitalforrentning i pct. (Return on equity),6.2
2025,12,50099,Lokal Forsikring G/S,Operating ratio,99.1
2025,12,50099,Lokal Forsikring G/S,Relativt afløbsresultat,-19.2
2025,12,50102,VESTJYLLAND FORSIKRING GS.,Bruttoerstatningsprocent (Loss ratio),65.7
2025,12,50102,VESTJYLLAND FORSIKRING GS.,Bruttoomkostningsprocent (Expense ratio),19.0
2025,12,50102,VESTJYLLAND FORSIKRING GS.,Combined ratio,90.4
2025,12,50102,VESTJYLLAND FORSIKRING GS.,Egenkapitalforrentning i pct. (Return on equity),12.7
2025,12,50102,VESTJYLLAND FORSIKRING GS.,Operating ratio,89.5
2025,12,50102,VESTJYLLAND FORSIKRING GS.,Relativt afløbsresultat,2.2
2025,12,50192,Kongeriget Danmarks Hesteforsikring G/S,Bruttoerstatningsprocent (Loss ratio),67.0
2025,12,50192,Kongeriget Danmarks Hesteforsikring G/S,Bruttoomkostningsprocent (Expense ratio),32.0
2025,12,50192,Kongeriget Danmarks Hesteforsikring G/S,Combined ratio,98.0
2025,12,50192,Kongeriget Danmarks Hesteforsikring G/S,Egenkapitalforrentning i pct. (Return on equity),11.0
2025,12,50192,Kongeriget Danmarks Hesteforsikring G/S,Operating ratio,98.0
2025,12,50192,Kongeriget Danmarks Hesteforsikring G/S,Relativt afløbsresultat,35.0
2025,12,50230,Forsikringsselskabet VEJLE BRAND af 1841 g/s,Bruttoerstatningsprocent (Loss ratio),65.0
2025,12,50230,Forsikringsselskabet VEJLE BRAND af 1841 g/s,Bruttoomkostningsprocent (Expense ratio),27.72
2025,12,50230,Forsikringsselskabet VEJLE BRAND af 1841 g/s,Combined ratio,97.35
2025,12,50230,Forsikringsselskabet VEJLE BRAND af 1841 g/s,Egenkapitalforrentning i pct. (Return on equity),5.86
2025,12,50230,Forsikringsselskabet VEJLE BRAND af 1841 g/s,Operating ratio,96.5
2025,12,50230,Forsikringsselskabet VEJLE BRAND af 1841 g/s,Relativt afløbsresultat,-7.89
2025,12,50234,Landinspektørernes gensidige Erhvervsansvarsforsikring,Bruttoerstatningsprocent (Loss ratio),24.3
2025,12,50234,Landinspektørernes gensidige Erhvervsansvarsforsikring,Bruttoomkostningsprocent (Expense ratio),29.1
2025,12,50234,Landinspektørernes gensidige Erhvervsansvarsforsikring,Combined ratio,50.6
2025,12,50234,Landinspektørernes gensidige Erhvervsansvarsforsikring,Egenkapitalforrentning i pct. (Return on equity),14.0
2025,12,50234,Landinspektørernes gensidige Erhvervsansvarsforsikring,Operating ratio,50.4
2025,12,50234,Landinspektørernes gensidige Erhvervsansvarsforsikring,Relativt afløbsresultat,13.6
2025,12,50253,Aros Forsikring - gensidigt forsikringsselskab,Bruttoerstatningsprocent (Loss ratio),69.1
2025,12,50253,Aros Forsikring - gensidigt forsikringsselskab,Bruttoomkostningsprocent (Expense ratio),20.3
2025,12,50253,Aros Forsikring - gensidigt forsikringsselskab,Combined ratio,93.1
2025,12,50253,Aros Forsikring - gensidigt forsikringsselskab,Egenkapitalforrentning i pct. (Return on equity),11.7
2025,12,50253,Aros Forsikring - gensidigt forsikringsselskab,Operating ratio,92.7
2025,12,50253,Aros Forsikring - gensidigt forsikringsselskab,Relativt afløbsresultat,-3.0
2025,12,50421,Det gensidige forsikringsselskab Dansk Plantageforsikring,Bruttoerstatningsprocent (Loss ratio),11.0
2025,12,50421,Det gensidige forsikringsselskab Dansk Plantageforsikring,Bruttoomkostningsprocent (Expense ratio),86.35
2025,12,50421,Det gensidige forsikringsselskab Dansk Plantageforsikring,Combined ratio,97.06
2025,12,50421,Det gensidige forsikringsselskab Dansk Plantageforsikring,Egenkapitalforrentning i pct. (Return on equity),2.07
2025,12,50421,Det gensidige forsikringsselskab Dansk Plantageforsikring,Operating ratio,97.06
2025,12,50421,Det gensidige forsikringsselskab Dansk Plantageforsikring,Relativt afløbsresultat,0.0
2025,12,50479,Skibsforsikringen Frederikshavn G/F,Bruttoerstatningsprocent (Loss ratio),198.66
2025,12,50479,Skibsforsikringen Frederikshavn G/F,Bruttoomkostningsprocent (Expense ratio),25.17
2025,12,50479,Skibsforsikringen Frederikshavn G/F,Combined ratio,132.79
2025,12,50479,Skibsforsikringen Frederikshavn G/F,Egenkapitalforrentning i pct. (Return on equity),-5.46
2025,12,50479,Skibsforsikringen Frederikshavn G/F,Operating ratio,132.79
2025,12,50479,Skibsforsikringen Frederikshavn G/F,Relativt afløbsresultat,3.13
2025,12,50568,Danske Privatbaners Forsikringsforening G/S,Bruttoerstatningsprocent (Loss ratio),3.04
2025,12,50568,Danske Privatbaners Forsikringsforening G/S,Bruttoomkostningsprocent (Expense ratio),38.23
2025,12,50568,Danske Privatbaners Forsikringsforening G/S,Combined ratio,142.45
2025,12,50568,Danske Privatbaners Forsikringsforening G/S,Egenkapitalforrentning i pct. (Return on equity),0.0
2025,12,50568,Danske Privatbaners Forsikringsforening G/S,Operating ratio,141.02
2025,12,50568,Danske Privatbaners Forsikringsforening G/S,Relativt afløbsresultat,14.06
2025,12,50635,Fiskernes Forsikring G/S,Bruttoerstatningsprocent (Loss ratio),190.2
2025,12,50635,Fiskernes Forsikring G/S,Bruttoomkostningsprocent (Expense ratio),36.8
2025,12,50635,Fiskernes Forsikring G/S,Combined ratio,234.0
2025,12,50635,Fiskernes Forsikring G/S,Egenkapitalforrentning i pct. (Return on equity),-9.1
2025,12,50635,Fiskernes Forsikring G/S,Operating ratio,232.8
2025,12,50635,Fiskernes Forsikring G/S,Relativt afløbsresultat,-18.8
2025,12,51519,Popermo Forsikring g/s,Bruttoerstatningsprocent (Loss ratio),80.5
2025,12,51519,Popermo Forsikring g/s,Bruttoomkostningsprocent (Expense ratio),15.1
2025,12,51519,Popermo Forsikring g/s,Combined ratio,98.7
2025,12,51519,Popermo Forsikring g/s,Egenkapitalforrentning i pct. (Return on equity),8.8
2025,12,51519,Popermo Forsikring g/s,Operating ratio,97.2
2025,12,51519,Popermo Forsikring g/s,Relativt afløbsresultat,21.6
2025,12,51571,Forsikringsselskabet HIMMERLAND G/S,Bruttoerstatningsprocent (Loss ratio),70.1
2025,12,51571,Forsikringsselskabet HIMMERLAND G/S,Bruttoomkostningsprocent (Expense ratio),28.1
2025,12,51571,Forsikringsselskabet HIMMERLAND G/S,Combined ratio,105.6
2025,12,51571,Forsikringsselskabet HIMMERLAND G/S,Egenkapitalforrentning i pct. (Return on equity),4.5
2025,12,51571,Forsikringsselskabet HIMMERLAND G/S,Operating ratio,105.0
2025,12,51571,Forsikringsselskabet HIMMERLAND G/S,Relativt afløbsresultat,-7.8
2025,12,51619,GF Forsikring A/S,Bruttoerstatningsprocent (Loss ratio),68.9
2025,12,51619,GF Forsikring A/S,Bruttoomkostningsprocent (Expense ratio),23.3
2025,12,51619,GF Forsikring A/S,Combined ratio,95.0
2025,12,51619,GF Forsikring A/S,Egenkapitalforrentning i pct. (Return on equity),9.9
2025,12,51619,GF Forsikring A/S,Operating ratio,94.93
2025,12,51619,GF Forsikring A/S,Relativt afløbsresultat,7.9
2025,12,51706,"SYGEFORSIKRINGEN ""DANMARK"", GS",Bruttoerstatningsprocent (Loss ratio),98.5
2025,12,51706,"SYGEFORSIKRINGEN ""DANMARK"", GS",Bruttoomkostningsprocent (Expense ratio),3.5
2025,12,51706,"SYGEFORSIKRINGEN ""DANMARK"", GS",Combined ratio,101.9
2025,12,51706,"SYGEFORSIKRINGEN ""DANMARK"", GS",Egenkapitalforrentning i pct. (Return on equity),3.4
2025,12,51706,"SYGEFORSIKRINGEN ""DANMARK"", GS",Operating ratio,101.5
2025,12,51706,"SYGEFORSIKRINGEN ""DANMARK"", GS",Relativt afløbsresultat,-0.9
2025,12,51777,Thisted Forsikring A/S,Bruttoerstatningsprocent (Loss ratio),56.1
2025,12,51777,Thisted Forsikring A/S,Bruttoomkostningsprocent (Expense ratio),19.9
2025,12,51777,Thisted Forsikring A/S,Combined ratio,81.9
2025,12,51777,Thisted Forsikring A/S,Egenkapitalforrentning i pct. (Return on equity),17.6
2025,12,51777,Thisted Forsikring A/S,Operating ratio,81.2
2025,12,51777,Thisted Forsikring A/S,Relativt afløbsresultat,9.3
2025,12,51778,"Købstædernes Forsikring, gensidig",Bruttoerstatningsprocent (Loss ratio),78.1
2025,12,51778,"Købstædernes Forsikring, gensidig",Bruttoomkostningsprocent (Expense ratio),22.7
2025,12,51778,"Købstædernes Forsikring, gensidig",Combined ratio,105.7
2025,12,51778,"Købstædernes Forsikring, gensidig",Egenkapitalforrentning i pct. (Return on equity),9.3
2025,12,51778,"Købstædernes Forsikring, gensidig",Operating ratio,105.1
2025,12,51778,"Købstædernes Forsikring, gensidig",Relativt afløbsresultat,-17.5
2025,12,51949,Forsikringsselskabet Nærsikring A/S,Bruttoerstatningsprocent (Loss ratio),64.7
2025,12,51949,Forsikringsselskabet Nærsikring A/S,Bruttoomkostningsprocent (Expense ratio),17.8
2025,12,51949,Forsikringsselskabet Nærsikring A/S,Combined ratio,83.4
2025,12,51949,Forsikringsselskabet Nærsikring A/S,Egenkapitalforrentning i pct. (Return on equity),9.0
2025,12,51949,Forsikringsselskabet Nærsikring A/S,Operating ratio,82.8
2025,12,51949,Forsikringsselskabet Nærsikring A/S,Relativt afløbsresultat,1.3
2025,12,53028,Bornholms Brandforsikring A/S,Bruttoerstatningsprocent (Loss ratio),71.1
2025,12,53028,Bornholms Brandforsikring A/S,Bruttoomkostningsprocent (Expense ratio),18.4
2025,12,53028,Bornholms Brandforsikring A/S,Combined ratio,92.4
2025,12,53028,Bornholms Brandforsikring A/S,Egenkapitalforrentning i pct. (Return on equity),7.9
2025,12,53028,Bornholms Brandforsikring A/S,Operating ratio,92.5
2025,12,53028,Bornholms Brandforsikring A/S,Relativt afløbsresultat,0.4
2025,12,53040,LB Forsikring A/S,Bruttoerstatningsprocent (Loss ratio),76.2
2025,12,53040,LB Forsikring A/S,Bruttoomkostningsprocent (Expense ratio),17.4
2025,12,53040,LB Forsikring A/S,Combined ratio,95.3
2025,12,53040,LB Forsikring A/S,Egenkapitalforrentning i pct. (Return on equity),12.7
2025,12,53040,LB Forsikring A/S,Operating ratio,94.3
2025,12,53040,LB Forsikring A/S,Relativt afløbsresultat,4.9
2025,12,53055,Concordia Forsikring A/S,Bruttoerstatningsprocent (Loss ratio),68.8
2025,12,53055,Concordia Forsikring A/S,Bruttoomkostningsprocent (Expense ratio),17.1
2025,12,53055,Concordia Forsikring A/S,Combined ratio,92.6
2025,12,53055,Concordia Forsikring A/S,Egenkapitalforrentning i pct. (Return on equity),6.7
2025,12,53055,Concordia Forsikring A/S,Operating ratio,92.0
2025,12,53055,Concordia Forsikring A/S,Relativt afløbsresultat,-5.3
2025,12,53065,Borealis Insurance A/S (captive insurance company),Bruttoerstatningsprocent (Loss ratio),-8.18
2025,12,53065,Borealis Insurance A/S (captive insurance company),Bruttoomkostningsprocent (Expense ratio),1.0
2025,12,53065,Borealis Insurance A/S (captive insurance company),Combined ratio,76.71
2025,12,53065,Borealis Insurance A/S (captive insurance company),Egenkapitalforrentning i pct. (Return on equity),7.55
2025,12,53065,Borealis Insurance A/S (captive insurance company),Operating ratio,76.74
2025,12,53065,Borealis Insurance A/S (captive insurance company),Relativt afløbsresultat,12.41
2025,12,53070,Tryg Forsikring A/S,Bruttoerstatningsprocent (Loss ratio),63.7
2025,12,53070,Tryg Forsikring A/S,Bruttoomkostningsprocent (Expense ratio),16.0
2025,12,53070,Tryg Forsikring A/S,Combined ratio,81.8
2025,12,53070,Tryg Forsikring A/S,Egenkapitalforrentning i pct. (Return on equity),14.1
2025,12,53070,Tryg Forsikring A/S,Operating ratio,81.8
2025,12,53070,Tryg Forsikring A/S,Relativt afløbsresultat,2.4
2025,12,53074,Forsikringsselskabet PrivatSikring A/S,Bruttoerstatningsprocent (Loss ratio),58.6
2025,12,53074,Forsikringsselskabet PrivatSikring A/S,Bruttoomkostningsprocent (Expense ratio),25.7
2025,12,53074,Forsikringsselskabet PrivatSikring A/S,Combined ratio,85.8
2025,12,53074,Forsikringsselskabet PrivatSikring A/S,Egenkapitalforrentning i pct. (Return on equity),38.1
2025,12,53074,Forsikringsselskabet PrivatSikring A/S,Operating ratio,85.8
2025,12,53074,Forsikringsselskabet PrivatSikring A/S,Relativt afløbsresultat,2.6
2025,12,53086,Alm. Brand Forsikring A/S,Bruttoerstatningsprocent (Loss ratio),66.9
2025,12,53086,Alm. Brand Forsikring A/S,Bruttoomkostningsprocent (Expense ratio),16.6
2025,12,53086,Alm. Brand Forsikring A/S,Combined ratio,84.9
2025,12,53086,Alm. Brand Forsikring A/S,Egenkapitalforrentning i pct. (Return on equity),74.7
2025,12,53086,Alm. Brand Forsikring A/S,Operating ratio,84.9
2025,12,53086,Alm. Brand Forsikring A/S,Relativt afløbsresultat,0.8
2025,12,53087,Dansk Boligforsikring A/S,Bruttoerstatningsprocent (Loss ratio),64.2
2025,12,53087,Dansk Boligforsikring A/S,Bruttoomkostningsprocent (Expense ratio),16.4
2025,12,53087,Dansk Boligforsikring A/S,Combined ratio,80.6
2025,12,53087,Dansk Boligforsikring A/S,Egenkapitalforrentning i pct. (Return on equity),29.6
2025,12,53087,Dansk Boligforsikring A/S,Operating ratio,80.6
2025,12,53087,Dansk Boligforsikring A/S,Relativt afløbsresultat,4.0
2025,12,53095,Dansk Musiker Forbund Forsikring G/S,Bruttoerstatningsprocent (Loss ratio),41.1
2025,12,53095,Dansk Musiker Forbund Forsikring G/S,Bruttoomkostningsprocent (Expense ratio),53.3
2025,12,53095,Dansk Musiker Forbund Forsikring G/S,Combined ratio,97.1
2025,12,53095,Dansk Musiker Forbund Forsikring G/S,Egenkapitalforrentning i pct. (Return on equity),2.7
2025,12,53095,Dansk Musiker Forbund Forsikring G/S,Operating ratio,96.9
2025,12,53095,Dansk Musiker Forbund Forsikring G/S,Relativt afløbsresultat,15.9
2025,12,53099,MELES Insurance A/S (captive insurance company),Bruttoerstatningsprocent (Loss ratio),77.9
2025,12,53099,MELES Insurance A/S (captive insurance company),Bruttoomkostningsprocent (Expense ratio),12.1
2025,12,53099,MELES Insurance A/S (captive insurance company),Combined ratio,97.3
2025,12,53099,MELES Insurance A/S (captive insurance company),Egenkapitalforrentning i pct. (Return on equity),4.7
2025,12,53099,MELES Insurance A/S (captive insurance company),Operating ratio,97.4
2025,12,53099,MELES Insurance A/S (captive insurance company),Relativt afløbsresultat,15.3
2025,12,53100,Ørsted Insurance A/S,Bruttoerstatningsprocent (Loss ratio),25.5
2025,12,53100,Ørsted Insurance A/S,Bruttoomkostningsprocent (Expense ratio),2.6
2025,12,53100,Ørsted Insurance A/S,Combined ratio,65.4
2025,12,53100,Ørsted Insurance A/S,Egenkapitalforrentning i pct. (Return on equity),21.9
2025,12,53100,Ørsted Insurance A/S,Operating ratio,65.5
2025,12,53100,Ørsted Insurance A/S,Relativt afløbsresultat,3.9
2025,12,53103,ETU Forsikring A/S,Bruttoerstatningsprocent (Loss ratio),236.0
2025,12,53103,ETU Forsikring A/S,Bruttoomkostningsprocent (Expense ratio),75.7
2025,12,53103,ETU Forsikring A/S,Combined ratio,98.5
2025,12,53103,ETU Forsikring A/S,Egenkapitalforrentning i pct. (Return on equity),-6.0
2025,12,53103,ETU Forsikring A/S,Operating ratio,98.5
2025,12,53103,ETU Forsikring A/S,Relativt afløbsresultat,
2025,12,53106,Forsikringsselskabet Vendsyssel A/S,Bruttoerstatningsprocent (Loss ratio),52.8
2025,12,53106,Forsikringsselskabet Vendsyssel A/S,Bruttoomkostningsprocent (Expense ratio),26.8
2025,12,53106,Forsikringsselskabet Vendsyssel A/S,Combined ratio,87.1
2025,12,53106,Forsikringsselskabet Vendsyssel A/S,Egenkapitalforrentning i pct. (Return on equity),8.1
2025,12,53106,Forsikringsselskabet Vendsyssel A/S,Operating ratio,86.8
2025,12,53106,Forsikringsselskabet Vendsyssel A/S,Relativt afløbsresultat,11.5
2025,12,53108,FF Forsikring A/S,Bruttoerstatningsprocent (Loss ratio),41.11
2025,12,53108,FF Forsikring A/S,Bruttoomkostningsprocent (Expense ratio),55.07
2025,12,53108,FF Forsikring A/S,Combined ratio,96.19
2025,12,53108,FF Forsikring A/S,Egenkapitalforrentning i pct. (Return on equity),3.55
2025,12,53108,FF Forsikring A/S,Operating ratio,96.19
2025,12,53108,FF Forsikring A/S,Relativt afløbsresultat,0.05
2025,12,53110,DSV Insurance A/S,Bruttoerstatningsprocent (Loss ratio),23.37
2025,12,53110,DSV Insurance A/S,Bruttoomkostningsprocent (Expense ratio),9.26
2025,12,53110,DSV Insurance A/S,Combined ratio,62.78
2025,12,53110,DSV Insurance A/S,Egenkapitalforrentning i pct. (Return on equity),35.42
2025,12,53110,DSV Insurance A/S,Operating ratio,62.78
2025,12,53110,DSV Insurance A/S,Relativt afløbsresultat,21.04
2025,12,53111,Fri Forsikring A/S,Bruttoerstatningsprocent (Loss ratio),82.9
2025,12,53111,Fri Forsikring A/S,Bruttoomkostningsprocent (Expense ratio),23.9
2025,12,53111,Fri Forsikring A/S,Combined ratio,106.9
2025,12,53111,Fri Forsikring A/S,Egenkapitalforrentning i pct. (Return on equity),-5.0
2025,12,53111,Fri Forsikring A/S,Operating ratio,106.9
2025,12,53111,Fri Forsikring A/S,Relativt afløbsresultat,10.9
2025,12,53118,"""danmark"" Erhverv, Skadesforsikringsaktieselskab",Bruttoerstatningsprocent (Loss ratio),92.0
2025,12,53118,"""danmark"" Erhverv, Skadesforsikringsaktieselskab",Bruttoomkostningsprocent (Expense ratio),12.4
2025,12,53118,"""danmark"" Erhverv, Skadesforsikringsaktieselskab",Combined ratio,104.4
2025,12,53118,"""danmark"" Erhverv, Skadesforsikringsaktieselskab",Egenkapitalforrentning i pct. (Return on equity),1.0
2025,12,53118,"""danmark"" Erhverv, Skadesforsikringsaktieselskab",Operating ratio,104.2
2025,12,53118,"""danmark"" Erhverv, Skadesforsikringsaktieselskab",Relativt afløbsresultat,1.0
2025,12,53119,Domus Forsikring A/S,Bruttoerstatningsprocent (Loss ratio),44.67
2025,12,53119,Domus Forsikring A/S,Bruttoomkostningsprocent (Expense ratio),49.2
2025,12,53119,Domus Forsikring A/S,Combined ratio,95.82
2025,12,53119,Domus Forsikring A/S,Egenkapitalforrentning i pct. (Return on equity),
2025,12,53119,Domus Forsikring A/S,Operating ratio,95.82
2025,12,53119,Domus Forsikring A/S,Relativt afløbsresultat,
2025,12,53120,Amorta Arbejdsskadesforsikringsselskab A/S,Bruttoerstatningsprocent (Loss ratio),
2025,12,53120,Amorta Arbejdsskadesforsikringsselskab A/S,Bruttoomkostningsprocent (Expense ratio),
2025,12,53120,Amorta Arbejdsskadesforsikringsselskab A/S,Combined ratio,
2025,12,53120,Amorta Arbejdsskadesforsikringsselskab A/S,Egenkapitalforrentning i pct. (Return on equity),11.0
2025,12,53120,Amorta Arbejdsskadesforsikringsselskab A/S,Operating ratio,
2025,12,53120,Amorta Arbejdsskadesforsikringsselskab A/S,Relativt afløbsresultat,3.3
2025,12,53121,Forsikringsselskabet Dansk Sundhedssikring A/S,Bruttoerstatningsprocent (Loss ratio),62.3
2025,12,53121,Forsikringsselskabet Dansk Sundhedssikring A/S,Bruttoomkostningsprocent (Expense ratio),18.8
2025,12,53121,Forsikringsselskabet Dansk Sundhedssikring A/S,Combined ratio,81.1
2025,12,53121,Forsikringsselskabet Dansk Sundhedssikring A/S,Egenkapitalforrentning i pct. (Return on equity),37.1
2025,12,53121,Forsikringsselskabet Dansk Sundhedssikring A/S,Operating ratio,0.0
2025,12,53121,Forsikringsselskabet Dansk Sundhedssikring A/S,Relativt afløbsresultat,10.3
